component,source_file,function,ghidra_address,target_module,port_status,parity_evidence,notes
cgame,cgame_bg.c,BG_StringHashValue,,,untriaged,,
cgame,cgame_bg.c,BG_StringHashValue_Lwr,,,untriaged,,
cgame,cgame_bg.c,BG_AnimParseError,,,untriaged,,
cgame,cgame_bg.c,BG_ParseCommands_isra_0,,,untriaged,,
cgame,cgame_bg.c,BG_IndexForString_constprop_4,,,untriaged,,
cgame,cgame_bg.c,BG_AnimationForString,,,untriaged,,
cgame,cgame_bg.c,BG_IndexForString,,,untriaged,,
cgame,cgame_bg.c,BG_CopyStringIntoBuffer,,,untriaged,,
cgame,cgame_bg.c,BG_InitWeaponStrings,,,untriaged,,
cgame,cgame_bg.c,BG_ParseConditionBits,,,untriaged,,
cgame,cgame_bg.c,BG_ParseConditions,,,untriaged,,
cgame,cgame_bg.c,BG_AnimParseAnimScript,,,untriaged,,
cgame,cgame_bg.c,BG_EvaluateConditions,,,untriaged,,
cgame,cgame_bg.c,BG_FirstValidItem,,,untriaged,,
cgame,cgame_bg.c,BG_PlayAnim,,,untriaged,,
cgame,cgame_bg.c,BG_PlayAnimName,,,untriaged,,
cgame,cgame_bg.c,BG_ExecuteCommand,,,untriaged,,
cgame,cgame_bg.c,BG_AnimScriptAnimation,,,untriaged,,
cgame,cgame_bg.c,BG_AnimScriptCannedAnimation,,,untriaged,,
cgame,cgame_bg.c,BG_AnimScriptEvent,,,untriaged,,
cgame,cgame_bg.c,BG_GetAnimString,,,untriaged,,
cgame,cgame_bg.c,BG_UpdateConditionValue,,,untriaged,,
cgame,cgame_bg.c,BG_GetConditionValue,,,untriaged,,
cgame,cgame_bg.c,BG_GetConditionBitFlag,,,untriaged,,
cgame,cgame_bg.c,BG_SetConditionBitFlag,,,untriaged,,
cgame,cgame_bg.c,BG_ClearConditionBitFlag,,,untriaged,,
cgame,cgame_bg.c,BG_GetAnimScriptAnimation,,,untriaged,,
cgame,cgame_bg.c,BG_GetAnimationForIndex,,,untriaged,,
cgame,cgame_bg.c,BG_AnimUpdatePlayerStateConditions,,,untriaged,,
cgame,cgame_bg.c,BG_RAG_ParseError,,,untriaged,,
cgame,cgame_bg.c,BG_ClearAnimationPool,,,untriaged,,
cgame,cgame_bg.c,BG_R_RegisterAnimationGroup,,,untriaged,,
cgame,cgame_bg.c,BG_LoadCampaignSave,,,untriaged,,
cgame,cgame_bg.c,BG_StoreCampaignSave,,,untriaged,,
cgame,cgame_bg.c,BG_PCF_ParseError,,,untriaged,,
cgame,cgame_bg.c,BG_ParseCharacterFile,,,untriaged,,
cgame,cgame_bg.c,BG_GetCharacter,,,untriaged,,
cgame,cgame_bg.c,BG_GetCharacterForPlayerstate,,,untriaged,,
cgame,cgame_bg.c,BG_ClearCharacterPool,,,untriaged,,
cgame,cgame_bg.c,BG_FindFreeCharacter,,,untriaged,,
cgame,cgame_bg.c,BG_FindCharacter,,,untriaged,,
cgame,cgame_bg.c,BG_GetFromTable,,,untriaged,,
cgame,cgame_bg.c,BG_FindItemForWeapon,,,untriaged,,
cgame,cgame_bg.c,BG_FindClipForWeapon,,,untriaged,,
cgame,cgame_bg.c,BG_FindAmmoForWeapon,,,untriaged,,
cgame,cgame_bg.c,BG_AkimboFireSequence,,,untriaged,,
cgame,cgame_bg.c,BG_IsAkimboWeapon,,,untriaged,,
cgame,cgame_bg.c,BG_IsAkimboSideArm,,,untriaged,,
cgame,cgame_bg.c,BG_AkimboSidearm,,,untriaged,,
cgame,cgame_bg.c,BG_FindItem,,,untriaged,,
cgame,cgame_bg.c,BG_FindItemForClassName,,,untriaged,,
cgame,cgame_bg.c,BG_WeaponInWolfMP,,,untriaged,,
cgame,cgame_bg.c,BG_GrenadesForClass,,,untriaged,,
cgame,cgame_bg.c,BG_GrenadeTypeForTeam,,,untriaged,,
cgame,cgame_bg.c,BG_CalculateSpline_r,,,untriaged,,
cgame,cgame_bg.c,BG_PlayerTouchesItem,,,untriaged,,
cgame,cgame_bg.c,BG_TraverseSpline,,,untriaged,,
cgame,cgame_bg.c,BG_RaySphereIntersection,,,untriaged,,
cgame,cgame_bg.c,BG_LinearPathOrigin2,,,untriaged,,
cgame,cgame_bg.c,BG_ComputeSegments,,,untriaged,,
cgame,cgame_bg.c,BG_EvaluateTrajectory,,,untriaged,,
cgame,cgame_bg.c,BG_EvaluateTrajectoryDelta,,,untriaged,,
cgame,cgame_bg.c,BG_GetMarkDir,,,untriaged,,
cgame,cgame_bg.c,BG_AddPredictableEventToPlayerstate,,,untriaged,,
cgame,cgame_bg.c,BG_GetPrimaryWeaponForPlayerState,,,untriaged,,
cgame,cgame_bg.c,BG_PlayerStateToEntityState,,,untriaged,,
cgame,cgame_bg.c,BG_DuplicateWeapon,,,untriaged,,
cgame,cgame_bg.c,BG_ValidStatWeapon,,,untriaged,,
cgame,cgame_bg.c,BG_WeaponForMOD,,,untriaged,,
cgame,cgame_bg.c,BG_Find_PathCorner,,,untriaged,,
cgame,cgame_bg.c,BG_AddPathCorner,,,untriaged,,
cgame,cgame_bg.c,BG_Find_Spline,,,untriaged,,
cgame,cgame_bg.c,BG_AddSplinePath,,,untriaged,,
cgame,cgame_bg.c,BG_AddSplineControl,,,untriaged,,
cgame,cgame_bg.c,BG_SplineLength,,,untriaged,,
cgame,cgame_bg.c,BG_BuildSplinePaths,,,untriaged,,
cgame,cgame_bg.c,BG_GetSplineData,,,untriaged,,
cgame,cgame_bg.c,BG_MaxAmmoForWeapon,,,untriaged,,
cgame,cgame_bg.c,BG_AddMagicAmmo,,,untriaged,,
cgame,cgame_bg.c,BG_CanItemBeGrabbed,,,untriaged,,
cgame,cgame_bg.c,BG_CreateRotationMatrix,,,untriaged,,
cgame,cgame_bg.c,BG_TransposeMatrix,,,untriaged,,
cgame,cgame_bg.c,BG_RotatePoint,,,untriaged,,
cgame,cgame_bg.c,PC_SourceWarning,,,untriaged,,
cgame,cgame_bg.c,PC_SourceError,,,untriaged,,
cgame,cgame_bg.c,PC_Float_Parse,,,untriaged,,
cgame,cgame_bg.c,PC_Color_Parse,,,untriaged,,
cgame,cgame_bg.c,PC_Vec_Parse,,,untriaged,,
cgame,cgame_bg.c,PC_Int_Parse,,,untriaged,,
cgame,cgame_bg.c,PC_String_Parse,,,untriaged,,
cgame,cgame_bg.c,PC_String_tolower,,,untriaged,,
cgame,cgame_bg.c,PC_String_ParseNoAlloc,,,untriaged,,
cgame,cgame_bg.c,BG_simpleWeaponState,,,untriaged,,
cgame,cgame_bg.c,BG_cleanName,,,untriaged,,
cgame,cgame_bg.c,BG_setCrosshair,,,untriaged,,
cgame,cgame_bg.c,BG_isLightWeaponSupportingFastReload,,,untriaged,,
cgame,cgame_bg.c,BG_IsScopedWeapon,,,untriaged,,
cgame,cgame_bg.c,BG_InitLocations,,,untriaged,,
cgame,cgame_bg.c,BG_GetLocationString,,,untriaged,,
cgame,cgame_bg.c,BG_ClipVelocity,,,untriaged,,
cgame,cgame_bg.c,BG_BBoxCollision,,,untriaged,,
cgame,cgame_bg.c,BG_FootstepForSurface,,,untriaged,,
cgame,cgame_bg.c,BG_CheckCharge,,,untriaged,,
cgame,cgame_bg.c,BG_GetPlayerClassInfo,,,untriaged,,
cgame,cgame_bg.c,BG_PlayerClassForPlayerState,,,untriaged,,
cgame,cgame_bg.c,BG_ClassHasWeapon,,,untriaged,,
cgame,cgame_bg.c,BG_WeaponIsPrimaryForClassAndTeam,,,untriaged,,
cgame,cgame_bg.c,BG_TeamName,,,untriaged,,
cgame,cgame_bg.c,BG_ShortClassnameForNumber,,,untriaged,,
cgame,cgame_bg.c,BG_ClassnameForNumber,,,untriaged,,
cgame,cgame_bg.c,BG_ClassnameForNumber_Filename,,,untriaged,,
cgame,cgame_bg.c,BG_ClassSkillForClass,,,untriaged,,
cgame,cgame_bg.c,BG_SS_ParseError,,,untriaged,,
cgame,cgame_bg.c,BG_ClearScriptSpeakerPool,,,untriaged,,
cgame,cgame_bg.c,BG_NumScriptSpeakers,,,untriaged,,
cgame,cgame_bg.c,BG_GetIndexForSpeaker,,,untriaged,,
cgame,cgame_bg.c,BG_GetScriptSpeaker,,,untriaged,,
cgame,cgame_bg.c,BG_SS_DeleteSpeaker,,,untriaged,,
cgame,cgame_bg.c,BG_SS_StoreSpeaker,,,untriaged,,
cgame,cgame_bg.c,BG_LoadSpeakerScript,,,untriaged,,
cgame,cgame_bg.c,BG_WeapStatForWeapon,,,untriaged,,
cgame,cgame_bg.c,BG_GetStatGoombas,,,untriaged,,
cgame,cgame_bg.c,BG_SetStatGoombas,,,untriaged,,
cgame,cgame_bg.c,BG_GetStatBestSpree,,,untriaged,,
cgame,cgame_bg.c,BG_SetStatBestSpree,,,untriaged,,
cgame,cgame_bg.c,BG_GetKillSpree,,,untriaged,,
cgame,cgame_bg.c,BG_SetKillSpree,,,untriaged,,
cgame,cgame_bg.c,BG_AdjustKillSpree,,,untriaged,,
cgame,cgame_bg.c,BG_AdjustGoombas,,,untriaged,,
cgame,cgame_bg.c,BG_LoadTraceMap,,,untriaged,,
cgame,cgame_bg.c,BG_GetSkyHeightAtPoint,,,untriaged,,
cgame,cgame_bg.c,BG_GetSkyGroundHeightAtPoint,,,untriaged,,
cgame,cgame_bg.c,BG_GetGroundHeightAtPoint,,,untriaged,,
cgame,cgame_bg.c,BG_GetTracemapGroundFloor,,,untriaged,,
cgame,cgame_bg.c,BG_RW_ParseError,,,untriaged,,
cgame,cgame_bg.c,BG_ParseWeaponConfig,,,untriaged,,
cgame,cgame_bg.c,BG_RW_ParseDefinition,,,untriaged,,
cgame,cgame_bg.c,BG_RegisterWeaponFromWeaponFile,,,untriaged,,
cgame,cgame_bg.c,BG_RegisterWeapon,,,untriaged,,
cgame,cgame_bg.c,BG_IsFile,,,untriaged,,
cgame,cgame_bg.c,BG_IsDirectory,,,untriaged,,
cgame,cgame_bg.c,BG_DeleteFile,,,untriaged,,
cgame,cgame_bg.c,BG_RenameFile,,,untriaged,,
cgame,cgame_bg.c,PC_Char_Parse,,,untriaged,,
cgame,cgame_bg.c,PC_Script_Parse,,,untriaged,,
cgame,cgame_bg.c,PC_String_Parse_Trans,,,untriaged,,
cgame,cgame_bg.c,PC_Rect_Parse,,,untriaged,,
cgame,cgame_bg.c,BG_RectContainsPoint,,,untriaged,,
cgame,cgame_bg.c,BG_CursorInRect,,,untriaged,,
cgame,cgame_bg.c,BG_PanelButton_RenderEdit,,,untriaged,,
cgame,cgame_bg.c,BG_PanelButton_EditClick,,,untriaged,,
cgame,cgame_bg.c,BG_PanelButtonsKeyEvent,,,untriaged,,
cgame,cgame_bg.c,BG_PanelButtonsSetup,,,untriaged,,
cgame,cgame_bg.c,BG_PanelButtonsGetHighlightButton,,,untriaged,,
cgame,cgame_bg.c,BG_PanelButtonsRender,,,untriaged,,
cgame,cgame_bg.c,BG_PanelButtonsRender_TextExt,,,untriaged,,
cgame,cgame_bg.c,BG_PanelButtonsRender_Text,,,untriaged,,
cgame,cgame_bg.c,BG_PanelButtonsRender_Img,,,untriaged,,
cgame,cgame_bg.c,BG_PanelButtons_GetFocusButton,,,untriaged,,
cgame,cgame_bg.c,BG_PanelButtons_SetFocusButton,,,untriaged,,
cgame,cgame_bg.c,BG_FitTextToWidth_Ext,,,untriaged,,
cgame,cgame_client.c,CG_RW_ParseViewType,,,untriaged,,
cgame,cgame_client.c,CG_ContinueWeaponAnim,,,untriaged,,
cgame,cgame_client.c,CG_GenerateTracemap,,,untriaged,,
cgame,cgame_client.c,CG_EffectGust,,,untriaged,,
cgame,cgame_client.c,CG_SnowParticleGenerate,,,untriaged,,
cgame,cgame_client.c,CG_RainParticleGenerate,,,untriaged,,
cgame,cgame_client.c,CG_SnowParticleCheckVisible,,,untriaged,,
cgame,cgame_client.c,CG_RainParticleCheckVisible,,,untriaged,,
cgame,cgame_client.c,CG_SnowParticleRender,,,untriaged,,
cgame,cgame_client.c,CG_RainParticleRender,,,untriaged,,
cgame,cgame_client.c,CG_AtmosphericKludge,,,untriaged,,
cgame,cgame_client.c,CG_EffectParse,,,untriaged,,
cgame,cgame_client.c,CG_RegisterCharacter,,,untriaged,,
cgame,cgame_client.c,CG_CharacterForClientinfo,,,untriaged,,
cgame,cgame_client.c,CG_CharacterForPlayerstate,,,untriaged,,
cgame,cgame_client.c,CG_RegisterPlayerClasses,,,untriaged,,
cgame,cgame_client.c,CG_CommandCentreSpawnPointClick_part_3,,,untriaged,,
cgame,cgame_client.c,CG_TransformToCommandMapCoord,,,untriaged,,
cgame,cgame_client.c,CG_CurLayerForZ,,,untriaged,,
cgame,cgame_client.c,CG_TransformAutomapEntity,,,untriaged,,
cgame,cgame_client.c,CG_DisguiseMapCheck,,,untriaged,,
cgame,cgame_client.c,CG_DrawMapEntity,,,untriaged,,
cgame,cgame_client.c,CG_ScanForCommandCentreEntity,,,untriaged,,
cgame,cgame_client.c,CG_CommandCentreLayersClick,,,untriaged,,
cgame,cgame_client.c,CG_CommandCentreSpawnPointClick,,,untriaged,,
cgame,cgame_client.c,CG_CommandCentreClick,,,untriaged,,
cgame,cgame_client.c,CG_CommandMap_SetHighlightText,,,untriaged,,
cgame,cgame_client.c,CG_CommandMap_DrawHighlightText,,,untriaged,,
cgame,cgame_client.c,CG_ToggleAutomap_f,,,untriaged,,
cgame,cgame_client.c,CG_ResetMaxSpeed_f,,,untriaged,,
cgame,cgame_client.c,CG_QuickMessage_f,,,untriaged,,
cgame,cgame_client.c,CG_dumpStats_f,,,untriaged,,
cgame,cgame_client.c,CG_ForceTapOut_f,,,untriaged,,
cgame,cgame_client.c,CG_currentTime_f,,,untriaged,,
cgame,cgame_client.c,CG_Viewpos_f,,,untriaged,,
cgame,cgame_client.c,CG_autoRecord_f,,,untriaged,,
cgame,cgame_client.c,CG_SayPlayerClass_f,,,untriaged,,
cgame,cgame_client.c,CG_keyOn_f,,,untriaged,,
cgame,cgame_client.c,CG_ResetTimer_f,,,untriaged,,
cgame,cgame_client.c,CG_TimerSet_f,,,untriaged,,
cgame,cgame_client.c,CG_SetWeaponCrosshair_f,,,untriaged,,
cgame,cgame_client.c,CG_CPM_f,,,untriaged,,
cgame,cgame_client.c,CG_UndoSpeaker_f,,,untriaged,,
cgame,cgame_client.c,CG_ModifySpeaker_f,,,untriaged,,
cgame,cgame_client.c,CG_AutomapZoomOut_f,,,untriaged,,
cgame,cgame_client.c,CG_AutomapZoomIn_f,,,untriaged,,
cgame,cgame_client.c,CG_SelectBuddy_f,,,untriaged,,
cgame,cgame_client.c,CG_FTSayPlayerClass_f,,,untriaged,,
cgame,cgame_client.c,CG_MessageSend_f,,,untriaged,,
cgame,cgame_client.c,CG_StatsUp_f,,,untriaged,,
cgame,cgame_client.c,CG_topshotsUp_f,,,untriaged,,
cgame,cgame_client.c,CG_ScoresUp_f,,,untriaged,,
cgame,cgame_client.c,CG_AutomapExpandDown_f,,,untriaged,,
cgame,cgame_client.c,CG_AutomapExpandUp_f,,,untriaged,,
cgame,cgame_client.c,CG_keyOff_f,,,untriaged,,
cgame,cgame_client.c,CG_ClassMenu_f,,,untriaged,,
cgame,cgame_client.c,CG_QuickFireteamAdmin_f,,,untriaged,,
cgame,cgame_client.c,CG_topshotsDown_f,,,untriaged,,
cgame,cgame_client.c,CG_ScoresDown_f,,,untriaged,,
cgame,cgame_client.c,CG_StatsDown_f,,,untriaged,,
cgame,cgame_client.c,CG_autoScreenShot_f,,,untriaged,,
cgame,cgame_client.c,CG_vstrDown_f,,,untriaged,,
cgame,cgame_client.c,CG_vstrUp_f,,,untriaged,,
cgame,cgame_client.c,CG_TeamVoiceChat_f,,,untriaged,,
cgame,cgame_client.c,CG_VoiceChat_f,,,untriaged,,
cgame,cgame_client.c,CG_MessageMode_f,,,untriaged,,
cgame,cgame_client.c,CG_DumpSpeaker_f,,,untriaged,,
cgame,cgame_client.c,CG_EditSpeakers_f,,,untriaged,,
cgame,cgame_client.c,CG_QuickFireteams_f,,,untriaged,,
cgame,cgame_client.c,CG_BuddyVoiceChat_f,,,untriaged,,
cgame,cgame_client.c,CG_Class_f,,,untriaged,,
cgame,cgame_client.c,CG_QuickFireteamMessage_f,,,untriaged,,
cgame,cgame_client.c,CG_wStatsDown_f,,,untriaged,,
cgame,cgame_client.c,CG_wStatsUp_f,,,untriaged,,
cgame,cgame_client.c,CG_toggleSpecHelp_f,,,untriaged,,
cgame,cgame_client.c,CG_parseMapVoteListInfo,,cgame/cg_nitmod_mapvote.c,ported,control-flow/protocol-tests,Typed bounded parser for original immaplist records.
cgame,cgame_client.c,CG_parseMapVoteTally,,cgame/cg_nitmod_mapvote.c,ported,control-flow/protocol-tests,Bounded original imvotetally parser.
cgame,cgame_client.c,CG_SortPlayersByXP,,,untriaged,,
cgame,cgame_client.c,CG_TeamDebriefingMapWinner_Draw,,,untriaged,,
cgame,cgame_client.c,CG_TeamDebriefingMapList_Draw,,,untriaged,,
cgame,cgame_client.c,CG_MapVoteList_Draw,,cgame/cg_nitmod_mapvote.c,ported,control-flow/source-build,Scrollable 19-row original-protocol map list and tally display.
cgame,cgame_client.c,CG_TeamDebriefingOutcome_Draw,,,untriaged,,
cgame,cgame_client.c,CG_TeamDebriefingMapList_KeyDown,,,untriaged,,
cgame,cgame_client.c,CG_MapVote_VoteButton_KeyDown,,cgame/cg_nitmod_mapvote.c,ported,control-flow/protocol-tests,Validated original single-vote request.
cgame,cgame_client.c,CG_MapVote_MultiVoteButton_KeyDown,,cgame/cg_nitmod_mapvote.c,ported,control-flow/protocol-tests,Three bounded choices with duplicate rejection.
cgame,cgame_client.c,CG_TeamDebriefingMapShot_Draw,,,untriaged,,
cgame,cgame_client.c,CG_MapVoteList_KeyDown,,cgame/cg_nitmod_mapvote.c,ported,control-flow/source-build,Typed mouse row selection plus wheel and keyboard scrolling.
cgame,cgame_client.c,CG_TeamDebriefing_CalcXP_constprop_18,,,untriaged,,
cgame,cgame_client.c,CG_PanelButtonsRender_Window,,,untriaged,,
cgame,cgame_client.c,CG_PanelButtonsRender_Button,,,untriaged,,
cgame,cgame_client.c,CG_MapVote_VoteButton_Draw,,cgame/cg_nitmod_mapvote.c,ported,control-flow/source-build,Explicit single-vote control integrated into debriefing.
cgame,cgame_client.c,CG_ChatPanel_Setup,,,untriaged,,
cgame,cgame_client.c,CG_MapVote_SetSelectedMap,,cgame/cg_nitmod_mapvote.c,ported,control-flow/source-build,Validated selection and levelshot fallback.
cgame,cgame_client.c,CG_Debrieing_SetSelectedClient,,,untriaged,,
cgame,cgame_client.c,CG_TeamDebriefing_CalcXP,,,untriaged,,
cgame,cgame_client.c,CG_TeamDebriefingTeamSkillXP_Draw,,,untriaged,,
cgame,cgame_client.c,CG_TeamDebriefingTeamXP_Draw,,,untriaged,,
cgame,cgame_client.c,CG_PanelButtonsRender_Button_Ext,,,untriaged,,
cgame,cgame_client.c,CG_MapVote_MultiVoteButton_Draw,,cgame/cg_nitmod_mapvote.c,ported,control-flow/source-build,Three original multi-vote controls.
cgame,cgame_client.c,CG_PanelButtonsRender_Window_Ext,,,untriaged,,
cgame,cgame_client.c,CG_Debreifing2_WinStringForTeam,,,untriaged,,
cgame,cgame_client.c,CG_Debreifing2_Maps_Draw,,,untriaged,,
cgame,cgame_client.c,CG_Debreifing2_MissionTitle_Draw,,,untriaged,,
cgame,cgame_client.c,CG_Debreifing2_Mission_Draw,,,untriaged,,
cgame,cgame_client.c,CG_Coronas_part_4,,,untriaged,,
cgame,cgame_client.c,CG_PickupItemText,,,untriaged,,
cgame,cgame_client.c,CG_PickupItemTextShort,,,untriaged,,
cgame,cgame_client.c,CG_CenterPrint,,,untriaged,,
cgame,cgame_client.c,CG_PrintAnnouncement,,,untriaged,,
cgame,cgame_client.c,CG_ScanForCrosshairMine,,,untriaged,,
cgame,cgame_client.c,CG_ScanForCrosshairDynamite,,,untriaged,,
cgame,cgame_client.c,CG_CheckForCursorHints,,,untriaged,,
cgame,cgame_client.c,CG_CrosshairClientMaxHealth,,,untriaged,,
cgame,cgame_client.c,CG_CalculateReinfTime_Float,,,untriaged,,
cgame,cgame_client.c,CG_CalculateReinfTime,,,untriaged,,
cgame,cgame_client.c,CG_ObjectivePrint,,,untriaged,,
cgame,cgame_client.c,CG_CheckDisguise,,,untriaged,,
cgame,cgame_client.c,CG_ClassSkillForPosition,,,untriaged,,
cgame,cgame_client.c,CG_StatsDebugAddText,,,untriaged,,
cgame,cgame_client.c,CG_BannerPrint,,,untriaged,,
cgame,cgame_client.c,CG_StartShakeCamera,,,untriaged,,
cgame,cgame_client.c,CG_ShakeCamera,,,untriaged,,
cgame,cgame_client.c,CG_Coronas,,cgame/cg_nitmod_coronas.c; cgame/cg_view.c,ported_partial,original-ELF-0x4a370/96-render-profiles,"Active map corona PVS, distance, direction, occlusion and scene submission. See reference/client-static-map-coronas.md."
cgame,cgame_client.c,CG_HorizontalPercentBar,,,untriaged,,
cgame,cgame_client.c,CG_TileClear,,,untriaged,,
cgame,cgame_client.c,CG_FadeColor,,,untriaged,,
cgame,cgame_client.c,CG_ColorForHealth,,,untriaged,,
cgame,cgame_client.c,CG_BubbleTrail,,,untriaged,,
cgame,cgame_client.c,CG_SmokePuff,,,untriaged,,
cgame,cgame_client.c,CG_SpawnEffect,,,untriaged,,
cgame,cgame_client.c,CG_MakeExplosion,,,untriaged,,
cgame,cgame_client.c,CG_AddBloodTrails,,,untriaged,,
cgame,cgame_client.c,CG_LoseACC,,,untriaged,,
cgame,cgame_client.c,CG_GetOriginForTag,,,untriaged,,
cgame,cgame_client.c,CG_SparklerSparks,,,untriaged,,
cgame,cgame_client.c,CG_ProjectedSpotLight,,,untriaged,,
cgame,cgame_client.c,CG_RumbleEfx,,,untriaged,,
cgame,cgame_client.c,CG_SpawnSmokeSprite,,,untriaged,,
cgame,cgame_client.c,CG_RenderSmokeGrenadeSmoke,,,untriaged,,
cgame,cgame_client.c,CG_Bomb,,,untriaged,,
cgame,cgame_client.c,CG_Cabinet_part_6,,,untriaged,,
cgame,cgame_client.c,CG_PositionEntityOnTag,,,untriaged,,
cgame,cgame_client.c,CG_SetEntitySoundPosition,,,untriaged,,
cgame,cgame_client.c,CG_ProcessEntity,,,untriaged,,
cgame,cgame_client.c,CG_Cabinet,,,untriaged,,
cgame,cgame_client.c,CG_SetupCabinets,,,untriaged,,
cgame,cgame_client.c,CG_BotDebugLine,,cgame/cg_nitmod_debug.c; cgame/cg_nitmod_events.c,ported_partial,original-ELF-0x5efe0/full-cgame-event-render-tests,"Original events 104-106: line, RGB basis and oriented box with native fade lifecycle. See reference/client-debug-vector-events.md."
cgame,cgame_client.c,CG_StartFootStepSound_isra_0_part_1,,,untriaged,,
cgame,cgame_client.c,CG_MortarImpact_part_2,,,untriaged,,
cgame,cgame_client.c,CG_PrecacheFXSounds,,,untriaged,,
cgame,cgame_client.c,CG_RubbleFx,,,untriaged,,
cgame,cgame_client.c,CG_Rubble,,,untriaged,,
cgame,cgame_client.c,CG_Explodef,,,untriaged,,
cgame,cgame_client.c,CG_Explode,,,untriaged,,
cgame,cgame_client.c,CG_Effect,,,untriaged,,
cgame,cgame_client.c,CG_Shard,,,untriaged,,
cgame,cgame_client.c,CG_ShardJunk,,,untriaged,,
cgame,cgame_client.c,CG_Debris,,,untriaged,,
cgame,cgame_client.c,CG_MortarImpact,,,untriaged,,
cgame,cgame_client.c,CG_MortarMiss,,,untriaged,,
cgame,cgame_client.c,CG_GetGameSound,,,untriaged,,
cgame,cgame_client.c,CG_SortFireTeam,,,untriaged,,
cgame,cgame_client.c,CG_SortClientFireteam,,,untriaged,,
cgame,cgame_client.c,CG_IsOnSameFireteam,,,untriaged,,
cgame,cgame_client.c,CG_IsOnFireteam,,,untriaged,,
cgame,cgame_client.c,CG_IsFireTeamLeader,,,untriaged,,
cgame,cgame_client.c,CG_SortedFireTeamPlayerForPosition,,,untriaged,,
cgame,cgame_client.c,CG_BuildSelectedFirteamString,,,untriaged,,
cgame,cgame_client.c,CG_CountFireteamsByTeam_part_0,,,untriaged,,
cgame,cgame_client.c,CG_CountFireteamsByTeam,,,untriaged,,
cgame,cgame_client.c,CG_CountPlayersSF,,,untriaged,,
cgame,cgame_client.c,CG_CountPlayersNF,,,untriaged,,
cgame,cgame_client.c,CG_ClearFlameChunks,,,untriaged,,
cgame,cgame_client.c,CG_SpawnFlameChunk,,,untriaged,,
cgame,cgame_client.c,CG_FireFlameChunks,,,untriaged,,
cgame,cgame_client.c,CG_FreeFlameChunk,,,untriaged,,
cgame,cgame_client.c,CG_MergeFlameChunks,,,untriaged,,
cgame,cgame_client.c,CG_MoveFlameChunk,,,untriaged,,
cgame,cgame_client.c,CG_UpdateFlamethrowerSounds,,,untriaged,,
cgame,cgame_client.c,CG_DemoHelpDraw_part_1,,,untriaged,,
cgame,cgame_client.c,CG_LoadingString,,,untriaged,,
cgame,cgame_client.c,CG_ShowHelp_On,,,untriaged,,
cgame,cgame_client.c,CG_ShowHelp_Off,,,untriaged,,
cgame,cgame_client.c,CG_DemoClick,,,untriaged,,
cgame,cgame_client.c,CG_GameStatsDraw,,,untriaged,,
cgame,cgame_client.c,CG_TopShotsDraw,,,untriaged,,
cgame,cgame_client.c,CG_DemoHelpDraw,,,untriaged,,
cgame,cgame_client.c,CG_getBindKeyName,,,untriaged,,
cgame,cgame_client.c,CG_SpecHelpDraw,,,untriaged,,
cgame,cgame_client.c,CG_IsHeavyWeapon,,,untriaged,,
cgame,cgame_client.c,CG_GetLocation,,,untriaged,,
cgame,cgame_client.c,CG_GetLocationMsg,,,untriaged,,
cgame,cgame_client.c,CG_LoadLocations,,,untriaged,,
cgame,cgame_client.c,CG_FreeLocalEntity,,,untriaged,,
cgame,cgame_client.c,CG_FindLocalEntity,,cgame/cg_localents.c,ported_partial,sorted-reference/full-cgame-keyed-rail-tests,"Typed group/segment lookup over active list, deliberately excludes freed slots."
cgame,cgame_client.c,CG_AllocLocalEntity,,,untriaged,,
cgame,cgame_client.c,CG_BloodTrail,,,untriaged,,
cgame,cgame_client.c,CG_FragmentBounceMark,,,untriaged,,
cgame,cgame_client.c,CG_FragmentBounceSound,,,untriaged,,
cgame,cgame_client.c,CG_ReflectVelocity,,,untriaged,,
cgame,cgame_client.c,CG_FeederCount,,,untriaged,,
cgame,cgame_client.c,CG_FeederItemImage,,,untriaged,,
cgame,cgame_client.c,CG_FeederSelection,,,untriaged,,
cgame,cgame_client.c,CG_FeederItemText,,,untriaged,,
cgame,cgame_client.c,CG_Cvar_Get,,,untriaged,,
cgame,cgame_client.c,CG_Text_PaintWithCursor,,,untriaged,,
cgame,cgame_client.c,CG_RunCinematicFrame,,,untriaged,,
cgame,cgame_client.c,CG_StopCinematic,,,untriaged,,
cgame,cgame_client.c,CG_RegisterSounds,,,untriaged,,
cgame,cgame_client.c,CG_setClientFlags_part_0,,,untriaged,,
cgame,cgame_client.c,CG_Error_constprop_3,,,untriaged,,
cgame,cgame_client.c,CG_ConfigStringCopy,,,untriaged,,
cgame,cgame_client.c,CG_RegisterCvars,,,untriaged,,
cgame,cgame_client.c,CG_UpdateCvars,,,untriaged,,
cgame,cgame_client.c,CG_setClientFlags,,,untriaged,,
cgame,cgame_client.c,CG_CrosshairPlayer,,,untriaged,,
cgame,cgame_client.c,CG_Printf,,,untriaged,,
cgame,cgame_client.c,CG_Error,,,untriaged,,
cgame,cgame_client.c,CG_nameCleanFilename,,,untriaged,,
cgame,cgame_client.c,CG_generateFilename,,,untriaged,,
cgame,cgame_client.c,CG_findClientNum,,,untriaged,,
cgame,cgame_client.c,CG_printConsoleString,,,untriaged,,
cgame,cgame_client.c,CG_LoadObjectiveData,,,untriaged,,
cgame,cgame_client.c,CG_SetupDlightstyles,,,untriaged,,
cgame,cgame_client.c,CG_ConfigString,,,untriaged,,
cgame,cgame_client.c,CG_StartMusic,,,untriaged,,
cgame,cgame_client.c,CG_QueueMusic,,,untriaged,,
cgame,cgame_client.c,CG_LoadHudMenu,,,untriaged,,
cgame,cgame_client.c,CG_AssetCache,,,untriaged,,
cgame,cgame_client.c,CG_execFile,,,untriaged,,
cgame,cgame_client.c,CG_BackupProfile,,,untriaged,,
cgame,cgame_client.c,CG_RestoreProfile,,,untriaged,,
cgame,cgame_client.c,CG_Init,,,untriaged,,
cgame,cgame_client.c,vmMain,,,untriaged,,
cgame,cgame_client.c,CG_CheckExecKey,,,untriaged,,
cgame,cgame_client.c,CG_GetGameModel,,,untriaged,,
cgame,cgame_client.c,CG_GetRealTime,,,untriaged,,
cgame,cgame_client.c,CG_WriteToLog,,,untriaged,,
cgame,cgame_client.c,CG_FreeMarkPoly,,,untriaged,,
cgame,cgame_client.c,CG_AllocMark,,,untriaged,,
cgame,cgame_client.c,CG_ImpactMark,,,untriaged,,
cgame,cgame_client.c,CG_DescriptionForCampaign,,,untriaged,,
cgame,cgame_client.c,CG_NameForCampaign,,,untriaged,,
cgame,cgame_client.c,CG_FindCampaignInFile,,,untriaged,,
cgame,cgame_client.c,CG_FindArenaInfo,,,untriaged,,
cgame,cgame_client.c,CG_LocateCampaign,,,untriaged,,
cgame,cgame_client.c,CG_LocateArena,,,untriaged,,
cgame,cgame_client.c,CG_FitTextToWidth_Ext,,,untriaged,,
cgame,cgame_client.c,CG_GetValue,,,untriaged,,
cgame,cgame_client.c,CG_MouseEvent,,,untriaged,,
cgame,cgame_client.c,CG_EventHandling,,,untriaged,,
cgame,cgame_client.c,CG_KeyEvent,,,untriaged,,
cgame,cgame_client.c,CG_ClientNumFromName,,,untriaged,,
cgame,cgame_client.c,CG_GetTeamColor,,,untriaged,,
cgame,cgame_client.c,CG_ParticleBubble_part_0,,,untriaged,,
cgame,cgame_client.c,CG_ClearParticles,,,untriaged,,
cgame,cgame_client.c,CG_NewParticleArea,,,untriaged,,
cgame,cgame_client.c,CG_SnowLink,,,untriaged,,
cgame,cgame_client.c,CG_ParticleImpactSmokePuffExtended,,,untriaged,,
cgame,cgame_client.c,CG_OilSlickRemove,,,untriaged,,
cgame,cgame_client.c,CG_SwingAngles,,,untriaged,,
cgame,cgame_client.c,CG_EntOnFire,,,untriaged,,
cgame,cgame_client.c,CG_IsCrouchingAnim,,,untriaged,,
cgame,cgame_client.c,CG_RunLerpFrame,,,untriaged,,
cgame,cgame_client.c,CG_SetLerpFrameAnimationRate,,,untriaged,,
cgame,cgame_client.c,CG_RunLerpFrameRate_part_2,,,untriaged,,
cgame,cgame_client.c,CG_RunLerpFrameRate,,,untriaged,,
cgame,cgame_client.c,CG_ClearLerpFrameRate,,,untriaged,,
cgame,cgame_client.c,CG_SetLerpFrameAnimationRateCorpse,,,untriaged,,
cgame,cgame_client.c,CG_RunLerpFrameRateCorpse,,,untriaged,,
cgame,cgame_client.c,CG_WorldCoordToScreenCoordFloat,,,untriaged,,
cgame,cgame_client.c,CG_WoundedPlayerFloatName,,,untriaged,,
cgame,cgame_client.c,CG_AddRefEntityWithPowerups,,,untriaged,,
cgame,cgame_client.c,CG_AnimPlayerConditions,,,untriaged,,
cgame,cgame_client.c,CG_ResetPlayerEntity,,,untriaged,,
cgame,cgame_client.c,CG_GetBleedOrigin,,,untriaged,,
cgame,cgame_client.c,CG_GetTag,,,untriaged,,
cgame,cgame_client.c,CG_GetWeaponTag,,,untriaged,,
cgame,cgame_client.c,CG_SetHudHeadLerpFrameAnimation,,,untriaged,,
cgame,cgame_client.c,CG_ClearHudHeadLerpFrame,,,untriaged,,
cgame,cgame_client.c,CG_RunHudHeadLerpFrame,,,untriaged,,
cgame,cgame_client.c,CG_CheckAmmo,,cgame/cg_nitmod_ammo.c,ported_partial,original-decompile/full-cgame-warning-matrix,Reserve thresholds and sound transitions; deliberate two-word ownership correction. See reference/client-ammo-warning.md.
cgame,cgame_client.c,CG_DamageFeedback,,,untriaged,,
cgame,cgame_client.c,CG_TeamnameForNumber,,,untriaged,,
cgame,cgame_client.c,CG_Respawn,,,untriaged,,
cgame,cgame_client.c,CG_CheckPlayerstateEvents,,,untriaged,,
cgame,cgame_client.c,CG_CheckChangedPredictableEvents,,,untriaged,,
cgame,cgame_client.c,CG_CheckLocalSounds,,,untriaged,,
cgame,cgame_client.c,CG_PB_FindFreePolyBuffer,,,untriaged,,
cgame,cgame_client.c,CG_PB_ClearPolyBuffers,,,untriaged,,
cgame,cgame_client.c,CG_PB_RenderPolyBuffers,,,untriaged,,
cgame,cgame_client.c,CG_UpdatePMLists,,,untriaged,,
cgame,cgame_client.c,CG_FindFreePMItem2,,,untriaged,,
cgame,cgame_client.c,CG_FindFreePMItem,,,untriaged,,
cgame,cgame_client.c,CG_PMItemBigSound,,,untriaged,,
cgame,cgame_client.c,CG_GetPMItemText,,,untriaged,,
cgame,cgame_client.c,CG_GetPMItemIcon,,,untriaged,,
cgame,cgame_client.c,nitrox_AddGraphicObituary,,,untriaged,,
cgame,cgame_client.c,CG_TraceCapsule_World,,,untriaged,,
cgame,cgame_client.c,CG_SortPlayersByKD,,,untriaged,,
cgame,cgame_client.c,CG_printFile_part_0,,,untriaged,,
cgame,cgame_client.c,CG_printFile,,,untriaged,,
cgame,cgame_client.c,CG_parseWeaponStats_cmd_constprop_5,,,untriaged,,
cgame,cgame_client.c,CG_UpdateSkills,,,untriaged,,
cgame,cgame_client.c,CG_OIDInfoForEntityNum,,,untriaged,,
cgame,cgame_client.c,CG_SetConfigValues,,,untriaged,,
cgame,cgame_client.c,CG_ShaderStateChanged,,,untriaged,,
cgame,cgame_client.c,CG_LoadVoiceChats,,,untriaged,,
cgame,cgame_client.c,CG_GetVoiceChat,,,untriaged,,
cgame,cgame_client.c,CG_VoiceChatListForClient,,,untriaged,,
cgame,cgame_client.c,CG_VoiceChat,,,untriaged,,
cgame,cgame_client.c,CG_LocalizeServerCommand,,,untriaged,,
cgame,cgame_client.c,CG_topshotsParse_cmd,,,untriaged,,
cgame,cgame_client.c,CG_parseWeaponStatsGS_cmd,,,untriaged,,
cgame,cgame_client.c,CG_parseWeaponStats_cmd,,,untriaged,,
cgame,cgame_client.c,CG_wstatsParse_cmd,,,untriaged,,
cgame,cgame_client.c,CG_parseBestShotsStats_cmd,,,untriaged,,
cgame,cgame_client.c,CG_parseTopShotsStats_cmd,,,untriaged,,
cgame,cgame_client.c,CG_scores_cmd,,,untriaged,,
cgame,cgame_client.c,CG_dumpStats,,,untriaged,,
cgame,cgame_client.c,CG_SpeakerEditor_NoiseEditFinish,,,untriaged,,
cgame,cgame_client.c,CG_SpeakerEditor_TargetnameEditFinish,,,untriaged,,
cgame,cgame_client.c,CG_SpeakerEditor_Back,,,untriaged,,
cgame,cgame_client.c,CG_SpeakerInfo_Text,,,untriaged,,
cgame,cgame_client.c,CG_SpeakerEditor_LocInfo,,,untriaged,,
cgame,cgame_client.c,CG_SpeakerEditor_RenderEdit,,,untriaged,,
cgame,cgame_client.c,CG_SpeakerEditor_RenderButton,,,untriaged,,
cgame,cgame_client.c,CG_SpeakerEditor_RenderDropdown,,,untriaged,,
cgame,cgame_client.c,CG_SpeakerEditor_Dropdown_KeyDown,,,untriaged,,
cgame,cgame_client.c,CG_SpeakerEditor_Ok_KeyDown,,,untriaged,,
cgame,cgame_client.c,CG_SpeakerEditor_Cancel_KeyDown,,,untriaged,,
cgame,cgame_client.c,CG_SpeakerEditor_Delete_KeyDown,,,untriaged,,
cgame,cgame_client.c,CG_SpeakerEditor_WaitEditFinish,,,untriaged,,
cgame,cgame_client.c,CG_SpeakerEditor_RandomEditFinish,,,untriaged,,
cgame,cgame_client.c,CG_SpeakerEditor_VolumeEditFinish,,,untriaged,,
cgame,cgame_client.c,CG_SpeakerEditor_RangeEditFinish,,,untriaged,,
cgame,cgame_client.c,CG_SpeakerEditor_NoiseEdit_KeyDown,,,untriaged,,
cgame,cgame_client.c,CG_SpeakerEditor_Looped_KeyUp,,,untriaged,,
cgame,cgame_client.c,CG_SpeakerEditor_Broadcast_KeyUp,,,untriaged,,
cgame,cgame_client.c,CG_SpeakerEditor_Cancel_KeyUp,,,untriaged,,
cgame,cgame_client.c,CG_RenderScriptSpeakers,,,untriaged,,
cgame,cgame_client.c,CG_UpdateBufferedSoundScripts,,,untriaged,,
cgame,cgame_client.c,CG_SaveSpeakersToScript,,,untriaged,,
cgame,cgame_client.c,CG_SpeakerEditor_Ok_KeyUp,,,untriaged,,
cgame,cgame_client.c,CG_SpeakerEditor_Delete_KeyUp,,,untriaged,,
cgame,cgame_client.c,CG_SetViewanglesForSpeakerEditor,,,untriaged,,
cgame,cgame_client.c,CG_GetStrFromStrArray,,,untriaged,,
cgame,cgame_client.c,CG_SpeakerEditorDraw,,,untriaged,,
cgame,cgame_client.c,CG_SpeakerEditor_KeyHandling,,,untriaged,,
cgame,cgame_client.c,CG_SpeakerEditorMouseMove_Handling,,,untriaged,,
cgame,cgame_client.c,CG_ActivateEditSoundMode,,,untriaged,,
cgame,cgame_client.c,CG_DeActivateEditSoundMode,,,untriaged,,
cgame,cgame_client.c,CG_ModifyEditSpeaker,,,untriaged,,
cgame,cgame_client.c,CG_UndoEditSpeaker,,,untriaged,,
cgame,cgame_client.c,CG_ToggleActiveOnScriptSpeaker,,,untriaged,,
cgame,cgame_client.c,CG_UnsetActiveOnScriptSpeaker,,,untriaged,,
cgame,cgame_client.c,CG_SetActiveOnScriptSpeaker,,,untriaged,,
cgame,cgame_client.c,CG_SpawnString,,,untriaged,,
cgame,cgame_client.c,CG_SpawnFloat,,,untriaged,,
cgame,cgame_client.c,CG_SpawnInt,,,untriaged,,
cgame,cgame_client.c,CG_SpawnVector,,,untriaged,,
cgame,cgame_client.c,CG_SpawnVector2D,,,untriaged,,
cgame,cgame_client.c,CG_LoadRankIcons,,,untriaged,,
cgame,cgame_client.c,CG_ClearTrails,,,untriaged,,
cgame,cgame_client.c,CG_SpawnTrailJunc,,,untriaged,,
cgame,cgame_client.c,CG_AddTrailJunc,,,untriaged,,
cgame,cgame_client.c,CG_AddSparkJunc,,,untriaged,,
cgame,cgame_client.c,CG_AddSmokeJunc,,,untriaged,,
cgame,cgame_client.c,CG_FreeTrailJunc,,,untriaged,,
cgame,cgame_client.c,CG_KillTrail,,,untriaged,,
cgame,cgame_client.c,CG_TestModel_f,,,untriaged,,
cgame,cgame_client.c,CG_TestGun_f,,,untriaged,,
cgame,cgame_client.c,CG_TestModelNextFrame_f,,,untriaged,,
cgame,cgame_client.c,CG_TestModelPrevFrame_f,,,untriaged,,
cgame,cgame_client.c,CG_TestModelNextSkin_f,,,untriaged,,
cgame,cgame_client.c,CG_TestModelPrevSkin_f,,,untriaged,,
cgame,cgame_client.c,CG_Letterbox,,cgame/cg_nitmod_view.c,ported_partial,original-ELF-0xbaec0/144-viewport-cases,Original percentage/even-dimension viewport without native letterbox reduction; widened arithmetic documented. See reference/client-scope-viewport.md.
cgame,cgame_client.c,CG_OffsetThirdPersonView,,,untriaged,,
cgame,cgame_client.c,CG_KickAngles,,,untriaged,,
cgame,cgame_client.c,CG_ZoomIn_f,,,untriaged,,
cgame,cgame_client.c,CG_ZoomOut_f,,,untriaged,,
cgame,cgame_client.c,CG_Zoom,,,untriaged,,
cgame,cgame_client.c,CG_CalcFov,,cgame/cg_nitmod_view.c,ported_partial,original-ELF-0xbbe20/3024-FOV-cases,Original poison/liquid FOV composition; existing zoom and sensitivity extracted and tested. Browser parity pending. See reference/client-poison-view.md.
cgame,cgame_client.c,CG_CalcViewValues,,cgame/cg_view.c; cgame/cg_nitmod_view.c,ported_partial,original-ELF-0xbc2b0/492-poison-lean-cases,Poison camera rotation and g_weapons 256 lean divisor; not the complete original camera function. See reference/client-poison-view.md.
cgame,cgame_client.c,CG_MustParse,,,untriaged,,
cgame,cgame_client.c,CG_SetupFrustum,,,untriaged,,
cgame,cgame_client.c,CG_CullPoint,,,untriaged,,
cgame,cgame_client.c,CG_CullPointAndRadius,,,untriaged,,
cgame,cgame_client.c,CG_PanzerFaustEjectBrass,,,untriaged,,
cgame,cgame_client.c,CG_CalculateWeaponPosition,,cgame/cg_nitmod_weapon_pose.c,ported_partial,original-ELF-0xbf590/typed-pose-matrix,Original-protocol visual lean and complete pose extraction; snapshot firing/reload states normalized. Clock-reset deviation documented. See reference/client-weapon-pose.md.
cgame,cgame_client.c,CG_RocketTrail,,,untriaged,,
cgame,cgame_client.c,CG_DynamiteTrail,,,untriaged,,
cgame,cgame_client.c,CG_GrenadeTrail,,,untriaged,,
cgame,cgame_client.c,CG_RW_ParseError,,,untriaged,,
cgame,cgame_client.c,CG_PyroSmokeTrail,,,untriaged,,
cgame,cgame_client.c,CG_MachineGunEjectBrassNew,,,untriaged,,
cgame,cgame_client.c,CG_MachineGunEjectBrass,,,untriaged,,
cgame,cgame_client.c,CG_GetWindVector,,,untriaged,,
cgame,cgame_client.c,CG_RailTrail2,,cgame/cg_nitmod_debug.c,ported_partial,sorted-reference/full-cgame-keyed-rail-tests,"Color, keyed segment refresh and fade lifetime. See reference/client-keyed-rail-events.md."
cgame,cgame_client.c,CG_RegisterItemVisuals,,,untriaged,,
cgame,cgame_client.c,CG_GetPartFramesFromWeap,,,untriaged,,
cgame,cgame_client.c,CG_ClearWeapLerpFrame,,,untriaged,,
cgame,cgame_client.c,CG_SetSniperZoom,,,untriaged,,
cgame,cgame_client.c,CG_FinishWeaponChange,,,untriaged,,
cgame,cgame_client.c,CG_AltWeapon_f,,,untriaged,,
cgame,cgame_client.c,CG_NextWeap,,,untriaged,,
cgame,cgame_client.c,CG_PrevWeap,,,untriaged,,
cgame,cgame_client.c,CG_LastWeaponUsed_f,,,untriaged,,
cgame,cgame_client.c,CG_NextWeaponInBank_f,,,untriaged,,
cgame,cgame_client.c,CG_PrevWeaponInBank_f,,,untriaged,,
cgame,cgame_client.c,CG_NextWeapon_f,,,untriaged,,
cgame,cgame_client.c,CG_PrevWeapon_f,,,untriaged,,
cgame,cgame_client.c,CG_OutOfAmmoChange,,,untriaged,,
cgame,cgame_client.c,CG_MG42EFX,,,untriaged,,
cgame,cgame_client.c,CG_MortarEFX,,,untriaged,,
cgame,cgame_client.c,CG_SpawnTracer,,,untriaged,,
cgame,cgame_client.c,CG_CalcMuzzlePoint,,,untriaged,,
cgame,cgame_client.c,CG_createStatsWindow,,,untriaged,,
cgame,cgame_client.c,CG_windowInit,,,untriaged,,
cgame,cgame_client.c,CG_windowReset,,,untriaged,,
cgame,cgame_client.c,CG_windowAlloc,,,untriaged,,
cgame,cgame_client.c,CG_windowFree,,,untriaged,,
cgame,cgame_client.c,CG_windowCleanup,,,untriaged,,
cgame,cgame_client.c,CG_demoAviFPSDraw,,,untriaged,,
cgame,cgame_client.c,CG_demoTimescaleDraw,,,untriaged,,
cgame,cgame_client.c,CG_windowNormalizeOnText,,,untriaged,,
cgame,cgame_client.c,CG_windowDraw,,,untriaged,,
cgame,cgame_client.c,CG_printWindow,,,untriaged,,
cgame,cgame_client.c,CG_initStrings,,,untriaged,,
cgame,cgame_client.c,CG_addString,,,untriaged,,
cgame,cgame_client.c,CG_removeStrings,,,untriaged,,
cgame,cgame_client.c,CG_UpdateSvCvars,,,untriaged,,
cgame,cgame_client.c,CG_Debreifing2_Awards_Parse,,,untriaged,,
cgame,cgame_client.c,CG_Debreifing2_Awards_Draw,,,untriaged,,
cgame,cgame_client.c,CG_UpdateClassesMaxHP,,,untriaged,,
cgame,cgame_consolecmds.c,CG_ConsoleCommand,,,untriaged,,
cgame,cgame_consolecmds.c,CG_InitConsoleCommands,,,untriaged,,
cgame,cgame_consolecmds.c,CG_Argv,,,untriaged,,
cgame,cgame_effects.c,CG_Bleed,,,untriaged,,
cgame,cgame_effects.c,CG_LaunchGib,,,untriaged,,
cgame,cgame_effects.c,CG_GibPlayer,,,untriaged,,
cgame,cgame_effects.c,CG_Missile,,,untriaged,,
cgame,cgame_effects.c,CG_FlameLerpVec,,,untriaged,,
cgame,cgame_effects.c,CG_FlameAdjustSpeed,,,untriaged,,
cgame,cgame_effects.c,CG_FlameCalcOrg,,,untriaged,,
cgame,cgame_effects.c,CG_FlameDamage,,,untriaged,,
cgame,cgame_effects.c,CG_RailTrail_part_5,,cgame/cg_nitmod_debug.c,ported_partial,sorted-reference/full-cgame-keyed-rail-tests,Twelve stable box segment identities and endpoint construction; live visual parity pending.
cgame,cgame_effects.c,CG_MissileHitWall,,,untriaged,,
cgame,cgame_effects.c,CG_MissileHitWallSmall,,,untriaged,,
cgame,cgame_effects.c,CG_MissileHitPlayer,,,untriaged,,
cgame,cgame_ents.c,CG_ItemPickup,,,untriaged,,
cgame,cgame_ents.c,CG_AddAtmosphericEffects,,,untriaged,,
cgame,cgame_ents.c,CG_AdjustAutomapZoom,,,untriaged,,
cgame,cgame_ents.c,CG_AddLagometerFrameInfo,,,untriaged,,
cgame,cgame_ents.c,CG_AddLagometerSnapshotInfo,,,untriaged,,
cgame,cgame_ents.c,CG_AdjustFrom640,,,untriaged,,
cgame,cgame_ents.c,CG_AdjustFrom640FullScreen,,,untriaged,,
cgame,cgame_ents.c,CG_DrawPicFullScreen,,cgame/cg_drawtools.c,ported_partial,original-ELF-0x50270/overlay-render-fixtures,Full-screen scale and signed UV flips; six overlay consumers migrated. See reference/client-fullscreen-overlays.md.
cgame,cgame_ents.c,CG_FillRectFullScreen,,cgame/cg_drawtools.c,ported_partial,original-ELF-0x50340/overlay-render-fixtures,Full-screen solid rectangle and renderer color reset; native fallback retained. See reference/client-fullscreen-overlays.md.
cgame,cgame_ents.c,CG_AddSmokeSprites,,,untriaged,,
cgame,cgame_ents.c,CG_EntityEffects,,,untriaged,,
cgame,cgame_ents.c,CG_PositionRotatedEntityOnTag,,,untriaged,,
cgame,cgame_ents.c,CG_AddLightstyle,,,untriaged,,
cgame,cgame_ents.c,CG_Item,,,untriaged,,
cgame,cgame_ents.c,CG_Beam_2,,,untriaged,,
cgame,cgame_ents.c,CG_Beam,,,untriaged,,
cgame,cgame_ents.c,CG_AddLinkedEntity,,,untriaged,,
cgame,cgame_ents.c,CG_AdjustPositionForMover,,,untriaged,,
cgame,cgame_ents.c,CG_CalcEntityLerpPositions,,,untriaged,,
cgame,cgame_ents.c,CG_AddCEntity,,,untriaged,,
cgame,cgame_ents.c,CG_AddCEntity_Filter,,,untriaged,,
cgame,cgame_ents.c,CG_AddEntityToTag_part_10,,,untriaged,,
cgame,cgame_ents.c,CG_AddEntityToTag,,,untriaged,,
cgame,cgame_ents.c,CG_Mover_PostProcess_part_11,,,untriaged,,
cgame,cgame_ents.c,CG_Mover_PostProcess,,,untriaged,,
cgame,cgame_ents.c,CG_AddPacketEntities,,,untriaged,,
cgame,cgame_ents.c,CG_AddFlameSpriteToScene,,,untriaged,,
cgame,cgame_ents.c,CG_AddFlameToScene,,,untriaged,,
cgame,cgame_ents.c,CG_GenerateShaders,,,untriaged,,
cgame,cgame_ents.c,CG_AddFlameChunks,,,untriaged,,
cgame,cgame_ents.c,CG_AddEmitter,,,untriaged,,
cgame,cgame_ents.c,CG_AddFragment,,,untriaged,,
cgame,cgame_ents.c,CG_AddMovingTracer,,,untriaged,,
cgame,cgame_ents.c,CG_AddSparkElements,,,untriaged,,
cgame,cgame_ents.c,CG_AddFuseSparkElements,,,untriaged,,
cgame,cgame_ents.c,CG_AddBloodElements,,,untriaged,,
cgame,cgame_ents.c,CG_AddDebrisElements,,,untriaged,,
cgame,cgame_ents.c,CG_AddFadeRGB,,,untriaged,,
cgame,cgame_ents.c,CG_AddConstRGB,,,untriaged,,
cgame,cgame_ents.c,CG_AddLocalEntities,,,untriaged,,
cgame,cgame_ents.c,CG_AddToTeamChat,,,untriaged,,
cgame,cgame_ents.c,CG_AddMarks,,,untriaged,,
cgame,cgame_ents.c,CG_AddParticleToScene,,,untriaged,,
cgame,cgame_ents.c,CG_AddParticles,,,untriaged,,
cgame,cgame_ents.c,CG_AddParticleShrapnel,,,untriaged,,
cgame,cgame_ents.c,CG_AddOnScreenText,,,untriaged,,
cgame,cgame_ents.c,CG_AddWoundedPlayer,,,untriaged,,
cgame,cgame_ents.c,CG_AddToListFront,,,untriaged,,
cgame,cgame_ents.c,CG_AddPMItem,,,untriaged,,
cgame,cgame_ents.c,CG_AddPMItemBig,,,untriaged,,
cgame,cgame_ents.c,CG_AddToNotify,,,untriaged,,
cgame,cgame_ents.c,CG_AddBufferedVoiceChat,,,untriaged,,
cgame,cgame_ents.c,CG_VoiceChatLocal,,,untriaged,,
cgame,cgame_ents.c,CG_AddBufferedSoundScript,,,untriaged,,
cgame,cgame_ents.c,CG_AddLineToScene,,,untriaged,,
cgame,cgame_ents.c,CG_AddScriptSpeakers,,,untriaged,,
cgame,cgame_ents.c,CG_AddSpawnVarToken,,,untriaged,,
cgame,cgame_ents.c,CG_AddTrailToScene,,,untriaged,,
cgame,cgame_ents.c,CG_AddTrails,,,untriaged,,
cgame,cgame_ents.c,CG_AdjustZoomVal,,,untriaged,,
cgame,cgame_ents.c,CG_AddWeaponWithPowerups_isra_1,,,untriaged,,
cgame,cgame_ents.c,CG_AddSparks_part_12,,,untriaged,,
cgame,cgame_ents.c,CG_AddBulletParticles_part_13,,,untriaged,,
cgame,cgame_ents.c,CG_AddDirtBulletParticles_part_14,,,untriaged,,
cgame,cgame_ents.c,CG_AddPlayerWeapon,,,untriaged,,
cgame,cgame_ents.c,CG_AddViewWeapon,,,untriaged,,
cgame,cgame_ents.c,CG_AddSparks,,,untriaged,,
cgame,cgame_ents.c,CG_AddBulletParticles,,,untriaged,,
cgame,cgame_ents.c,CG_AddDirtBulletParticles,,,untriaged,,
cgame,cgame_ents.c,CG_AddDebris,,,untriaged,,
cgame,cgame_ents.c,CG_WaterRipple,,,untriaged,,
cgame,cgame_events.c,CG_EntityEvent,,cgame/cg_event.c; cgame/cg_nitmod_events.c,ported_partial,ELF-event-table/control-flow/source-build,Original IDs 1-103 mapped including typed EV_BODY_DP; remaining presentation parity is tracked separately.
cgame,cgame_events.c,CG_CheckEvents,,,untriaged,,
cgame,cgame_fireteams.c,CG_FireteamHasClass,,,untriaged,,
cgame,cgame_fireteams.c,CG_Fireteams_MenuTitleText_Draw,,,untriaged,,
cgame,cgame_fireteams.c,CG_Fireteams_MenuText_Draw,,,untriaged,,
cgame,cgame_fireteams.c,CG_Fireteams_Setup,,,untriaged,,
cgame,cgame_fireteams.c,CG_Fireteams_KeyHandling,,,untriaged,,
cgame,cgame_fireteams.c,CG_Fireteams_Draw,,,untriaged,,
cgame,cgame_fireteams.c,CG_FireteamCheckExecKey,,,untriaged,,
cgame,cgame_main.c,CG_InitStatsDebug,,,untriaged,,
cgame,cgame_main.c,CG_InitFlameChunks,,,untriaged,,
cgame,cgame_main.c,CG_InitLocalEntities,,,untriaged,,
cgame,cgame_main.c,CG_Shutdown,,,untriaged,,
cgame,cgame_main.c,CG_InitMarkPolys,,,untriaged,,
cgame,cgame_main.c,CG_InitPMGraphics,,,untriaged,,
cgame,cgame_main.c,CG_InitPM,,,untriaged,,
cgame,cgame_math.c,SnapVectorTowards,,,untriaged,,
cgame,cgame_math.c,CG_Bullet,,,untriaged,,
cgame,cgame_math.c,ClampChar,,,untriaged,,
cgame,cgame_math.c,ClampShort,,,untriaged,,
cgame,cgame_math.c,DirToByte,,,untriaged,,
cgame,cgame_math.c,ByteToDir,,,untriaged,,
cgame,cgame_math.c,ColorBytes3,,,untriaged,,
cgame,cgame_math.c,ColorBytes4,,,untriaged,,
cgame,cgame_math.c,NormalizeColor,,,untriaged,,
cgame,cgame_math.c,PlaneFromPoints,,,untriaged,,
cgame,cgame_math.c,RotatePointAroundVertex,,,untriaged,,
cgame,cgame_math.c,vectoangles,,,untriaged,,
cgame,cgame_math.c,AnglesToAxis,,,untriaged,,
cgame,cgame_math.c,AxisClear,,,untriaged,,
cgame,cgame_math.c,AxisCopy,,,untriaged,,
cgame,cgame_math.c,ProjectPointOnPlane,,,untriaged,,
cgame,cgame_math.c,MakeNormalVectors,,,untriaged,,
cgame,cgame_math.c,VectorRotate,,,untriaged,,
cgame,cgame_math.c,LerpAngle,,,untriaged,,
cgame,cgame_math.c,LerpPosition,,,untriaged,,
cgame,cgame_math.c,AngleSubtract,,,untriaged,,
cgame,cgame_math.c,AnglesSubtract,,,untriaged,,
cgame,cgame_math.c,AngleMod,,,untriaged,,
cgame,cgame_math.c,AngleNormalize2Pi,,,untriaged,,
cgame,cgame_math.c,AngleNormalize360,,,untriaged,,
cgame,cgame_math.c,AngleNormalizeInt,,,untriaged,,
cgame,cgame_math.c,AngleNormalize180,,,untriaged,,
cgame,cgame_math.c,AngleDelta,,,untriaged,,
cgame,cgame_math.c,SetPlaneSignbits,,,untriaged,,
cgame,cgame_math.c,RadiusFromBounds,,,untriaged,,
cgame,cgame_math.c,ClearBounds,,,untriaged,,
cgame,cgame_math.c,AddPointToBounds,,,untriaged,,
cgame,cgame_math.c,PointInBounds,,,untriaged,,
cgame,cgame_math.c,VectorCompare,,,untriaged,,
cgame,cgame_math.c,VectorNormalize,,,untriaged,,
cgame,cgame_math.c,VectorNormalizeFast,,,untriaged,,
cgame,cgame_math.c,VectorNormalize2,,,untriaged,,
cgame,cgame_math.c,_VectorMA,,,untriaged,,
cgame,cgame_math.c,_DotProduct,,,untriaged,,
cgame,cgame_math.c,_VectorSubtract,,,untriaged,,
cgame,cgame_math.c,_VectorAdd,,,untriaged,,
cgame,cgame_math.c,_VectorCopy,,,untriaged,,
cgame,cgame_math.c,_VectorScale,,,untriaged,,
cgame,cgame_math.c,CrossProduct,,,untriaged,,
cgame,cgame_math.c,VectorLength,,,untriaged,,
cgame,cgame_math.c,VectorLengthSquared,,,untriaged,,
cgame,cgame_math.c,Distance,,,untriaged,,
cgame,cgame_math.c,DistanceSquared,,,untriaged,,
cgame,cgame_math.c,VectorInverse,,,untriaged,,
cgame,cgame_math.c,Vector4Scale,,,untriaged,,
cgame,cgame_math.c,MatrixMultiply,,,untriaged,,
cgame,cgame_math.c,AngleVectors,,,untriaged,,
cgame,cgame_math.c,PerpendicularVector,,,untriaged,,
cgame,cgame_math.c,RotatePointAroundVector,,,untriaged,,
cgame,cgame_math.c,RotateAroundDirection,,,untriaged,,
cgame,cgame_math.c,GetPerpendicularViewVector,,,untriaged,,
cgame,cgame_math.c,ProjectPointOntoVector,,,untriaged,,
cgame,cgame_math.c,ProjectPointOntoVectorBounded,,,untriaged,,
cgame,cgame_math.c,DistanceFromLineSquared,,,untriaged,,
cgame,cgame_math.c,DistanceFromVectorSquared,,,untriaged,,
cgame,cgame_math.c,vectoyaw,,,untriaged,,
cgame,cgame_math.c,AxisToAngles,,,untriaged,,
cgame,cgame_math.c,VectorDistance,,,untriaged,,
cgame,cgame_math.c,VectorDistanceSquared,,,untriaged,,
cgame,cgame_math.c,LerpColor,,,untriaged,,
cgame,cgame_nitrox.c,Nit_RemoveWordInString,,cgame/cg_nitmod.c,ported,source/build,Safe typed string implementation.
cgame,cgame_nitrox.c,nitrox_AddPredictableDamage,,game/bg_misc.c,ported,control-flow/source-build,Mapped to typed playerState damage feedback and shared landing prediction.
cgame,cgame_nitrox.c,nitrox_GetTokenForString,,,untriaged,,
cgame,cgame_nitrox.c,nitrox_CreateDirectory,,,untriaged,,
cgame,cgame_nitrox.c,BG_BuildFilePath,,,untriaged,,
cgame,cgame_nitrox.c,nitrox_MinimizeET_f,,cgame/cg_nitmod.c,ported,source/build,Original platform-not-supported message retained.
cgame,cgame_nitrox.c,nitmod_PrintCGS,,cgame/cg_nitmod.c,ported,source/build,Native configstring diagnostic.
cgame,cgame_nitrox.c,nitrox_GlobalStatsCmd_f,,,untriaged,,
cgame,cgame_nitrox.c,nitrox_ClassNumForLetter,,cgame/cg_nitmod.c,ported,source/build,Mapped to ET 2.60 player-class enums.
cgame,cgame_nitrox.c,nitrox_DrawPopup,,,untriaged,,
cgame,cgame_nitrox.c,nitrox_DrawGlobalStats,,,untriaged,,
cgame,cgame_nitrox.c,nitrox_LoadPanel_LoadingBar,,,untriaged,,
cgame,cgame_nitrox.c,nitrox_ConfigStringModified,,,untriaged,,
cgame,cgame_nitrox.c,nitrox_ProcessNewCS,,cgame/cg_nitmod_config.c,ported_partial,dispatch/source-build,Only reconstructed custom ranges are handled.
cgame,cgame_nitrox.c,nitrox_NextKey,,,deferred,callgraph-review,Shared helper has no recovered product callsite outside duplicated decompiler declarations.
cgame,cgame_nitrox.c,nitrox_ClampFloat,,cgame/cg_nitmod.c,ported,source/build,Typed clamp implementation.
cgame,cgame_nitrox.c,nitrox_ClampInt,,cgame/cg_nitmod.c,ported,source/build,Typed clamp implementation.
cgame,cgame_nitrox.c,nitrox_stripLeadingSpaces,,cgame/cg_nitmod.c,ported,source/build,Safe in-place leading-space removal.
cgame,cgame_nitrox.c,Nit_TDMScore_C,,,untriaged,,
cgame,cgame_nitrox.c,Nit_TDMScore_R,,,untriaged,,
cgame,cgame_nitrox.c,Nit_SpecMines,,,untriaged,,
cgame,cgame_nitrox.c,Nit_LiveStats,,,untriaged,,
cgame,cgame_nitrox.c,nitmod_ObjectiveEvent,,,untriaged,,
cgame,cgame_nitrox.c,Nit_TDMInfo,,,untriaged,,
cgame,cgame_nitrox.c,nitmod_DMTeamScoreboard,,,untriaged,,
cgame,cgame_nitrox.c,nitmod_GetSimpleCS,,,untriaged,,
cgame,cgame_nitrox.c,nitmod_ClientCheck,,,untriaged,,
cgame,cgame_nitrox.c,nitmod_AddKillPrint,,,untriaged,,
cgame,cgame_nitrox.c,nitmod_DrawKillPrint,,,untriaged,,
cgame,cgame_nitrox.c,nitmod_AddSpreePrint,,game/nitmod_announcements.c; cgame/cg_nitmod_config.c,ported_partial,producer-payloads/executable-tests,Shared announcement decoder: type 2 is a death spree; kill/death/revive counts use recovered producer values. Private text/sound tables and multi-kill table remain unresolved.
cgame,cgame_nitrox.c,nitmod_SpreePrint,,,untriaged,,
cgame,cgame_nitrox.c,nitmod_GetMapEndStats,,,untriaged,,
cgame,cgame_nitrox.c,nitrox_AddSpecialPrint,,,untriaged,,
cgame,cgame_nitrox.c,nitrox_DrawSpecialPrint,,,untriaged,,
cgame,cgame_nitrox.c,nitmod_ParseNCS,,,untriaged,,
cgame,cgame_nitrox.c,nitrox_ParseChargeTimes,,,untriaged,,
cgame,cgame_nitrox.c,nitrox_ConfigString,,,untriaged,,
cgame,cgame_nitrox.c,nitmod_DrawObjectiveHint,,,untriaged,,
cgame,cgame_nitrox.c,nitmod_DrawArtilleryHint,,,untriaged,,
cgame,cgame_nitrox.c,nitmod_CheckArtilleryHint,,,untriaged,,
cgame,cgame_nitrox.c,MD5Print,,,untriaged,,
cgame,cgame_nitrox.c,MD5toStr,,,untriaged,,
cgame,cgame_nitrox.c,nitrox_OpenCrashLog,,,untriaged,,
cgame,cgame_nitrox.c,nitrox_CloseCrashLog,,,untriaged,,
cgame,cgame_nitrox.c,Crash_Printf,,,untriaged,,
cgame,cgame_nitrox.c,installcrashhandler,,,untriaged,,
cgame,cgame_nitrox.c,restorecrashhandler,,,untriaged,,
cgame,cgame_nitrox.c,installinthandler,,,untriaged,,
cgame,cgame_nitrox.c,EnableStackTrace,,,untriaged,,
cgame,cgame_nitrox.c,DisableStackTrace,,,untriaged,,
cgame,cgame_nitrox.c,checkGuid,,cgame/cg_nitmod.c,ported,source/build,Original 32-character checksum rule.
cgame,cgame_nitrox.c,nitrox_GenerateNKeyFile,,,untriaged,,
cgame,cgame_nitrox.c,nitrox_ReadNKey,,,untriaged,,
cgame,cgame_nitrox.c,G_SHA1,,,untriaged,,
cgame,cgame_nitrox.c,SHA1Reset,,,untriaged,,
cgame,cgame_nitrox.c,SHA1ProcessMessageBlock,,,untriaged,,
cgame,cgame_nitrox.c,SHA1Input,,,untriaged,,
cgame,cgame_nitrox.c,SHA1Result,,,untriaged,,
cgame,cgame_nitrox.c,SHA1PadMessage,,,untriaged,,
cgame,cgame_nitrox.c,nitrox_TCPResolve,,,untriaged,,
cgame,cgame_nitrox.c,nitrox_TCPOpen,,,untriaged,,
cgame,cgame_nitrox.c,nitrox_TCPSendHB,,,untriaged,,
cgame,cgame_nitrox.c,nitrox_TCPConnect,,,untriaged,,
cgame,cgame_nitrox.c,nitrox_TCPSend,,,untriaged,,
cgame,cgame_nitrox.c,nitrox_TCPClose,,,untriaged,,
cgame,cgame_nitrox.c,nitrox_SendScreenshot,,,untriaged,,
cgame,cgame_nitrox.c,nitrox_ScreenshotFile,,,untriaged,,
cgame,cgame_nitrox.c,nitrox_ScreenshotFileExists,,,untriaged,,
cgame,cgame_nitrox.c,nitrox_Screenshot,,,untriaged,,
cgame,cgame_nitrox.c,nitrox_ScreenshotMD5,,,untriaged,,
cgame,cgame_nitrox.c,nitrox_InitFileTransfer,,,untriaged,,
cgame,cgame_nitrox.c,nitrox_OpenScreenshotFile,,,untriaged,,
cgame,cgame_nitrox.c,nitrox_CacheScreenshot,,,untriaged,,
cgame,cgame_nitrox.c,nitrox_PrepareScreenshot,,,untriaged,,
cgame,cgame_nitrox.c,nitrox_FreeScreenshot,,,untriaged,,
cgame,cgame_nitrox.c,nitrox_ScreenshotThink,,,untriaged,,
cgame,cgame_nitrox.c,MD5Transform,,,untriaged,,
cgame,cgame_nitrox.c,MD5Init,,,untriaged,,
cgame,cgame_nitrox.c,MD5Update,,,untriaged,,
cgame,cgame_nitrox.c,MD5Final,,,untriaged,,
cgame,cgame_particles.c,CG_ParticleSnowFlurry,,,untriaged,,
cgame,cgame_particles.c,CG_ParticleSnow,,,untriaged,,
cgame,cgame_particles.c,CG_ParticleBubble,,,untriaged,,
cgame,cgame_particles.c,CG_ParticleSmoke,,,untriaged,,
cgame,cgame_particles.c,CG_ParticleBulletDebris,,,untriaged,,
cgame,cgame_particles.c,CG_ParticleDirtBulletDebris,,,untriaged,,
cgame,cgame_particles.c,CG_ParticleDirtBulletDebris_Core,,,untriaged,,
cgame,cgame_particles.c,CG_ParticleExplosion,,,untriaged,,
cgame,cgame_particles.c,CG_ParticleExplosionTrail,,,untriaged,,
cgame,cgame_particles.c,CG_ParticleImpactSmokePuff,,,untriaged,,
cgame,cgame_particles.c,CG_Particle_Bleed,,,untriaged,,
cgame,cgame_particles.c,CG_Particle_OilParticle,,,untriaged,,
cgame,cgame_particles.c,CG_Particle_OilSlick,,,untriaged,,
cgame,cgame_particles.c,CG_ParticleBloodCloud,,,untriaged,,
cgame,cgame_particles.c,CG_ParticleBloodCloudZombie,,,untriaged,,
cgame,cgame_particles.c,CG_ParticleSparks,,,untriaged,,
cgame,cgame_particles.c,CG_ParticleDust,,,untriaged,,
cgame,cgame_particles.c,CG_ParticleMisc,,,untriaged,,
cgame,cgame_players.c,CG_PlayerSelected,,,untriaged,,
cgame,cgame_players.c,CG_PlayerSeesItem,,,untriaged,,
cgame,cgame_players.c,CG_CustomSound,,,untriaged,,
cgame,cgame_players.c,CG_PlayerSFFromPos,,,untriaged,,
cgame,cgame_players.c,CG_PlayerNFFromPos,,,untriaged,,
cgame,cgame_players.c,CG_PlayerFloatSprite,,,untriaged,,
cgame,cgame_players.c,CG_PlayerClassForClientinfo,,,untriaged,,
cgame,cgame_players.c,CG_PlayerAngles,,,untriaged,,
cgame,cgame_players.c,CG_PlayerFloatText,,,untriaged,,
cgame,cgame_players.c,CG_NewClientInfo,,,untriaged,,
cgame,cgame_players.c,CG_Player,,,untriaged,,
cgame,cgame_players.c,CG_HudHeadAnimation,,,untriaged,,
cgame,cgame_pmove.c,PM_ReloadClip,,game/bg_pmove.c; game/nitmod_weapon_reload.c,ported_partial,original-ELF-0xa500/full-module-transfer-fixture,Active typed magazine transfer including Akimbo; current native capacities. See reference/active-reload-completion.md.
cgame,cgame_pmove.c,PM_StartWeaponAnim,,,untriaged,,
cgame,cgame_pmove.c,PM_DropTimers,,,untriaged,,
cgame,cgame_pmove.c,PM_Friction,,,untriaged,,
cgame,cgame_pmove.c,PM_SetWaterLevel,,,untriaged,,
cgame,cgame_pmove.c,PM_SetMovementDir,,,untriaged,,
cgame,cgame_pmove.c,PM_CmdScale_isra_0,,,untriaged,,
cgame,cgame_pmove.c,PM_TraceAllLegs_constprop_8,,,untriaged,,
cgame,cgame_pmove.c,PM_CheckDuck,,,untriaged,,
cgame,cgame_pmove.c,PM_WaterMove,,,untriaged,,
cgame,cgame_pmove.c,PM_AirMove,,,untriaged,,
cgame,cgame_pmove.c,PM_BeginWeaponReload,,game/bg_pmove.c; game/nitmod_weapon_reload_feedback.c,ported_partial,recovered-helper/production-start-matrix,Active fifteen-identity validated start bundle including three scoped rifles; native Garand policy retained. See reference/active-scoped-reload.md.
cgame,cgame_pmove.c,PM_AddEvent,,,untriaged,,
cgame,cgame_pmove.c,PM_AddEventExt,,,untriaged,,
cgame,cgame_pmove.c,PM_IdleAnimForWeapon,,,untriaged,,
cgame,cgame_pmove.c,PM_AltSwitchFromForWeapon,,,untriaged,,
cgame,cgame_pmove.c,PM_AltSwitchToForWeapon,,,untriaged,,
cgame,cgame_pmove.c,PM_AttackAnimForWeapon,,,untriaged,,
cgame,cgame_pmove.c,PM_LastAttackAnimForWeapon,,,untriaged,,
cgame,cgame_pmove.c,PM_ReloadAnimForWeapon,,,untriaged,,
cgame,cgame_pmove.c,PM_RaiseAnimForWeapon,,,untriaged,,
cgame,cgame_pmove.c,PM_DropAnimForWeapon,,,untriaged,,
cgame,cgame_pmove.c,PM_AddTouchEnt,,,untriaged,,
cgame,cgame_pmove.c,PM_ContinueWeaponAnim,,,untriaged,,
cgame,cgame_pmove.c,PM_ClipVelocity,,,untriaged,,
cgame,cgame_pmove.c,PM_TraceLegs,,,untriaged,,
cgame,cgame_pmove.c,PM_TraceHead,,,untriaged,,
cgame,cgame_pmove.c,PM_TraceAllLegs,,,untriaged,,
cgame,cgame_pmove.c,PM_GroundTrace,,,untriaged,,
cgame,cgame_pmove.c,PM_TraceAll,,,untriaged,,
cgame,cgame_pmove.c,PM_BeginWeaponChange,,,untriaged,,
cgame,cgame_pmove.c,PM_CheckForReload,,game/bg_pmove.c; game/nitmod_weapon_reload.c,ported_partial,original-ELF-0x19c80/production-request-matrix,Active scoped and unscoped decision with replicated war mode; native auto-reload policy retained. See reference/active-scoped-reload.md.
cgame,cgame_pmove.c,PM_WeaponUseAmmo,,game/bg_pmove.c; game/nitmod_weapon_clip.c; game/nitmod_weapon_consumption.c,ported_partial,shared-consumption/25344-full-module-cases,Active exact-zero refill with synchronized war/noReload inputs; native ammo defaults retained. See reference/active-weapon-refill.md.
cgame,cgame_pmove.c,PM_WeaponAmmoAvailable,,,untriaged,,
cgame,cgame_pmove.c,PM_WeaponClipEmpty,,,untriaged,,
cgame,cgame_pmove.c,PM_CoolWeapons,,,untriaged,,
cgame,cgame_pmove.c,PM_AdjustAimSpreadScale,,,untriaged,,
cgame,cgame_pmove.c,PM_AltFire,,,untriaged,,
cgame,cgame_pmove.c,PM_Weapon,,,untriaged,,
cgame,cgame_pmove.c,PM_AltFiring,,,untriaged,,
cgame,cgame_pmove.c,PM_UpdateLean,,,untriaged,,
cgame,cgame_pmove.c,PM_UpdateFlyLean,,,untriaged,,
cgame,cgame_pmove.c,PM_UpdateViewAngles,,,untriaged,,
cgame,cgame_pmove.c,PM_CheckLadderMove,,,untriaged,,
cgame,cgame_pmove.c,PM_LadderMove,,,untriaged,,
cgame,cgame_pmove.c,PM_Sprint,,,untriaged,,
cgame,cgame_pmove.c,PM_CheckAttack,,,untriaged,,
cgame,cgame_pmove.c,PmoveSingle,,,untriaged,,
cgame,cgame_pmove.c,Pmove,,,untriaged,,
cgame,cgame_pmove.c,PmovePredict,,,untriaged,,
cgame,cgame_pmove.c,PM_SlideMove,,,untriaged,,
cgame,cgame_pmove.c,PM_StepSlideMove,,,untriaged,,
cgame,cgame_predict.c,CG_InterpolateEntityPosition_part_3,,,untriaged,,
cgame,cgame_predict.c,CG_PredictLean,,,untriaged,,
cgame,cgame_predict.c,CG_TransitionPlayerState,,,untriaged,,
cgame,cgame_predict.c,CG_PointContents,,,untriaged,,
cgame,cgame_predict.c,CG_InterpolatePlayerState,,,untriaged,,
cgame,cgame_predict.c,CG_Trace,,,untriaged,,
cgame,cgame_predict.c,CG_TraceCapsule,,,untriaged,,
cgame,cgame_predict.c,CG_BuildSolidList,,,untriaged,,
cgame,cgame_predict.c,CG_Trace_World,,,untriaged,,
cgame,cgame_predict.c,CG_PredictionOk,,,untriaged,,
cgame,cgame_predict.c,CG_PredictPlayerState,,,untriaged,,
cgame,cgame_predict.c,CG_TransitionEntity,,,untriaged,,
cgame,cgame_predict.c,CG_Tracer,,,untriaged,,
cgame,cgame_runtime.c,_init,,,untriaged,,
cgame,cgame_runtime.c,deregister_tm_clones,,,untriaged,,
cgame,cgame_runtime.c,register_tm_clones,,,untriaged,,
cgame,cgame_runtime.c,__do_global_dtors_aux,,,untriaged,,
cgame,cgame_runtime.c,frame_dummy,,,untriaged,,
cgame,cgame_runtime.c,_fini,,,untriaged,,
cgame,cgame_servercmds.c,CG_ParseMapEntity,,,untriaged,,
cgame,cgame_servercmds.c,CG_ParseMapEntityInfo,,,untriaged,,
cgame,cgame_servercmds.c,CG_ParseFireteams,,,untriaged,,
cgame,cgame_servercmds.c,CG_ParseTeamXPs,,,untriaged,,
cgame,cgame_servercmds.c,CG_ParseVoiceChats_constprop_4,,,untriaged,,
cgame,cgame_servercmds.c,CG_ParseServerinfo,,,untriaged,,
cgame,cgame_servercmds.c,CG_ParseOIDInfo,,,untriaged,,
cgame,cgame_servercmds.c,CG_ParseOIDInfos,,,untriaged,,
cgame,cgame_servercmds.c,CG_ParseSpawns,,,untriaged,,
cgame,cgame_servercmds.c,CG_ParseReinforcementTimes,,,untriaged,,
cgame,cgame_servercmds.c,CG_ParseVoiceChats,,,untriaged,,
cgame,cgame_servercmds.c,CG_ParseWarmup,,,untriaged,,
cgame,cgame_servercmds.c,CG_ParseWolfinfo,,,untriaged,,
cgame,cgame_servercmds.c,CG_ParseWeaponStats,,,untriaged,,
cgame,cgame_servercmds.c,CG_ParsePortalPos,,,untriaged,,
cgame,cgame_servercmds.c,CG_ServerCommand,,,untriaged,,
cgame,cgame_servercmds.c,CG_ParseEntityFromSpawnVars,,,untriaged,,
cgame,cgame_servercmds.c,CG_ParseSpawnVars,,,untriaged,,
cgame,cgame_servercmds.c,CG_ParseEntitiesFromString,,,untriaged,,
cgame,cgame_servercmds.c,CG_ParseSkyBox,,,untriaged,,
cgame,cgame_servercmds.c,CG_ParseTagConnects,,,untriaged,,
cgame,cgame_servercmds.c,CG_ParseTagConnect,,,untriaged,,
cgame,cgame_servercmds.c,CG_ParseWeaponConfig,,,untriaged,,
cgame,cgame_servercmds.c,CG_ParseScore,,,untriaged,,
cgame,cgame_servercmds.c,CG_ParseKD,,,untriaged,,
cgame,cgame_servercmds.c,CG_ParseInfo,,,untriaged,,
cgame,cgame_shared.c,Com_GetFlamethrowerRange,,,untriaged,,
cgame,cgame_shared.c,Com_Printf,,,untriaged,,
cgame,cgame_shared.c,Com_Error,,,untriaged,,
cgame,cgame_shared.c,vtosf,,,untriaged,,
cgame,cgame_shared.c,Info_NextKey,,,untriaged,,
cgame,cgame_shared.c,vtos,,,untriaged,,
cgame,cgame_shared.c,Q_rand,,,untriaged,,
cgame,cgame_shared.c,Q_random,,,untriaged,,
cgame,cgame_shared.c,Q_crandom,,,untriaged,,
cgame,cgame_shared.c,Q_rsqrt,,,untriaged,,
cgame,cgame_shared.c,Q_fabs,,,untriaged,,
cgame,cgame_shared.c,Q_log2,,,untriaged,,
cgame,cgame_shared.c,COM_ParseExt_constprop_2,,,untriaged,,
cgame,cgame_shared.c,Info_RemoveKey_Big_part_1,,,untriaged,,
cgame,cgame_shared.c,Info_RemoveKey_part_0,,,untriaged,,
cgame,cgame_shared.c,Com_Clamp,,,untriaged,,
cgame,cgame_shared.c,COM_FixPath,,,untriaged,,
cgame,cgame_shared.c,COM_SkipPath,,,untriaged,,
cgame,cgame_shared.c,COM_StripExtension,,,untriaged,,
cgame,cgame_shared.c,COM_StripFilename,,,untriaged,,
cgame,cgame_shared.c,COM_BitCheck,,,untriaged,,
cgame,cgame_shared.c,COM_BitSet,,,untriaged,,
cgame,cgame_shared.c,COM_BitClear,,,untriaged,,
cgame,cgame_shared.c,COM_BackupParseSession,,,untriaged,,
cgame,cgame_shared.c,COM_RestoreParseSession,,,untriaged,,
cgame,cgame_shared.c,COM_GetCurrentParseLine,,,untriaged,,
cgame,cgame_shared.c,COM_Parse,,,untriaged,,
cgame,cgame_shared.c,COM_ParseError,,,untriaged,,
cgame,cgame_shared.c,COM_Compress,,,untriaged,,
cgame,cgame_shared.c,COM_ParseExt,,,untriaged,,
cgame,cgame_shared.c,COM_MatchToken,,,untriaged,,
cgame,cgame_shared.c,SkipBracedSection_Depth,,,untriaged,,
cgame,cgame_shared.c,SkipBracedSection,,,untriaged,,
cgame,cgame_shared.c,SkipRestOfLine,,,untriaged,,
cgame,cgame_shared.c,Parse1DMatrix,,,untriaged,,
cgame,cgame_shared.c,Parse2DMatrix,,,untriaged,,
cgame,cgame_shared.c,Parse3DMatrix,,,untriaged,,
cgame,cgame_shared.c,Q_isprint,,,untriaged,,
cgame,cgame_shared.c,Q_islower,,,untriaged,,
cgame,cgame_shared.c,Q_isupper,,,untriaged,,
cgame,cgame_shared.c,Q_isalpha,,,untriaged,,
cgame,cgame_shared.c,Q_isnumeric,,,untriaged,,
cgame,cgame_shared.c,Q_isalphanumeric,,,untriaged,,
cgame,cgame_shared.c,Q_isforfilename,,,untriaged,,
cgame,cgame_shared.c,Q_strrchr,,,untriaged,,
cgame,cgame_shared.c,Q_strncpyz,,,untriaged,,
cgame,cgame_shared.c,Q_stricmpn,,,untriaged,,
cgame,cgame_shared.c,Q_strncmp,,,untriaged,,
cgame,cgame_shared.c,Q_stricmp,,,untriaged,,
cgame,cgame_shared.c,Q_strlwr,,,untriaged,,
cgame,cgame_shared.c,Q_strupr,,,untriaged,,
cgame,cgame_shared.c,Q_strcat,,,untriaged,,
cgame,cgame_shared.c,Q_PrintStrlen,,,untriaged,,
cgame,cgame_shared.c,Q_CleanStr,,,untriaged,,
cgame,cgame_shared.c,Q_isBadDirChar,,,untriaged,,
cgame,cgame_shared.c,Q_CleanDirName,,,untriaged,,
cgame,cgame_shared.c,Com_sprintf,,,untriaged,,
cgame,cgame_shared.c,COM_BeginParseSession,,,untriaged,,
cgame,cgame_shared.c,va,,,untriaged,,
cgame,cgame_shared.c,tv,,,untriaged,,
cgame,cgame_shared.c,Info_ValueForKey,,,untriaged,,
cgame,cgame_shared.c,Info_NextPair,,,untriaged,,
cgame,cgame_shared.c,Info_RemoveKey,,,untriaged,,
cgame,cgame_shared.c,Info_RemoveKey_Big,,,untriaged,,
cgame,cgame_shared.c,Info_Validate,,,untriaged,,
cgame,cgame_shared.c,Info_SetValueForKey,,,untriaged,,
cgame,cgame_shared.c,Info_SetValueForKey_Big,,,untriaged,,
cgame,cgame_shared.c,Q_StrReplace,,,untriaged,,
cgame,cgame_shared.c,COM_ParseExt_nico,,,untriaged,,
cgame,cgame_shared.c,encode64,,,untriaged,,
cgame,cgame_shared.c,decode64,,,untriaged,,
cgame,cgame_shared.c,FileExists,,,untriaged,,
cgame,cgame_shared.c,need_escape,,,untriaged,,
cgame,cgame_shared.c,escape_string,,,untriaged,,
cgame,cgame_shared.c,unescape_string,,,untriaged,,
cgame,cgame_snapshot.c,CG_ExecuteNewServerCommands,,,untriaged,,
cgame,cgame_snapshot.c,CG_SetInitialSnapshot,,,untriaged,,
cgame,cgame_snapshot.c,CG_ProcessSnapshots,,,untriaged,,
cgame,cgame_sound.c,CG_PlayCinematic,,,untriaged,,
cgame,cgame_sound.c,CG_PlayPMItemSound,,,untriaged,,
cgame,cgame_sound.c,CG_PlayVoiceChat,,,untriaged,,
cgame,cgame_sound.c,CG_PlayBufferedVoiceChats,,,untriaged,,
cgame,cgame_sound.c,CG_SoundLoadSoundFiles,,,untriaged,,
cgame,cgame_sound.c,CG_SoundScriptPrecache,,,untriaged,,
cgame,cgame_sound.c,CG_SoundPickOldestRandomSound,,,untriaged,,
cgame,cgame_sound.c,CG_SoundPlaySoundScript,,,untriaged,,
cgame,cgame_sound.c,CG_SoundPlayIndexedScript,,,untriaged,,
cgame,cgame_sound.c,CG_SoundInit,,,untriaged,,
cgame,cgame_sound.c,CG_PlaySwitchSound,,,untriaged,,
cgame,cgame_spawn.c,SP_trigger_objective_info,,,untriaged,,
cgame,cgame_spawn.c,SP_path_corner_2,,,untriaged,,
cgame,cgame_spawn.c,SP_info_train_spline_main,,,untriaged,,
cgame,cgame_spawn.c,SP_corona,,cgame/cg_nitmod_coronas.c; cgame/cg_spawn.c,ported_partial,original-ELF-0xb2d10/full-cgame-spawn-fixture,1024 typed static map coronas with original server-key exclusions and color priority. See reference/client-static-map-coronas.md.
cgame,cgame_spawn.c,SP_misc_gamemodel,,,untriaged,,
cgame,cgame_spawn.c,SP_worldspawn,,,untriaged,,
cgame,cgame_traps.c,trap_PumpEventLoop,,,untriaged,,
cgame,cgame_traps.c,trap_Print,,,untriaged,,
cgame,cgame_traps.c,trap_Error,,,untriaged,,
cgame,cgame_traps.c,trap_Milliseconds,,,untriaged,,
cgame,cgame_traps.c,trap_Cvar_Register,,,untriaged,,
cgame,cgame_traps.c,trap_Cvar_Update,,,untriaged,,
cgame,cgame_traps.c,trap_Cvar_Set,,,untriaged,,
cgame,cgame_traps.c,trap_Cvar_VariableStringBuffer,,,untriaged,,
cgame,cgame_traps.c,trap_Cvar_LatchedVariableStringBuffer,,,untriaged,,
cgame,cgame_traps.c,trap_Argc,,,untriaged,,
cgame,cgame_traps.c,trap_Argv,,,untriaged,,
cgame,cgame_traps.c,trap_Args,,,untriaged,,
cgame,cgame_traps.c,trap_FS_FOpenFile,,,untriaged,,
cgame,cgame_traps.c,trap_FS_Read,,,untriaged,,
cgame,cgame_traps.c,trap_FS_Write,,,untriaged,,
cgame,cgame_traps.c,trap_FS_FCloseFile,,,untriaged,,
cgame,cgame_traps.c,trap_FS_GetFileList,,,untriaged,,
cgame,cgame_traps.c,trap_FS_Delete,,,untriaged,,
cgame,cgame_traps.c,trap_SendConsoleCommand,,,untriaged,,
cgame,cgame_traps.c,trap_AddCommand,,,untriaged,,
cgame,cgame_traps.c,trap_RemoveCommand,,,untriaged,,
cgame,cgame_traps.c,trap_SendClientCommand,,,untriaged,,
cgame,cgame_traps.c,trap_UpdateScreen,,,untriaged,,
cgame,cgame_traps.c,trap_CM_NumInlineModels,,,untriaged,,
cgame,cgame_traps.c,trap_CM_InlineModel,,,untriaged,,
cgame,cgame_traps.c,trap_CM_TempBoxModel,,,untriaged,,
cgame,cgame_traps.c,trap_CM_TempCapsuleModel,,,untriaged,,
cgame,cgame_traps.c,trap_CM_PointContents,,,untriaged,,
cgame,cgame_traps.c,trap_CM_TransformedPointContents,,,untriaged,,
cgame,cgame_traps.c,trap_CM_BoxTrace,,,untriaged,,
cgame,cgame_traps.c,trap_CM_TransformedBoxTrace,,,untriaged,,
cgame,cgame_traps.c,trap_CM_CapsuleTrace,,,untriaged,,
cgame,cgame_traps.c,trap_CM_TransformedCapsuleTrace,,,untriaged,,
cgame,cgame_traps.c,trap_CM_MarkFragments,,,untriaged,,
cgame,cgame_traps.c,trap_R_ProjectDecal,,,untriaged,,
cgame,cgame_traps.c,trap_R_ClearDecals,,,untriaged,,
cgame,cgame_traps.c,trap_S_StartSound,,,untriaged,,
cgame,cgame_traps.c,trap_S_StartSoundVControl,,,untriaged,,
cgame,cgame_traps.c,trap_S_StartSoundEx,,,untriaged,,
cgame,cgame_traps.c,trap_S_StartSoundExVControl,,,untriaged,,
cgame,cgame_traps.c,trap_S_StartLocalSound,,,untriaged,,
cgame,cgame_traps.c,trap_S_ClearLoopingSounds,,,untriaged,,
cgame,cgame_traps.c,trap_S_ClearSounds,,,untriaged,,
cgame,cgame_traps.c,trap_S_AddLoopingSound,,,untriaged,,
cgame,cgame_traps.c,trap_S_AddRealLoopingSound,,,untriaged,,
cgame,cgame_traps.c,trap_S_StopStreamingSound,,,untriaged,,
cgame,cgame_traps.c,trap_S_UpdateEntityPosition,,,untriaged,,
cgame,cgame_traps.c,trap_S_GetVoiceAmplitude,,,untriaged,,
cgame,cgame_traps.c,trap_S_Respatialize,,,untriaged,,
cgame,cgame_traps.c,trap_S_GetSoundLength,,,untriaged,,
cgame,cgame_traps.c,trap_S_GetCurrentSoundTime,,,untriaged,,
cgame,cgame_traps.c,trap_S_StartBackgroundTrack,,,untriaged,,
cgame,cgame_traps.c,trap_S_FadeBackgroundTrack,,,untriaged,,
cgame,cgame_traps.c,trap_S_FadeAllSound,,,untriaged,,
cgame,cgame_traps.c,trap_S_StartStreamingSound,,,untriaged,,
cgame,cgame_traps.c,trap_R_GetSkinModel,,,untriaged,,
cgame,cgame_traps.c,trap_R_GetShaderFromModel,,,untriaged,,
cgame,cgame_traps.c,trap_R_ClearScene,,,untriaged,,
cgame,cgame_traps.c,trap_R_AddRefEntityToScene,,,untriaged,,
cgame,cgame_traps.c,trap_R_AddPolyToScene,,,untriaged,,
cgame,cgame_traps.c,trap_R_AddPolyBufferToScene,,,untriaged,,
cgame,cgame_traps.c,trap_R_AddPolysToScene,,,untriaged,,
cgame,cgame_traps.c,trap_R_AddLightToScene,,,untriaged,,
cgame,cgame_traps.c,trap_R_AddCoronaToScene,,,untriaged,,
cgame,cgame_traps.c,trap_R_SetFog,,,untriaged,,
cgame,cgame_traps.c,trap_R_SetGlobalFog,,,untriaged,,
cgame,cgame_traps.c,trap_R_RenderScene,,,untriaged,,
cgame,cgame_traps.c,trap_R_SaveViewParms,,,untriaged,,
cgame,cgame_traps.c,trap_R_RestoreViewParms,,,untriaged,,
cgame,cgame_traps.c,trap_R_SetColor,,,untriaged,,
cgame,cgame_traps.c,trap_R_DrawStretchPic,,,untriaged,,
cgame,cgame_traps.c,trap_R_DrawRotatedPic,,,untriaged,,
cgame,cgame_traps.c,trap_R_DrawStretchPicGradient,,,untriaged,,
cgame,cgame_traps.c,trap_R_Add2dPolys,,,untriaged,,
cgame,cgame_traps.c,trap_R_ModelBounds,,,untriaged,,
cgame,cgame_traps.c,trap_R_LerpTag,,,untriaged,,
cgame,cgame_traps.c,trap_R_RemapShader,,,untriaged,,
cgame,cgame_traps.c,trap_GetGlconfig,,,untriaged,,
cgame,cgame_traps.c,trap_GetGameState,,,untriaged,,
cgame,cgame_traps.c,trap_GetCurrentSnapshotNumber,,,untriaged,,
cgame,cgame_traps.c,trap_GetSnapshot,,,untriaged,,
cgame,cgame_traps.c,trap_GetServerCommand,,,untriaged,,
cgame,cgame_traps.c,trap_GetCurrentCmdNumber,,,untriaged,,
cgame,cgame_traps.c,trap_GetUserCmd,,,untriaged,,
cgame,cgame_traps.c,trap_SetUserCmdValue,,,untriaged,,
cgame,cgame_traps.c,trap_SetClientLerpOrigin,,,untriaged,,
cgame,cgame_traps.c,trap_MemoryRemaining,,,untriaged,,
cgame,cgame_traps.c,trap_loadCamera,,,untriaged,,
cgame,cgame_traps.c,trap_startCamera,,,untriaged,,
cgame,cgame_traps.c,trap_stopCamera,,,untriaged,,
cgame,cgame_traps.c,trap_getCameraInfo,,,untriaged,,
cgame,cgame_traps.c,trap_Key_IsDown,,,untriaged,,
cgame,cgame_traps.c,trap_Key_GetCatcher,,,untriaged,,
cgame,cgame_traps.c,trap_Key_GetOverstrikeMode,,,untriaged,,
cgame,cgame_traps.c,trap_Key_SetOverstrikeMode,,,untriaged,,
cgame,cgame_traps.c,trap_Key_KeysForBinding,,,untriaged,,
cgame,cgame_traps.c,trap_Key_SetCatcher,,,untriaged,,
cgame,cgame_traps.c,trap_Key_GetKey,,,untriaged,,
cgame,cgame_traps.c,trap_PC_AddGlobalDefine,,,untriaged,,
cgame,cgame_traps.c,trap_PC_LoadSource,,,untriaged,,
cgame,cgame_traps.c,trap_PC_FreeSource,,,untriaged,,
cgame,cgame_traps.c,trap_PC_ReadToken,,,untriaged,,
cgame,cgame_traps.c,trap_PC_SourceFileAndLine,,,untriaged,,
cgame,cgame_traps.c,trap_PC_UnReadToken,,,untriaged,,
cgame,cgame_traps.c,trap_S_StopBackgroundTrack,,,untriaged,,
cgame,cgame_traps.c,trap_RealTime,,,untriaged,,
cgame,cgame_traps.c,trap_SnapVector,,,untriaged,,
cgame,cgame_traps.c,trap_CIN_PlayCinematic,,,untriaged,,
cgame,cgame_traps.c,trap_CIN_StopCinematic,,,untriaged,,
cgame,cgame_traps.c,trap_CIN_RunCinematic,,,untriaged,,
cgame,cgame_traps.c,trap_CIN_DrawCinematic,,,untriaged,,
cgame,cgame_traps.c,trap_CIN_SetExtents,,,untriaged,,
cgame,cgame_traps.c,trap_GetEntityToken,,,untriaged,,
cgame,cgame_traps.c,trap_UI_Popup,,,untriaged,,
cgame,cgame_traps.c,trap_Key_GetBindingBuf,,,untriaged,,
cgame,cgame_traps.c,trap_Key_SetBinding,,,untriaged,,
cgame,cgame_traps.c,trap_Key_KeynumToStringBuf,,,untriaged,,
cgame,cgame_traps.c,trap_S_RegisterSound,,,untriaged,,
cgame,cgame_traps.c,trap_R_RegisterModel,,,untriaged,,
cgame,cgame_traps.c,trap_R_RegisterSkin,,,untriaged,,
cgame,cgame_traps.c,trap_R_RegisterShader,,,untriaged,,
cgame,cgame_traps.c,trap_R_RegisterShaderNoMip,,,untriaged,,
cgame,cgame_traps.c,trap_R_RegisterFont,,,untriaged,,
cgame,cgame_traps.c,trap_CM_LoadMap,,,untriaged,,
cgame,cgame_traps.c,trap_R_LoadWorldMap,,,untriaged,,
cgame,cgame_traps.c,trap_R_inPVS,,,untriaged,,
cgame,cgame_traps.c,trap_GetHunkData,,,untriaged,,
cgame,cgame_traps.c,trap_SendMessage,,,untriaged,,
cgame,cgame_traps.c,trap_MessageStatus,,,untriaged,,
cgame,cgame_traps.c,trap_R_LoadDynamicShader,,,untriaged,,
cgame,cgame_traps.c,trap_R_RenderToTexture,,,untriaged,,
cgame,cgame_traps.c,trap_R_GetTextureId,,,untriaged,,
cgame,cgame_traps.c,trap_R_Finish,,,untriaged,,
cgame,cgame_ui.c,CG_DrawGrid_constprop_8,,,untriaged,,
cgame,cgame_ui.c,CG_DrawSpawnPointInfo_constprop_5,,,untriaged,,
cgame,cgame_ui.c,CG_DrawExpandedAutoMap,,,untriaged,,
cgame,cgame_ui.c,CG_DrawSpawnPointInfo,,,untriaged,,
cgame,cgame_ui.c,CG_DrawMortarMarker,,,untriaged,,
cgame,cgame_ui.c,CG_DrawMap,,,untriaged,,
cgame,cgame_ui.c,CG_DrawAutoMap,,,untriaged,,
cgame,cgame_ui.c,CG_LimboMenu_f,,,untriaged,,
cgame,cgame_ui.c,CG_Debriefing_ChatEdit_Draw,,,untriaged,,
cgame,cgame_ui.c,CG_Debriefing_PlayerTime_Draw,,,untriaged,,
cgame,cgame_ui.c,CG_Debriefing2TeamSkillHeaders_Draw,,,untriaged,,
cgame,cgame_ui.c,CG_DebriefingPlayerWeaponStats_Draw,,,untriaged,,
cgame,cgame_ui.c,CG_Debriefing_ChatBox_Draw,,,untriaged,,
cgame,cgame_ui.c,CG_Debriefing_PlayerHitReg_Draw,,,untriaged,,
cgame,cgame_ui.c,CG_DebriefingPlayerList_Draw,,,untriaged,,
cgame,cgame_ui.c,CG_DebriefingXPHeader_Draw,,,untriaged,,
cgame,cgame_ui.c,CG_Debriefing_QCButton_KeyDown,,,untriaged,,
cgame,cgame_ui.c,CG_Debriefing_ChatEditFinish,,,untriaged,,
cgame,cgame_ui.c,CG_Debriefing_NextButton_KeyDown,,cgame/cg_debriefing.c; cgame/cg_nitmod_mapvote.c,ported_partial,original-ELF-0x36670/576-page-transitions,Four views with original TDM/DM vote gates; local native page IDs retained. See reference/client-debrief-page-lifecycle.md.
cgame,cgame_ui.c,CG_Debriefing2_Maps_KeyDown,,,untriaged,,
cgame,cgame_ui.c,CG_Debriefing_ReadyButton_KeyDown,,,untriaged,,
cgame,cgame_ui.c,CG_Debriefing_Scrollbar_KeyUp,,,untriaged,,
cgame,cgame_ui.c,CG_Debriefing_ChatButton_KeyDown,,,untriaged,,
cgame,cgame_ui.c,CG_DebriefingPlayerList_KeyDown,,,untriaged,,
cgame,cgame_ui.c,CG_Debriefing_PlayerName_Draw,,,untriaged,,
cgame,cgame_ui.c,CG_Debriefing_PlayerRank_Draw,,,untriaged,,
cgame,cgame_ui.c,CG_Debriefing_PlayerACC_Draw,,,untriaged,,
cgame,cgame_ui.c,CG_Debriefing_PlayerXP_Draw,,,untriaged,,
cgame,cgame_ui.c,CG_DebriefingTitle_Draw,,,untriaged,,
cgame,cgame_ui.c,CG_Debriefing_PlayerMedals_Draw,,,untriaged,,
cgame,cgame_ui.c,CG_Debriefing_NextButton_Draw,,,untriaged,,
cgame,cgame_ui.c,CG_Debriefing_ChatButton_Draw,,,untriaged,,
cgame,cgame_ui.c,CG_Debriefing_ReadyButton_Draw,,,untriaged,,
cgame,cgame_ui.c,CG_Debriefing_PlayerSkills_Draw,,,untriaged,,
cgame,cgame_ui.c,CG_Debriefing_Startup,,,untriaged,,
cgame,cgame_ui.c,CG_Debriefing_Shutdown,,,untriaged,,
cgame,cgame_ui.c,CG_Debriefing_InfoRequests,,cgame/cg_debriefing.c,ported_partial,original-ELF-0x39290/1536-request-profiles,Map-list priority followed by player statistics without starvation; optional imhr nonblocking. See reference/client-debrief-page-lifecycle.md.
cgame,cgame_ui.c,CG_Debriefing_Draw,,,untriaged,,
cgame,cgame_ui.c,CG_Debriefing_GetNextWeaponStat,,,untriaged,,
cgame,cgame_ui.c,CG_Debriefing_TimeToString,,,untriaged,,
cgame,cgame_ui.c,CG_Debriefing_FullRankNameForClientInfo,,,untriaged,,
cgame,cgame_ui.c,CG_Debriefing_RankNameForClientInfo,,,untriaged,,
cgame,cgame_ui.c,CG_Debriefing_ParseWeaponAccuracies,,,untriaged,,
cgame,cgame_ui.c,CG_Debriefing_ParsePlayerKillsDeaths,,,untriaged,,
cgame,cgame_ui.c,CG_Debriefing_ParseWeaponStats,,,untriaged,,
cgame,cgame_ui.c,CG_Debriefing_ParseHitRegions,,cgame/cg_debriefing.c,ported_partial,original-ELF-0x39a00/source-contract,"Four typed count/percentage pairs, exact arity and atomic commit. See reference/debrief-intermission-protocol.md."
cgame,cgame_ui.c,CG_Debriefing_ServerCommand,,,untriaged,,
cgame,cgame_ui.c,CG_Debriefing_ScrollGetMax,,,untriaged,,
cgame,cgame_ui.c,CG_Debriefing_ScrollGetCount,,,untriaged,,
cgame,cgame_ui.c,CG_Debriefing_ScrollGetOffset,,,untriaged,,
cgame,cgame_ui.c,CG_Debriefing_ScrollSetOffset,,,untriaged,,
cgame,cgame_ui.c,CG_Debriefing_ScrollGetBarRect,,,untriaged,,
cgame,cgame_ui.c,CG_Debriefing_ScrollCheckOffset,,,untriaged,,
cgame,cgame_ui.c,CG_Debriefing_Scrollbar_Draw,,,untriaged,,
cgame,cgame_ui.c,CG_Debriefing_Scrollbar_KeyDown,,,untriaged,,
cgame,cgame_ui.c,CG_Debriefing_MouseEvent,,,untriaged,,
cgame,cgame_ui.c,CG_Debriefing_KeyEvent,,,untriaged,,
cgame,cgame_ui.c,CG_Debriefing_GetSelectedClientInfo,,,untriaged,,
cgame,cgame_ui.c,CG_Debriefing_CalcCampaignProgress,,,untriaged,,
cgame,cgame_ui.c,CG_Debriefing_FindWinningTeamForMap,,,untriaged,,
cgame,cgame_ui.c,CG_Debriefing_FindWinningTeamForPos,,,untriaged,,
cgame,cgame_ui.c,CG_Debriefing2TeamSkillXP_Draw,,,untriaged,,
cgame,cgame_ui.c,CG_Debriefing_FindOveralWinningTeam,,,untriaged,,
cgame,cgame_ui.c,CG_Debriefing_FindWinningTeam,,,untriaged,,
cgame,cgame_ui.c,CG_DrawFlashFade,,cgame/cg_draw.c,ported_partial,original-ELF-0x3da00/96-blackout-cases,Original multiview and administrative blindness blackout synchronization. See reference/client-admin-blind.md.
cgame,cgame_ui.c,CG_DrawBinocReticle,,,untriaged,,
cgame,cgame_ui.c,CG_DrawAnnouncement,,,untriaged,,
cgame,cgame_ui.c,CG_DrawObjectiveInfo,,,untriaged,,
cgame,cgame_ui.c,CG_Text_Width_Ext_constprop_17,,,untriaged,,
cgame,cgame_ui.c,CG_Text_Paint_Ext_constprop_18,,,untriaged,,
cgame,cgame_ui.c,CG_DrawCrosshair,,,untriaged,,
cgame,cgame_ui.c,CG_DrawBannerPrint,,,untriaged,,
cgame,cgame_ui.c,CG_DrawCenterString,,,untriaged,,
cgame,cgame_ui.c,CG_DrawDemoRecording_part_3,,,untriaged,,
cgame,cgame_ui.c,CG_Text_Paint_Centred_Ext_constprop_15,,,untriaged,,
cgame,cgame_ui.c,CG_DrawPlayerStatus,,,untriaged,,
cgame,cgame_ui.c,CG_Text_SetActiveFont,,,untriaged,,
cgame,cgame_ui.c,CG_Text_Width_Ext,,,untriaged,,
cgame,cgame_ui.c,CG_Text_Width,,,untriaged,,
cgame,cgame_ui.c,CG_Text_Height_Ext,,,untriaged,,
cgame,cgame_ui.c,CG_Text_Height,,,untriaged,,
cgame,cgame_ui.c,CG_Text_PaintChar_Ext,,,untriaged,,
cgame,cgame_ui.c,CG_Text_Paint_Ext,,,untriaged,,
cgame,cgame_ui.c,CG_Text_Paint_Centred_Ext,,,untriaged,,
cgame,cgame_ui.c,CG_Text_Paint,,,untriaged,,
cgame,cgame_ui.c,CG_DrawField,,,untriaged,,
cgame,cgame_ui.c,CG_DrawTime,,,untriaged,,
cgame,cgame_ui.c,CG_DrawDisconnect,,,untriaged,,
cgame,cgame_ui.c,CG_DrawLagometer,,,untriaged,,
cgame,cgame_ui.c,CG_DrawUpperRight,,,untriaged,,
cgame,cgame_ui.c,CG_DrawLivesLeft,,,untriaged,,
cgame,cgame_ui.c,CG_DrawCrosshairNames,,,untriaged,,
cgame,cgame_ui.c,CG_DrawTimedMenus,,,untriaged,,
cgame,cgame_ui.c,CG_DrawCompassIcon,,,untriaged,,
cgame,cgame_ui.c,CG_DrawSkillLevels,,,untriaged,,
cgame,cgame_ui.c,CG_DrawActivePowerups,,,untriaged,,
cgame,cgame_ui.c,CG_DrawDemoRecording,,,untriaged,,
cgame,cgame_ui.c,CG_DrawOnScreenNames,,,untriaged,,
cgame,cgame_ui.c,CG_DrawMiscGamemodels,,,untriaged,,
cgame,cgame_ui.c,CG_DrawMissileCamera,,,untriaged,,
cgame,cgame_ui.c,CG_DrawAnnouncer,,,untriaged,,
cgame,cgame_ui.c,CG_DrawActive,,,untriaged,,
cgame,cgame_ui.c,CG_AddAnnouncer,,,untriaged,,
cgame,cgame_ui.c,CG_DrawStringExt3_constprop_0,,,untriaged,,
cgame,cgame_ui.c,CG_HudPlacement,,,untriaged,,
cgame,cgame_ui.c,CG_FillRect,,,untriaged,,
cgame,cgame_ui.c,CG_FillRectGradient,,,untriaged,,
cgame,cgame_ui.c,CG_FilledBar,,,untriaged,,
cgame,cgame_ui.c,CG_DrawSides,,,untriaged,,
cgame,cgame_ui.c,CG_DrawTopBottom,,,untriaged,,
cgame,cgame_ui.c,CG_DrawSides_NoScale,,,untriaged,,
cgame,cgame_ui.c,CG_DrawTopBottom_NoScale,,,untriaged,,
cgame,cgame_ui.c,CG_DrawRect,,,untriaged,,
cgame,cgame_ui.c,CG_DrawRect_FixedBorder,,,untriaged,,
cgame,cgame_ui.c,CG_DrawPicST,,,untriaged,,
cgame,cgame_ui.c,CG_DrawPic,,,untriaged,,
cgame,cgame_ui.c,CG_DrawRotatedPic,,,untriaged,,
cgame,cgame_ui.c,CG_DrawChar,,,untriaged,,
cgame,cgame_ui.c,CG_DrawChar2,,,untriaged,,
cgame,cgame_ui.c,CG_DrawStringExt,,,untriaged,,
cgame,cgame_ui.c,CG_DrawStringExt_Shadow,,,untriaged,,
cgame,cgame_ui.c,CG_DrawStringExt2,,,untriaged,,
cgame,cgame_ui.c,CG_DrawStringExt3,,,untriaged,,
cgame,cgame_ui.c,CG_DrawBigString,,,untriaged,,
cgame,cgame_ui.c,CG_DrawBigStringColor,,,untriaged,,
cgame,cgame_ui.c,CG_DrawBigString2,,,untriaged,,
cgame,cgame_ui.c,CG_DrawBigStringColor2,,,untriaged,,
cgame,cgame_ui.c,CG_DrawSmallString,,,untriaged,,
cgame,cgame_ui.c,CG_DrawSmallStringColor,,,untriaged,,
cgame,cgame_ui.c,CG_DrawTinyStringColor,,,untriaged,,
cgame,cgame_ui.c,CG_DrawStrlen,,,untriaged,,
cgame,cgame_ui.c,CG_DrawMineMarkerFlag_isra_0,,,untriaged,,
cgame,cgame_ui.c,CG_DrawFireTeamOverlay,,,untriaged,,
cgame,cgame_ui.c,CG_DrawFireteamsByTeam,,,untriaged,,
cgame,cgame_ui.c,CG_DrawPlayerSF,,,untriaged,,
cgame,cgame_ui.c,CG_DrawPlayerNF,,,untriaged,,
cgame,cgame_ui.c,CG_DrawInformation,,,untriaged,,
cgame,cgame_ui.c,CG_DrawOverlays,,,untriaged,,
cgame,cgame_ui.c,CG_LimboPanelRenderText_NoLMS,,,untriaged,,
cgame,cgame_ui.c,CG_LimboPanelRenderText_SkillsText,,,untriaged,,
cgame,cgame_ui.c,CG_LimboPanel_RenderObjectiveBack,,,untriaged,,
cgame,cgame_ui.c,CG_LimboPanel_Filter_Draw,,,untriaged,,
cgame,cgame_ui.c,CG_LimboPanel_RenderMedal,,,untriaged,,
cgame,cgame_ui.c,CG_LimboPanel_RenderSkillIcon,,,untriaged,,
cgame,cgame_ui.c,CG_LimboPanel_NameEditFinish,,,untriaged,,
cgame,cgame_ui.c,CG_LimboPanel_RenderTeamButton,,,untriaged,,
cgame,cgame_ui.c,CG_LimboPanel_ClassBar_Draw,,,untriaged,,
cgame,cgame_ui.c,CG_LimboPanel_RenderCommandMap,,,untriaged,,
cgame,cgame_ui.c,CG_LimboPanel_PlusButton_KeyDown,,,untriaged,,
cgame,cgame_ui.c,CG_LimboPanel_MinusButton_KeyDown,,,untriaged,,
cgame,cgame_ui.c,CG_LimboPanel_Filter_KeyDown,,,untriaged,,
cgame,cgame_ui.c,CG_LimboPanel_BriefingButton_KeyDown,,,untriaged,,
cgame,cgame_ui.c,CG_LimboPanel_BriefingButton_Draw,,,untriaged,,
cgame,cgame_ui.c,CG_LimboPanel_CancelButton_KeyDown,,,untriaged,,
cgame,cgame_ui.c,CG_DrawLimboPlayerHead_part_6,,,untriaged,,
cgame,cgame_ui.c,CG_LimboPanel_RenderHead,,,untriaged,,
cgame,cgame_ui.c,CG_LimboPanel_WeaponLights,,,untriaged,,
cgame,cgame_ui.c,CG_LimboPanel_WeaponPanel_KeyDown,,,untriaged,,
cgame,cgame_ui.c,CG_LimboPanel_RenderLight,,,untriaged,,
cgame,cgame_ui.c,CG_LimboPanel_ObjectiveText_KeyDown,,,untriaged,,
cgame,cgame_ui.c,CG_LimboPanel_Border_Draw,,,untriaged,,
cgame,cgame_ui.c,CG_LimboPanel_RenderObjectiveText,,,untriaged,,
cgame,cgame_ui.c,CG_LimboPanel_GetMaxObjectives,,,untriaged,,
cgame,cgame_ui.c,CG_LimboPanel_RenderLight_GetValue,,,untriaged,,
cgame,cgame_ui.c,CG_DrawLimboPlayerHead,,,untriaged,,
cgame,cgame_ui.c,CG_DrawBorder,,,untriaged,,
cgame,cgame_ui.c,CG_LimboPanel_RenderCounterNumber,,,untriaged,,
cgame,cgame_ui.c,CG_LimboPanel_RenderCounter_ValueForButton,,,untriaged,,
cgame,cgame_ui.c,CG_LimboPanel_RenderCounter,,,untriaged,,
cgame,cgame_ui.c,CG_LimboPanel_RenderCounter_RollTimeForButton,,,untriaged,,
cgame,cgame_ui.c,CG_LimboPanel_RenderCounter_MaxChangeForButton,,,untriaged,,
cgame,cgame_ui.c,CG_LimboPanel_RenderCounter_NumRollers,,,untriaged,,
cgame,cgame_ui.c,CG_LimboPanel_RenderCounter_CountsDown,,,untriaged,,
cgame,cgame_ui.c,CG_LimboPanel_RenderCounter_CountsUp,,,untriaged,,
cgame,cgame_ui.c,CG_LimboPanel_RenderCounter_StartSet,,,untriaged,,
cgame,cgame_ui.c,CG_LimboPanel_RenderCounter_IsReversed,,,untriaged,,
cgame,cgame_ui.c,CG_LimboPanel_RenderCounter_GetShaders,,,untriaged,,
cgame,cgame_ui.c,CG_LimboPanel_Init,,,untriaged,,
cgame,cgame_ui.c,CG_LimboPanel_Draw,,,untriaged,,
cgame,cgame_ui.c,CG_LimboPanel_KeyHandling,,,untriaged,,
cgame,cgame_ui.c,CG_LimboPanel_GetWeaponCardIconData,,,untriaged,,
cgame,cgame_ui.c,CG_LimboPanel_GetTeam,,,untriaged,,
cgame,cgame_ui.c,CG_LimboPanel_GetRealTeam,,,untriaged,,
cgame,cgame_ui.c,CG_LimboPanel_GetClass,,,untriaged,,
cgame,cgame_ui.c,CG_LimboPanel_GetCharacter,,,untriaged,,
cgame,cgame_ui.c,CG_LimboPanel_GetPlayerClass,,,untriaged,,
cgame,cgame_ui.c,CG_LimboPanel_SetSelectedWeaponNumForSlot,,,untriaged,,
cgame,cgame_ui.c,CG_LimboPanel_RequestObjective,,,untriaged,,
cgame,cgame_ui.c,CG_LimboPanel_ClassCount,,,untriaged,,
cgame,cgame_ui.c,CG_LimboPanel_TeamCount,,,untriaged,,
cgame,cgame_ui.c,CG_LimboPanel_ClassIsDisabled,,,untriaged,,
cgame,cgame_ui.c,CG_LimboPanel_RenderClassButton,,,untriaged,,
cgame,cgame_ui.c,CG_LimboPanel_RealWeaponIsDisabled,,,untriaged,,
cgame,cgame_ui.c,CG_LimboPanel_WeaponPanel_DrawWeapon,,,untriaged,,
cgame,cgame_ui.c,CG_LimboPanel_WeaponCount_ForSlot,,,untriaged,,
cgame,cgame_ui.c,CG_LimboPanel_WeaponIsDisabled,,,untriaged,,
cgame,cgame_ui.c,CG_LimboPanel_GetSelectedWeaponNum,,,untriaged,,
cgame,cgame_ui.c,CG_LimboPanel_GetWeaponForNumber,,,untriaged,,
cgame,cgame_ui.c,CG_LimboPanel_WeaponCount,,,untriaged,,
cgame,cgame_ui.c,CG_LimboPanel_SendSetupMsg,,,untriaged,,
cgame,cgame_ui.c,CG_LimboPanel_OkButton_KeyDown,,,untriaged,,
cgame,cgame_ui.c,CG_LimboPanel_GetSelectedWeaponForSlot,,,untriaged,,
cgame,cgame_ui.c,CG_LimboPanel_GetSelectedWeapon,,,untriaged,,
cgame,cgame_ui.c,CG_LimboPanel_WeaponLights_KeyDown,,,untriaged,,
cgame,cgame_ui.c,CG_LimboPanel_TeamButton_KeyDown,,,untriaged,,
cgame,cgame_ui.c,CG_LimboPanel_GetSelectedWeaponStat,,,untriaged,,
cgame,cgame_ui.c,CG_LimboPanel_RequestWeaponStats,,,untriaged,,
cgame,cgame_ui.c,CG_LimboPanel_ClassButton_KeyDown,,,untriaged,,
cgame,cgame_ui.c,CG_LimboPanel_Setup,,,untriaged,,
cgame,cgame_ui.c,CG_LimboPanel_SetSelectedWeaponNum,,,untriaged,,
cgame,cgame_ui.c,CG_LimboPanel_WeaponPanel,,,untriaged,,
cgame,cgame_ui.c,CG_LimboPanel_WeaponPanel_KeyUp,,,untriaged,,
cgame,cgame_ui.c,CG_LimboPanel_GetWeaponNumberForPos,,,untriaged,,
cgame,cgame_ui.c,CG_LoadPanel_RenderMissionDescriptionText,,,untriaged,,
cgame,cgame_ui.c,CG_LoadPanel_RenderCampaignNameText,,,untriaged,,
cgame,cgame_ui.c,CG_LoadPanel_RenderCampaignTypeText,,,untriaged,,
cgame,cgame_ui.c,CG_LoadPanel_GameTypeName,,,untriaged,,
cgame,cgame_ui.c,CG_DrawConnectScreen,,,untriaged,,
cgame,cgame_ui.c,CG_LoadPanel_KeyHandling,,,untriaged,,
cgame,cgame_ui.c,CG_LoadPanel_ContinueButtonKeyDown,,,untriaged,,
cgame,cgame_ui.c,CG_DrawCinematic,,,untriaged,,
cgame,cgame_ui.c,jP_SetHUDColors,,,untriaged,,
cgame,cgame_ui.c,CG_DrawPlayerWeaponIcon,,,untriaged,,
cgame,cgame_ui.c,CG_DrawCursorhint,,,untriaged,,
cgame,cgame_ui.c,CG_DrawWeapStability,,,untriaged,,
cgame,cgame_ui.c,CG_DrawWeapHeat,,,untriaged,,
cgame,cgame_ui.c,CG_DrawPMItems,,,untriaged,,
cgame,cgame_ui.c,CG_DrawPMItemsBig,,,untriaged,,
cgame,cgame_ui.c,WM_DrawClientScore_Small_isra_1,,,untriaged,,
cgame,cgame_ui.c,WM_TimeToString,,,untriaged,,
cgame,cgame_ui.c,CG_DrawBottom_NoScale,,,untriaged,,
cgame,cgame_ui.c,cf_draw,,,untriaged,,
cgame,cgame_ui.c,WM_DrawObjectives,,,untriaged,,
cgame,cgame_ui.c,WM_DrawClientScore,,,untriaged,,
cgame,cgame_ui.c,WM_TeamScoreboard,,,untriaged,,
cgame,cgame_ui.c,CG_DrawScoreboard,,,untriaged,,
cgame,cgame_ui.c,CG_DrawSkyBoxPortal_part_0,,,untriaged,,
cgame,cgame_ui.c,CG_DrawSkyBoxPortal,,,untriaged,,
cgame,cgame_ui.c,CG_DrawActiveFrame,,,untriaged,,
cgame,cgame_ui.c,CG_DrawHitBoxOnHit_part_11,,,untriaged,,
cgame,cgame_ui.c,CG_RailTrail,,cgame/cg_nitmod_debug.c; cgame/cg_event.c,ported_partial,sorted-reference/full-cgame-keyed-rail-tests,Original event 50 colored line/box dispatch; native ET behavior retained.
cgame,cgame_ui.c,CG_DrawHitBoxOnHit,,,untriaged,,
cgame,cgame_ui.c,CG_DrawTracer,,,untriaged,,
cgame,cgame_ui.c,Script_SetTeamColor,,,untriaged,,
cgame,cgame_ui.c,Script_CheckAutoUpdate,,,untriaged,,
cgame,cgame_ui.c,Script_GetAutoUpdate,,,untriaged,,
cgame,cgame_ui.c,Script_Abort,,,untriaged,,
cgame,cgame_ui.c,ItemParse_decoration,,,untriaged,,
cgame,cgame_ui.c,ItemParse_textasint,,,untriaged,,
cgame,cgame_ui.c,ItemParse_textasfloat,,,untriaged,,
cgame,cgame_ui.c,ItemParse_wrapped,,,untriaged,,
cgame,cgame_ui.c,ItemParse_autowrapped,,,untriaged,,
cgame,cgame_ui.c,ItemParse_horizontalscroll,,,untriaged,,
cgame,cgame_ui.c,ItemParse_noToggle,,,untriaged,,
cgame,cgame_ui.c,MenuParse_popup,,,untriaged,,
cgame,cgame_ui.c,MenuParse_outOfBounds,,,untriaged,,
cgame,cgame_ui.c,MenuParse_drawAlwaysOnTop,,,untriaged,,
cgame,cgame_ui.c,MenuParse_modal,,,untriaged,,
cgame,cgame_ui.c,Scroll_Slider_ThumbFunc,,,untriaged,,
cgame,cgame_ui.c,ItemParse_name,,,untriaged,,
cgame,cgame_ui.c,ItemParse_focusSound,,,untriaged,,
cgame,cgame_ui.c,ItemParse_text,,,untriaged,,
cgame,cgame_ui.c,ItemParse_group,,,untriaged,,
cgame,cgame_ui.c,ItemParse_asset_shader,,,untriaged,,
cgame,cgame_ui.c,ItemParse_background,,,untriaged,,
cgame,cgame_ui.c,ItemParse_cinematic,,,untriaged,,
cgame,cgame_ui.c,ItemParse_cvarTest,,,untriaged,,
cgame,cgame_ui.c,MenuParse_background,,,untriaged,,
cgame,cgame_ui.c,MenuParse_cinematic,,,untriaged,,
cgame,cgame_ui.c,MenuParse_soundLoop,,,untriaged,,
cgame,cgame_ui.c,ItemParse_feeder,,,untriaged,,
cgame,cgame_ui.c,ItemParse_bordersize,,,untriaged,,
cgame,cgame_ui.c,ItemParse_textalignx,,,untriaged,,
cgame,cgame_ui.c,ItemParse_textaligny,,,untriaged,,
cgame,cgame_ui.c,ItemParse_textscale,,,untriaged,,
cgame,cgame_ui.c,ItemParse_backcolor,,,untriaged,,
cgame,cgame_ui.c,ItemParse_forecolor,,,untriaged,,
cgame,cgame_ui.c,ItemParse_bordercolor,,,untriaged,,
cgame,cgame_ui.c,ItemParse_special,,,untriaged,,
cgame,cgame_ui.c,MenuParse_borderSize,,,untriaged,,
cgame,cgame_ui.c,MenuParse_backcolor,,,untriaged,,
cgame,cgame_ui.c,MenuParse_forecolor,,,untriaged,,
cgame,cgame_ui.c,MenuParse_bordercolor,,,untriaged,,
cgame,cgame_ui.c,MenuParse_focuscolor,,,untriaged,,
cgame,cgame_ui.c,MenuParse_disablecolor,,,untriaged,,
cgame,cgame_ui.c,MenuParse_fadeClamp,,,untriaged,,
cgame,cgame_ui.c,MenuParse_fadeAmount,,,untriaged,,
cgame,cgame_ui.c,ItemParse_origin,,,untriaged,,
cgame,cgame_ui.c,ItemParse_style,,,untriaged,,
cgame,cgame_ui.c,ItemParse_bitflag,,,untriaged,,
cgame,cgame_ui.c,ItemParse_border,,,untriaged,,
cgame,cgame_ui.c,ItemParse_visible,,,untriaged,,
cgame,cgame_ui.c,ItemParse_ownerdraw,,,untriaged,,
cgame,cgame_ui.c,ItemParse_align,,,untriaged,,
cgame,cgame_ui.c,ItemParse_textalign,,,untriaged,,
cgame,cgame_ui.c,ItemParse_textstyle,,,untriaged,,
cgame,cgame_ui.c,ItemParse_textfont,,,untriaged,,
cgame,cgame_ui.c,ItemParse_ownerdrawFlag,,,untriaged,,
cgame,cgame_ui.c,ItemParse_settingDisabled,,,untriaged,,
cgame,cgame_ui.c,ItemParse_settingEnabled,,,untriaged,,
cgame,cgame_ui.c,ItemParse_voteFlag,,,untriaged,,
cgame,cgame_ui.c,MenuParse_fullscreen,,,untriaged,,
cgame,cgame_ui.c,MenuParse_style,,,untriaged,,
cgame,cgame_ui.c,MenuParse_visible,,,untriaged,,
cgame,cgame_ui.c,MenuParse_border,,,untriaged,,
cgame,cgame_ui.c,MenuParse_ownerdrawFlag,,,untriaged,,
cgame,cgame_ui.c,MenuParse_ownerdraw,,,untriaged,,
cgame,cgame_ui.c,MenuParse_fadeCycle,,,untriaged,,
cgame,cgame_ui.c,MenuParse_itemHotkeyMode,,,untriaged,,
cgame,cgame_ui.c,ItemParse_outlinecolor,,,untriaged,,
cgame,cgame_ui.c,MenuParse_outlinecolor,,,untriaged,,
cgame,cgame_ui.c,Item_CorrectedTextRect,,,untriaged,,
cgame,cgame_ui.c,MenuParse_name,,,untriaged,,
cgame,cgame_ui.c,Item_SettingShow_constprop_35,,,untriaged,,
cgame,cgame_ui.c,Item_SettingShow_constprop_36,,,untriaged,,
cgame,cgame_ui.c,MenuParse_rect,,,untriaged,,
cgame,cgame_ui.c,ItemParse_rect,,,untriaged,,
cgame,cgame_ui.c,Item_ValidateTooltipData_part_24,,,untriaged,,
cgame,cgame_ui.c,ItemParse_tooltip,,,untriaged,,
cgame,cgame_ui.c,ItemParse_tooltipalignx,,,untriaged,,
cgame,cgame_ui.c,ItemParse_tooltipaligny,,,untriaged,,
cgame,cgame_ui.c,ItemParse_addColorRangeRel,,,untriaged,,
cgame,cgame_ui.c,ItemParse_addColorRange,,,untriaged,,
cgame,cgame_ui.c,Script_ExecWolfConfig,,,untriaged,,
cgame,cgame_ui.c,Tooltip_Initialize,,,untriaged,,
cgame,cgame_ui.c,Tooltip_ComputePosition,,,untriaged,,
cgame,cgame_ui.c,Cui_WideRect,,,untriaged,,
cgame,cgame_ui.c,Cui_WideX,,,untriaged,,
cgame,cgame_ui.c,Cui_WideXoffset,,,untriaged,,
cgame,cgame_ui.c,UI_Alloc,,,untriaged,,
cgame,cgame_ui.c,Item_ValidateTypeData_part_21,,,untriaged,,
cgame,cgame_ui.c,ItemParse_asset_model,,,untriaged,,
cgame,cgame_ui.c,ItemParse_model_origin,,,untriaged,,
cgame,cgame_ui.c,ItemParse_model_fovx,,,untriaged,,
cgame,cgame_ui.c,ItemParse_model_fovy,,,untriaged,,
cgame,cgame_ui.c,ItemParse_model_rotation,,,untriaged,,
cgame,cgame_ui.c,ItemParse_model_angle,,,untriaged,,
cgame,cgame_ui.c,ItemParse_model_animplay,,,untriaged,,
cgame,cgame_ui.c,ItemParse_notselectable,,,untriaged,,
cgame,cgame_ui.c,ItemParse_type,,,untriaged,,
cgame,cgame_ui.c,ItemParse_elementwidth,,,untriaged,,
cgame,cgame_ui.c,ItemParse_elementheight,,,untriaged,,
cgame,cgame_ui.c,ItemParse_elementtype,,,untriaged,,
cgame,cgame_ui.c,ItemParse_columns,,,untriaged,,
cgame,cgame_ui.c,ItemParse_contextMenu,,,untriaged,,
cgame,cgame_ui.c,ItemParse_cvar,,,untriaged,,
cgame,cgame_ui.c,ItemParse_maxChars,,,untriaged,,
cgame,cgame_ui.c,ItemParse_maxPaintChars,,,untriaged,,
cgame,cgame_ui.c,ItemParse_cvarFloat,,,untriaged,,
cgame,cgame_ui.c,UI_InitMemory,,,untriaged,,
cgame,cgame_ui.c,UI_OutOfMemory,,,untriaged,,
cgame,cgame_ui.c,String_Alloc,,,untriaged,,
cgame,cgame_ui.c,ItemParse_textfile,,,untriaged,,
cgame,cgame_ui.c,ItemParse_cvarStrList,,,untriaged,,
cgame,cgame_ui.c,ItemParse_cvarFloatList,,,untriaged,,
cgame,cgame_ui.c,ItemParse_cvarListUndefined,,,untriaged,,
cgame,cgame_ui.c,Script_SetAsset,,,untriaged,,
cgame,cgame_ui.c,Script_ClearCvar,,,untriaged,,
cgame,cgame_ui.c,Script_SetPlayerModel,,,untriaged,,
cgame,cgame_ui.c,Script_SetPlayerHead,,,untriaged,,
cgame,cgame_ui.c,Script_SetBackground,,,untriaged,,
cgame,cgame_ui.c,Script_Exec,,,untriaged,,
cgame,cgame_ui.c,Script_ExecNOW,,,untriaged,,
cgame,cgame_ui.c,Script_Play,,,untriaged,,
cgame,cgame_ui.c,Script_playLooped,,,untriaged,,
cgame,cgame_ui.c,Script_SetColor,,,untriaged,,
cgame,cgame_ui.c,Script_SetCvar,,,untriaged,,
cgame,cgame_ui.c,Script_CopyCvar,,,untriaged,,
cgame,cgame_ui.c,Script_ToggleCvarBit,,,untriaged,,
cgame,cgame_ui.c,Item_RunScript_constprop_37,,,untriaged,,
cgame,cgame_ui.c,Menu_RunCloseScript_part_10,,,untriaged,,
cgame,cgame_ui.c,Script_CloseAllOtherMenus,,,untriaged,,
cgame,cgame_ui.c,Script_CloseAll,,,untriaged,,
cgame,cgame_ui.c,Script_FadeOutMenu,,,untriaged,,
cgame,cgame_ui.c,Script_FadeInMenu,,,untriaged,,
cgame,cgame_ui.c,String_Report,,,untriaged,,
cgame,cgame_ui.c,Float_Parse,,,untriaged,,
cgame,cgame_ui.c,Color_Parse,,,untriaged,,
cgame,cgame_ui.c,Int_Parse,,,untriaged,,
cgame,cgame_ui.c,Rect_Parse,,,untriaged,,
cgame,cgame_ui.c,String_Parse,,,untriaged,,
cgame,cgame_ui.c,ItemParse_onEsc,,,untriaged,,
cgame,cgame_ui.c,ItemParse_onEnter,,,untriaged,,
cgame,cgame_ui.c,ItemParse_onFocus,,,untriaged,,
cgame,cgame_ui.c,ItemParse_leaveFocus,,,untriaged,,
cgame,cgame_ui.c,ItemParse_mouseEnter,,,untriaged,,
cgame,cgame_ui.c,ItemParse_mouseExit,,,untriaged,,
cgame,cgame_ui.c,ItemParse_mouseEnterText,,,untriaged,,
cgame,cgame_ui.c,ItemParse_mouseExitText,,,untriaged,,
cgame,cgame_ui.c,ItemParse_action,,,untriaged,,
cgame,cgame_ui.c,ItemParse_accept,,,untriaged,,
cgame,cgame_ui.c,ItemParse_enableCvar,,,untriaged,,
cgame,cgame_ui.c,ItemParse_disableCvar,,,untriaged,,
cgame,cgame_ui.c,ItemParse_showCvar,,,untriaged,,
cgame,cgame_ui.c,ItemParse_hideCvar,,,untriaged,,
cgame,cgame_ui.c,ItemParse_execKey,,,untriaged,,
cgame,cgame_ui.c,MenuParse_onOpen,,,untriaged,,
cgame,cgame_ui.c,MenuParse_onClose,,,untriaged,,
cgame,cgame_ui.c,MenuParse_onESC,,,untriaged,,
cgame,cgame_ui.c,MenuParse_onEnter,,,untriaged,,
cgame,cgame_ui.c,MenuParse_onTimeout,,,untriaged,,
cgame,cgame_ui.c,MenuParse_execKey,,,untriaged,,
cgame,cgame_ui.c,MenuParse_execKeyInt,,,untriaged,,
cgame,cgame_ui.c,ItemParse_doubleClick,,,untriaged,,
cgame,cgame_ui.c,Init_Display,,,untriaged,,
cgame,cgame_ui.c,GradientBar_Paint,,,untriaged,,
cgame,cgame_ui.c,Window_Init,,,untriaged,,
cgame,cgame_ui.c,Fade,,,untriaged,,
cgame,cgame_ui.c,Window_Paint,,,untriaged,,
cgame,cgame_ui.c,Item_SetScreenCoords,,,untriaged,,
cgame,cgame_ui.c,Item_UpdatePosition,,,untriaged,,
cgame,cgame_ui.c,Menu_UpdatePosition,,,untriaged,,
cgame,cgame_ui.c,Menu_PostParse,,,untriaged,,
cgame,cgame_ui.c,Menu_ClearFocus,,,untriaged,,
cgame,cgame_ui.c,Script_SetFocus,,,untriaged,,
cgame,cgame_ui.c,Script_ClearFocus,,,untriaged,,
cgame,cgame_ui.c,Script_SetMenuFocus,,,untriaged,,
cgame,cgame_ui.c,Script_SetEditFocus,,,untriaged,,
cgame,cgame_ui.c,IsVisible,,,untriaged,,
cgame,cgame_ui.c,Rect_ContainsPoint,,,untriaged,,
cgame,cgame_ui.c,Menu_ItemsMatchingGroup,,,untriaged,,
cgame,cgame_ui.c,Menu_GetMatchingItemByNumber,,,untriaged,,
cgame,cgame_ui.c,Script_SetItemColor,,,untriaged,,
cgame,cgame_ui.c,Script_SetMenuItemColor,,,untriaged,,
cgame,cgame_ui.c,Script_FadeIn,,,untriaged,,
cgame,cgame_ui.c,Script_FadeOut,,,untriaged,,
cgame,cgame_ui.c,Script_Show,,,untriaged,,
cgame,cgame_ui.c,Script_Hide,,,untriaged,,
cgame,cgame_ui.c,Menu_FindItemByName,,,untriaged,,
cgame,cgame_ui.c,Menu_ShowItemByName,,,untriaged,,
cgame,cgame_ui.c,Script_ConditionalHideShow,,,untriaged,,
cgame,cgame_ui.c,Menu_FadeItemByName,,,untriaged,,
cgame,cgame_ui.c,Menus_FindByName,,,untriaged,,
cgame,cgame_ui.c,Menus_CloseAll,,,untriaged,,
cgame,cgame_ui.c,Menu_FadeMenuByName,,,untriaged,,
cgame,cgame_ui.c,Menu_TransitionItemByName,,,untriaged,,
cgame,cgame_ui.c,Script_Transition,,,untriaged,,
cgame,cgame_ui.c,Menu_OrbitItemByName,,,untriaged,,
cgame,cgame_ui.c,Script_Orbit,,,untriaged,,
cgame,cgame_ui.c,Script_CheckProfile,,,untriaged,,
cgame,cgame_ui.c,Script_WriteProfile,,,untriaged,,
cgame,cgame_ui.c,Item_RunScript,,,untriaged,,
cgame,cgame_ui.c,Script_ConditionalScript,,,untriaged,,
cgame,cgame_ui.c,Item_EnableShowViaCvar,,,untriaged,,
cgame,cgame_ui.c,Item_SettingShow,,,untriaged,,
cgame,cgame_ui.c,Item_SetFocus,,,untriaged,,
cgame,cgame_ui.c,Item_ListBox_MaxScroll,,,untriaged,,
cgame,cgame_ui.c,Item_ListBox_ThumbPosition,,,untriaged,,
cgame,cgame_ui.c,Item_ListBox_ThumbDrawPosition,,,untriaged,,
cgame,cgame_ui.c,Item_Slider_ThumbPosition,,,untriaged,,
cgame,cgame_ui.c,Item_Slider_OverSlider,,,untriaged,,
cgame,cgame_ui.c,Item_ListBox_OverLB,,,untriaged,,
cgame,cgame_ui.c,Item_ListBox_MouseEnter,,,untriaged,,
cgame,cgame_ui.c,Item_MouseEnter,,,untriaged,,
cgame,cgame_ui.c,Item_MouseLeave,,,untriaged,,
cgame,cgame_ui.c,Menu_HitTest,,,untriaged,,
cgame,cgame_ui.c,Item_SetMouseOver,,,untriaged,,
cgame,cgame_ui.c,Item_OwnerDraw_HandleKey,,,untriaged,,
cgame,cgame_ui.c,Item_CheckBox_HandleKey,,,untriaged,,
cgame,cgame_ui.c,Item_YesNo_HandleKey,,,untriaged,,
cgame,cgame_ui.c,Item_Multi_CountSettings,,,untriaged,,
cgame,cgame_ui.c,Item_Multi_FindCvarByValue,,,untriaged,,
cgame,cgame_ui.c,Item_Multi_Setting,,,untriaged,,
cgame,cgame_ui.c,Item_Multi_HandleKey,,,untriaged,,
cgame,cgame_ui.c,Item_StartCapture,,,untriaged,,
cgame,cgame_ui.c,Item_StopCapture,,,untriaged,,
cgame,cgame_ui.c,Item_Slider_HandleKey,,,untriaged,,
cgame,cgame_ui.c,Item_Action,,,untriaged,,
cgame,cgame_ui.c,Menus_Activate,,,untriaged,,
cgame,cgame_ui.c,Menus_ShowByName,,,untriaged,,
cgame,cgame_ui.c,Menus_CaptureFuncActive,,,untriaged,,
cgame,cgame_ui.c,Display_VisibleMenuCount,,,untriaged,,
cgame,cgame_ui.c,Rect_ToWindowCoords,,,untriaged,,
cgame,cgame_ui.c,Item_SetTextExtents,,,untriaged,,
cgame,cgame_ui.c,Item_TextColor,,,untriaged,,
cgame,cgame_ui.c,Item_Text_AutoWrapped_Paint,,,untriaged,,
cgame,cgame_ui.c,Item_Text_Wrapped_Paint,,,untriaged,,
cgame,cgame_ui.c,Item_Text_Paint,,,untriaged,,
cgame,cgame_ui.c,Item_TextField_Paint,,,untriaged,,
cgame,cgame_ui.c,Item_CheckBox_Paint,,,untriaged,,
cgame,cgame_ui.c,Item_YesNo_Paint,,,untriaged,,
cgame,cgame_ui.c,Item_Multi_Paint,,,untriaged,,
cgame,cgame_ui.c,Controls_GetConfig,,,untriaged,,
cgame,cgame_ui.c,Controls_SetConfig,,,untriaged,,
cgame,cgame_ui.c,Controls_SetDefaults,,,untriaged,,
cgame,cgame_ui.c,BindingIDFromName,,,untriaged,,
cgame,cgame_ui.c,BindingFromName,,,untriaged,,
cgame,cgame_ui.c,Item_Slider_Paint,,,untriaged,,
cgame,cgame_ui.c,Item_Bind_Paint,,,untriaged,,
cgame,cgame_ui.c,Display_KeyBindPending,,,untriaged,,
cgame,cgame_ui.c,Item_Bind_HandleKey,,,untriaged,,
cgame,cgame_ui.c,AdjustFrom640,,,untriaged,,
cgame,cgame_ui.c,Item_Model_Paint,,,untriaged,,
cgame,cgame_ui.c,Item_Image_Paint,,,untriaged,,
cgame,cgame_ui.c,Item_ListBox_Paint,,,untriaged,,
cgame,cgame_ui.c,Item_OwnerDraw_Paint,,,untriaged,,
cgame,cgame_ui.c,Item_Paint,,,untriaged,,
cgame,cgame_ui.c,Menu_Paint_part_20,,,untriaged,,
cgame,cgame_ui.c,Menu_Init,,,untriaged,,
cgame,cgame_ui.c,Menu_GetFocusedItem,,,untriaged,,
cgame,cgame_ui.c,Menu_GetFocused,,,untriaged,,
cgame,cgame_ui.c,Menu_SetFeederSelection,,,untriaged,,
cgame,cgame_ui.c,Menus_AnyFullScreenVisible,,,untriaged,,
cgame,cgame_ui.c,Menus_ActivateByName,,,untriaged,,
cgame,cgame_ui.c,Menus_OpenByName,,,untriaged,,
cgame,cgame_ui.c,Script_Open,,,untriaged,,
cgame,cgame_ui.c,Script_ConditionalOpen,,,untriaged,,
cgame,cgame_ui.c,Menus_CloseByName,,,untriaged,,
cgame,cgame_ui.c,Script_Close,,,untriaged,,
cgame,cgame_ui.c,Item_ListBox_HandleKey,,,untriaged,,
cgame,cgame_ui.c,Scroll_ListBox_ThumbFunc,,,untriaged,,
cgame,cgame_ui.c,Scroll_ListBox_AutoFunc,,,untriaged,,
cgame,cgame_ui.c,Item_HandleKey,,,untriaged,,
cgame,cgame_ui.c,Menu_ScrollFeeder,,,untriaged,,
cgame,cgame_ui.c,Item_Init,,,untriaged,,
cgame,cgame_ui.c,Menu_HandleMouseMove,,,untriaged,,
cgame,cgame_ui.c,Menu_SetPrevCursorItem,,,untriaged,,
cgame,cgame_ui.c,Menu_SetNextCursorItem,,,untriaged,,
cgame,cgame_ui.c,Item_TextField_HandleKey,,,untriaged,,
cgame,cgame_ui.c,Menu_HandleKey,,,untriaged,,
cgame,cgame_ui.c,Menus_HandleOOBClick,,,untriaged,,
cgame,cgame_ui.c,Menu_Paint,,,untriaged,,
cgame,cgame_ui.c,Item_ValidateTypeData,,,untriaged,,
cgame,cgame_ui.c,Item_ValidateTooltipData,,,untriaged,,
cgame,cgame_ui.c,KeywordHash_Key,,,untriaged,,
cgame,cgame_ui.c,KeywordHash_Add,,,untriaged,,
cgame,cgame_ui.c,KeywordHash_Find,,,untriaged,,
cgame,cgame_ui.c,Item_SetupKeywordHash,,,untriaged,,
cgame,cgame_ui.c,String_Init,,,untriaged,,
cgame,cgame_ui.c,Item_Parse,,,untriaged,,
cgame,cgame_ui.c,MenuParse_itemDef,,,untriaged,,
cgame,cgame_ui.c,Item_InitControls,,,untriaged,,
cgame,cgame_ui.c,Menu_SetupKeywordHash,,,untriaged,,
cgame,cgame_ui.c,Menu_Parse,,,untriaged,,
cgame,cgame_ui.c,Menu_New,,,untriaged,,
cgame,cgame_ui.c,Menu_Count,,,untriaged,,
cgame,cgame_ui.c,Menu_Get,,,untriaged,,
cgame,cgame_ui.c,Menu_PaintAll,,,untriaged,,
cgame,cgame_ui.c,Menu_Reset,,,untriaged,,
cgame,cgame_ui.c,Display_GetContext,,,untriaged,,
cgame,cgame_ui.c,Display_CaptureItem,,,untriaged,,
cgame,cgame_ui.c,Display_MouseMove,,,untriaged,,
cgame,cgame_ui.c,Display_CursorType,,,untriaged,,
cgame,cgame_ui.c,Display_HandleKey,,,untriaged,,
cgame,cgame_ui.c,Display_CacheAll,,,untriaged,,
cgame,cgame_ui.c,C_PanelButtonsSetup,,,untriaged,,
cgame,cgame_ui.c,WM_DrawClientScoreDM,,,untriaged,,
cgame,cgame_unknown.c,unk_func_0001a090,,,untriaged,,
cgame,cgame_unknown.c,__x86_get_pc_thunk_bx,,,untriaged,,
cgame,cgame_unknown.c,__x86_get_pc_thunk_cx,,,untriaged,,
cgame,cgame_unknown.c,SkillForClass,,,untriaged,,
cgame,cgame_unknown.c,ConcatArgs,,,untriaged,,
cgame,cgame_unknown.c,etpro_FinalizeTracemapClamp,,,untriaged,,
cgame,cgame_unknown.c,in_word_set,,,untriaged,,
cgame,cgame_unknown.c,__x86_get_pc_thunk_dx,,,untriaged,,
cgame,cgame_unknown.c,lt_random,,,untriaged,,
cgame,cgame_unknown.c,lt_crandom,,,untriaged,,
cgame,cgame_unknown.c,InitSmokeSprites,,,untriaged,,
cgame,cgame_unknown.c,CGRefEntityToTag,,,untriaged,,
cgame,cgame_unknown.c,CGTagToRefEntity,,,untriaged,,
cgame,cgame_unknown.c,CG_AttachBitsToTank,,,untriaged,,
cgame,cgame_unknown.c,SkillNumForClass,,,untriaged,,
cgame,cgame_unknown.c,weaponIconScale,,,untriaged,,
cgame,cgame_unknown.c,GetMacAddress,,,untriaged,,
cgame,cgame_unknown.c,ValidBloodPool,,,untriaged,,
cgame,cgame_unknown.c,InitSkillLevelStructure,,,untriaged,,
cgame,cgame_unknown.c,dllEntry,,,untriaged,,
cgame,cgame_unknown.c,testPrintInt,,,untriaged,,
cgame,cgame_unknown.c,testPrintFloat,,,untriaged,,
cgame,cgame_unknown.c,isET260,,,untriaged,,
cgame,cgame_unknown.c,AddLean,,,untriaged,,
cgame,cgame_unknown.c,is_sidearm_smg,,,untriaged,,
cgame,cgame_unknown.c,ToWindowCoords,,,untriaged,,
cgame,cgame_unknown.c,ParseColorRange,,,untriaged,,
cgame,cgame_unknown.c,pingColor,,,untriaged,,
cgame,cgame_unknown.c,CheckETLegacy,,,untriaged,,
cgame,cgame_unknown.c,G_GetDateAndTimeFileName,,,untriaged,,
cgame,cgame_unknown.c,INTHandler,,,untriaged,,
cgame,cgame_unknown.c,linux_siginfo,,,untriaged,,
cgame,cgame_unknown.c,linux_backtrace,,,untriaged,,
cgame,cgame_unknown.c,CrashHandler,,,untriaged,,
cgame,cgame_weapons.c,CG_RegisterWeaponFromWeaponFile,,,untriaged,,
cgame,cgame_weapons.c,CG_RegisterWeapon,,,untriaged,,
cgame,cgame_weapons.c,CG_WeaponSelectable,,,untriaged,,
cgame,cgame_weapons.c,CG_WeaponIndex,,,untriaged,,
cgame,cgame_weapons.c,CG_WeaponBank_f,,,untriaged,,
cgame,cgame_weapons.c,CG_Weapon_f,,,untriaged,,
cgame,cgame_weapons.c,CG_WeaponFireRecoil,,cgame/cg_weapons.c,ported_partial,original-ELF-0xcde60/32-seeds-per-weapon,Existing native behavior verified; no new recoil feature. RNG draw count and kick state checked; browser replay pending. See reference/client-weapon-pose.md.
cgame,cgame_weapons.c,CG_FireWeapon,,,untriaged,,
qagame,nitmod_admin.c,G_WarnFireTeamPlayer,,,untriaged,,
qagame,nitmod_admin.c,G_KickFireTeamPlayer,,,untriaged,,
qagame,nitmod_admin.c,G_PrintBanners,,,untriaged,,
qagame,nitmod_admin.c,G_PlayerBan,,,untriaged,,
qagame,nitmod_admin.c,G_MakeReferee,,,untriaged,,
qagame,nitmod_admin.c,G_RemoveReferee,,,untriaged,,
qagame,nitmod_admin.c,G_MuteClient,,,untriaged,,
qagame,nitmod_admin.c,G_UnMuteClient,,,untriaged,,
qagame,nitmod_admin.c,G_refMute_cmd,,,untriaged,,
qagame,nitmod_admin.c,G_refWarning_cmd,,,untriaged,,
qagame,nitmod_admin.c,G_shrubbot_time,,,untriaged,,
qagame,nitmod_admin.c,G_shrubbot_spec999,,,untriaged,,
qagame,nitmod_admin.c,G_shrubbot_pause,,,untriaged,,
qagame,nitmod_admin.c,G_shrubbot_unpause,,,untriaged,,
qagame,nitmod_admin.c,G_shrubbot_shuffle,,,untriaged,,
qagame,nitmod_admin.c,G_shrubbot_medpack,,,untriaged,,
qagame,nitmod_admin.c,G_shrubbot_ammopack,,,untriaged,,
qagame,nitmod_admin.c,G_shrubbot_news,,,untriaged,,
qagame,nitmod_admin.c,G_shrubbot_swap_restart,,,untriaged,,
qagame,nitmod_admin.c,G_shrubbot_swap,,,untriaged,,
qagame,nitmod_admin.c,G_shrubbot_reset,,,untriaged,,
qagame,nitmod_admin.c,G_shrubbot_nextmap,,,untriaged,,
qagame,nitmod_admin.c,G_shrubbot_mute_check_part_6,,,untriaged,,
qagame,nitmod_admin.c,G_shrubbot_print_part_8,,,untriaged,,
qagame,nitmod_admin.c,_shrubbot_command_permission,,,untriaged,,
qagame,nitmod_admin.c,G_shrubbot_splata,,,untriaged,,
qagame,nitmod_admin.c,G_shrubbot_cancelvote,,,untriaged,,
qagame,nitmod_admin.c,G_shrubbot_passvote,,,untriaged,,
qagame,nitmod_admin.c,G_shrubbot_resetmyxp,,,untriaged,,
qagame,nitmod_admin.c,G_shrubbot_buffer_print_part_15,,,untriaged,,
qagame,nitmod_admin.c,G_shrubbot_disguise_part_12,,,untriaged,,
qagame,nitmod_admin.c,G_shrubbot_disguise,,,untriaged,,
qagame,nitmod_admin.c,G_shrubbot_about,,,untriaged,,
qagame,nitmod_admin.c,G_shrubbot_revive_part_11,,,untriaged,,
qagame,nitmod_admin.c,G_shrubbot_revive,,,untriaged,,
qagame,nitmod_admin.c,G_shrubbot_admintest,,,untriaged,,
qagame,nitmod_admin.c,G_shrubbot_levinfo,,,untriaged,,
qagame,nitmod_admin.c,G_shrubbot_give,,,untriaged,,
qagame,nitmod_admin.c,G_shrubbot_warn,,,untriaged,,
qagame,nitmod_admin.c,G_shrubbot_resetxp,,,untriaged,,
qagame,nitmod_admin.c,G_shrubbot_rename,,,untriaged,,
qagame,nitmod_admin.c,G_shrubbot_unban,,,untriaged,,
qagame,nitmod_admin.c,G_shrubbot_spec,,,untriaged,,
qagame,nitmod_admin.c,G_shrubbot_userdelete,,,untriaged,,
qagame,nitmod_admin.c,G_shrubbot_orient,,,untriaged,,
qagame,nitmod_admin.c,G_shrubbot_putteam,,,untriaged,,
qagame,nitmod_admin.c,G_shrubbot_lock,,,untriaged,,
qagame,nitmod_admin.c,G_shrubbot_unlock,,,untriaged,,
qagame,nitmod_admin.c,G_shrubbot_levlist,,,untriaged,,
qagame,nitmod_admin.c,nitrox_SetAdminCommandPermissions,,,untriaged,,
qagame,nitmod_admin.c,nitrox_SetLevelCommandPermissions,,,untriaged,,
qagame,nitmod_admin.c,G_shrubbot_permission,,,untriaged,,
qagame,nitmod_admin.c,_shrubbot_admin_higher,,,untriaged,,
qagame,nitmod_admin.c,G_shrubbot_writeconfig_string,,,untriaged,,
qagame,nitmod_admin.c,G_shrubbot_writeconfig_int,,,untriaged,,
qagame,nitmod_admin.c,G_shrubbot_readconfig_string,,,untriaged,,
qagame,nitmod_admin.c,G_shrubbot_readconfig_string_nico,,,untriaged,,
qagame,nitmod_admin.c,G_shrubbot_readconfig_int,,,untriaged,,
qagame,nitmod_admin.c,_shrubbot_level,,,untriaged,,
qagame,nitmod_admin.c,_shrubbot_log,,,untriaged,,
qagame,nitmod_admin.c,G_shrubbot_duration,,,untriaged,,
qagame,nitmod_admin.c,G_shrubbot_ban_check,,,untriaged,,
qagame,nitmod_admin.c,G_shrubbot_mute_check,,,untriaged,,
qagame,nitmod_admin.c,G_shrubbot_greeting,,,untriaged,,
qagame,nitmod_admin.c,G_shrubbot_tempban,,,untriaged,,
qagame,nitmod_admin.c,G_shrubbot_kick_part_9,,,untriaged,,
qagame,nitmod_admin.c,G_shrubbot_kick,,,untriaged,,
qagame,nitmod_admin.c,MuteNumbersFromString,,,untriaged,,
qagame,nitmod_admin.c,G_MatchOneMute,,,untriaged,,
qagame,nitmod_admin.c,G_shrubbot_lockteams,,,untriaged,,
qagame,nitmod_admin.c,G_shrubbot_print_chat,,,untriaged,,
qagame,nitmod_admin.c,G_shrubbot_records,,,untriaged,,
qagame,nitmod_admin.c,G_shrubbot_uptime,,,untriaged,,
qagame,nitmod_admin.c,G_shrubbot_delrecords,,,untriaged,,
qagame,nitmod_admin.c,G_shrubbot_print,,,untriaged,,
qagame,nitmod_admin.c,G_shrubbot_cmd_check,,,untriaged,,
qagame,nitmod_admin.c,G_shrubbot_setlevel,,,untriaged,,
qagame,nitmod_admin.c,G_shrubbot_ban,,,untriaged,,
qagame,nitmod_admin.c,G_shrubbot_mute,,,untriaged,,
qagame,nitmod_admin.c,G_shrubbot_unmute,,,untriaged,,
qagame,nitmod_admin.c,G_shrubbot_splat,,,untriaged,,
qagame,nitmod_admin.c,G_shrubbot_gibme,,,untriaged,,
qagame,nitmod_admin.c,G_shrubbot_slap,,,untriaged,,
qagame,nitmod_admin.c,G_shrubbot_panzerwar,,,untriaged,,
qagame,nitmod_admin.c,G_shrubbot_sniperwar,,,untriaged,,
qagame,nitmod_admin.c,G_shrubbot_poison,,,untriaged,,
qagame,nitmod_admin.c,G_shrubbot_blind,,,untriaged,,
qagame,nitmod_admin.c,G_shrubbot_unblind,,,untriaged,,
qagame,nitmod_admin.c,G_shrubbot_glow,,,untriaged,,
qagame,nitmod_admin.c,G_shrubbot_pants,,,untriaged,,
qagame,nitmod_admin.c,G_shrubbot_freeze,,,untriaged,,
qagame,nitmod_admin.c,G_shrubbot_unfreeze,,,untriaged,,
qagame,nitmod_admin.c,G_shrubbot_burn,,,untriaged,,
qagame,nitmod_admin.c,G_shrubbot_lol,,,untriaged,,
qagame,nitmod_admin.c,G_shrubbot_pop,,,untriaged,,
qagame,nitmod_admin.c,G_shrubbot_pip,,,untriaged,,
qagame,nitmod_admin.c,G_shrubbot_fling,,,untriaged,,
qagame,nitmod_admin.c,G_shrubbot_disorient,,,untriaged,,
qagame,nitmod_admin.c,G_shrubbot_finger,,,untriaged,,
qagame,nitmod_admin.c,G_shrubbot_leveledit,,,untriaged,,
qagame,nitmod_admin.c,G_shrubbot_banguid,,,untriaged,,
qagame,nitmod_admin.c,G_shrubbot_useredit,,,untriaged,,
qagame,nitmod_admin.c,G_shrubbot_seen,,,untriaged,,
qagame,nitmod_admin.c,G_shrubbot_levdelete,,,untriaged,,
qagame,nitmod_admin.c,G_shrubbot_levadd,,,untriaged,,
qagame,nitmod_admin.c,G_shrubbot_listplayers,,,untriaged,,
qagame,nitmod_admin.c,G_shrubbot_stats,,,untriaged,,
qagame,nitmod_admin.c,G_shrubbot_userinfo,,,untriaged,,
qagame,nitmod_admin.c,G_shrubbot_showbans,,,untriaged,,
qagame,nitmod_admin.c,G_shrubbot_userlist,,,untriaged,,
qagame,nitmod_admin.c,G_shrubbot_buffer_begin,,,untriaged,,
qagame,nitmod_admin.c,G_shrubbot_buffer_end,,,untriaged,,
qagame,nitmod_admin.c,G_shrubbot_help,,,untriaged,,
qagame,nitmod_admin.c,G_shrubbot_buffer_print,,,untriaged,,
qagame,nitmod_admin.c,G_shrubbot_cleanup,,,untriaged,,
qagame,nitmod_admin.c,G_shrubbot_level,,,untriaged,,
qagame,nitmod_admin.c,UpdateIPBans,,,untriaged,,
qagame,nitmod_admin.c,G_FilterIPBanPacket,,,untriaged,,
qagame,nitmod_admin.c,AddIPBan,,,untriaged,,
qagame,nitmod_admin.c,G_ProcessIPBans,,,untriaged,,
qagame,nitmod_admin.c,ClearMaxLivesBans,,,untriaged,,
qagame,nitmod_admin.c,G_Kick_v,,,untriaged,,
qagame,nitmod_admin.c,G_Mute_v,,,untriaged,,
qagame,nitmod_admin.c,G_UnMute_v,,,untriaged,,
qagame,nitmod_admin.c,G_Referee_v,,,untriaged,,
qagame,nitmod_admin.c,G_Unreferee_v,,,untriaged,,
qagame,nitmod_admin.c,G_Mutespecs_v,,,untriaged,,
qagame,nitmod_admin.c,G_CanisterKick,,,untriaged,,
qagame,nitmod_admin.c,_et_G_shrubbot_level,,,untriaged,,
qagame,nitmod_admin.c,_et_G_shrubbot_permission,,,untriaged,,
qagame,nitmod_admin.c,Nit_AdminChat,,,untriaged,,
qagame,nitmod_admin.c,nitrox_InitBansTable,,,untriaged,,
qagame,nitmod_admin.c,nitrox_InitMutesTable,,,untriaged,,
qagame,nitmod_admin.c,nitrox_LoadBans,,,untriaged,,
qagame,nitmod_admin.c,nitrox_LoadMutes,,,untriaged,,
qagame,nitmod_admin.c,nitrox_SaveBans,,,untriaged,,
qagame,nitmod_admin.c,nitrox_SaveMutes,,,untriaged,,
qagame,nitmod_admin.c,nitrox_SaveSingleBan,,,untriaged,,
qagame,nitmod_admin.c,nitrox_SaveSingleMute,,,untriaged,,
qagame,nitmod_admin.c,nitrox_InitAdminSystem,,,untriaged,,
qagame,nitmod_admin.c,nitrox_ClearExpiredBans,,,untriaged,,
qagame,nitmod_admin.c,nitrox_ClearExpiredMutes,,,untriaged,,
qagame,nitmod_admin.c,nitrox_SetAdminPointers,,,untriaged,,
qagame,nitmod_admin.c,nitrox_GetAdminLevel,,,untriaged,,
qagame,nitmod_admin.c,nitrox_SetAdminPermissions,,,untriaged,,
qagame,nitmod_admin.c,nitrox_SetLevelPermissions,,,untriaged,,
qagame,nitmod_admin.c,nitrox_CheckPermission,,,untriaged,,
qagame,nitmod_admin.c,nitrox_CheckCommandPermission,,,untriaged,,
qagame,nitmod_anticheat.c,NxAC_ViolationStringForIndex,,,untriaged,,
qagame,nitmod_anticheat.c,NxAC_FlagToIndex,,,untriaged,,
qagame,nitmod_anticheat.c,NxAC_BanClient,,,untriaged,,
qagame,nitmod_anticheat.c,NxAC_CheckClient,,,untriaged,,
qagame,nitmod_anticheat.c,NxAC_Log,,,untriaged,,
qagame,nitmod_anticheat.c,NxAC_CvarScanViolation,,,untriaged,,
qagame,nitmod_anticheat.c,NxAC_ReportToAdminchat,,,untriaged,,
qagame,nitmod_anticheat.c,NxAC_LoadChecksums,,,untriaged,,
qagame,nitmod_anticheat.c,NxAC_ClearChecksumList,,,untriaged,,
qagame,nitmod_anticheat.c,NxAC_VerifyChecksum,,,untriaged,,
qagame,nitmod_anticheat.c,NxAC_LoadCvarList,,,untriaged,,
qagame,nitmod_anticheat.c,NxAC_ClearCvarList,,,untriaged,,
qagame,nitmod_anticheat.c,NxAC_ScanClientCvars,,,untriaged,,
qagame,nitmod_anticheat.c,NxAC_Init,,,untriaged,,
qagame,nitmod_anticheat.c,NxAC_ClientActiveFileTransfer,,,untriaged,,
qagame,nitmod_anticheat.c,NxAC_ClearClientFileHandle,,,untriaged,,
qagame,nitmod_anticheat.c,NxAC_UpdateClientFileHandleBuffer,,,untriaged,,
qagame,nitmod_bg.c,BG_StringHashValue,,,untriaged,,
qagame,nitmod_bg.c,BG_StringHashValue_Lwr,,,untriaged,,
qagame,nitmod_bg.c,BG_AnimParseError,,,untriaged,,
qagame,nitmod_bg.c,BG_ParseCommands_isra_0,,,untriaged,,
qagame,nitmod_bg.c,BG_IndexForString_constprop_4,,,untriaged,,
qagame,nitmod_bg.c,BG_AnimationForString,,,untriaged,,
qagame,nitmod_bg.c,BG_IndexForString,,,untriaged,,
qagame,nitmod_bg.c,BG_CopyStringIntoBuffer,,,untriaged,,
qagame,nitmod_bg.c,BG_InitWeaponStrings,,,untriaged,,
qagame,nitmod_bg.c,BG_ParseConditionBits,,,untriaged,,
qagame,nitmod_bg.c,BG_ParseConditions,,,untriaged,,
qagame,nitmod_bg.c,BG_AnimParseAnimScript,,,untriaged,,
qagame,nitmod_bg.c,BG_EvaluateConditions,,,untriaged,,
qagame,nitmod_bg.c,BG_FirstValidItem,,,untriaged,,
qagame,nitmod_bg.c,BG_PlayAnim,,,untriaged,,
qagame,nitmod_bg.c,BG_PlayAnimName,,,untriaged,,
qagame,nitmod_bg.c,BG_ExecuteCommand,,,untriaged,,
qagame,nitmod_bg.c,BG_AnimScriptAnimation,,,untriaged,,
qagame,nitmod_bg.c,BG_AnimScriptCannedAnimation,,,untriaged,,
qagame,nitmod_bg.c,BG_AnimScriptEvent,,,untriaged,,
qagame,nitmod_bg.c,BG_GetAnimString,,,untriaged,,
qagame,nitmod_bg.c,BG_UpdateConditionValue,,,untriaged,,
qagame,nitmod_bg.c,BG_GetConditionValue,,,untriaged,,
qagame,nitmod_bg.c,BG_GetConditionBitFlag,,,untriaged,,
qagame,nitmod_bg.c,BG_SetConditionBitFlag,,,untriaged,,
qagame,nitmod_bg.c,BG_ClearConditionBitFlag,,,untriaged,,
qagame,nitmod_bg.c,BG_GetAnimScriptAnimation,,,untriaged,,
qagame,nitmod_bg.c,BG_GetAnimationForIndex,,,untriaged,,
qagame,nitmod_bg.c,BG_AnimUpdatePlayerStateConditions,,,untriaged,,
qagame,nitmod_bg.c,BG_RAG_ParseError,,,untriaged,,
qagame,nitmod_bg.c,BG_ClearAnimationPool,,,untriaged,,
qagame,nitmod_bg.c,BG_R_RegisterAnimationGroup,,,untriaged,,
qagame,nitmod_bg.c,BG_LoadCampaignSave,,,untriaged,,
qagame,nitmod_bg.c,BG_StoreCampaignSave,,,untriaged,,
qagame,nitmod_bg.c,BG_PCF_ParseError,,,untriaged,,
qagame,nitmod_bg.c,BG_ParseCharacterFile,,,untriaged,,
qagame,nitmod_bg.c,BG_GetCharacter,,,untriaged,,
qagame,nitmod_bg.c,BG_GetCharacterForPlayerstate,,,untriaged,,
qagame,nitmod_bg.c,BG_ClearCharacterPool,,,untriaged,,
qagame,nitmod_bg.c,BG_FindFreeCharacter,,,untriaged,,
qagame,nitmod_bg.c,BG_FindCharacter,,,untriaged,,
qagame,nitmod_bg.c,BG_GetFromTable,,,untriaged,,
qagame,nitmod_bg.c,BG_FindItemForWeapon,,,untriaged,,
qagame,nitmod_bg.c,BG_FindClipForWeapon,,,untriaged,,
qagame,nitmod_bg.c,BG_FindAmmoForWeapon,,,untriaged,,
qagame,nitmod_bg.c,BG_AkimboFireSequence,,,untriaged,,
qagame,nitmod_bg.c,BG_IsAkimboWeapon,,,untriaged,,
qagame,nitmod_bg.c,BG_IsAkimboSideArm,,,untriaged,,
qagame,nitmod_bg.c,BG_AkimboSidearm,,,untriaged,,
qagame,nitmod_bg.c,BG_FindItem,,,untriaged,,
qagame,nitmod_bg.c,BG_FindItemForClassName,,,untriaged,,
qagame,nitmod_bg.c,BG_WeaponInWolfMP,,,untriaged,,
qagame,nitmod_bg.c,BG_GrenadesForClass,,,untriaged,,
qagame,nitmod_bg.c,BG_GrenadeTypeForTeam,,,untriaged,,
qagame,nitmod_bg.c,BG_CalculateSpline_r,,,untriaged,,
qagame,nitmod_bg.c,BG_PlayerTouchesItem,,,untriaged,,
qagame,nitmod_bg.c,BG_TraverseSpline,,,untriaged,,
qagame,nitmod_bg.c,BG_RaySphereIntersection,,,untriaged,,
qagame,nitmod_bg.c,BG_LinearPathOrigin2,,,untriaged,,
qagame,nitmod_bg.c,BG_ComputeSegments,,,untriaged,,
qagame,nitmod_bg.c,BG_EvaluateTrajectory,,,untriaged,,
qagame,nitmod_bg.c,BG_EvaluateTrajectoryDelta,,,untriaged,,
qagame,nitmod_bg.c,BG_GetMarkDir,,,untriaged,,
qagame,nitmod_bg.c,BG_AddPredictableEventToPlayerstate,,,untriaged,,
qagame,nitmod_bg.c,BG_GetPrimaryWeaponForPlayerState,,,untriaged,,
qagame,nitmod_bg.c,BG_PlayerStateToEntityState,,,untriaged,,
qagame,nitmod_bg.c,BG_DuplicateWeapon,,,untriaged,,
qagame,nitmod_bg.c,BG_ValidStatWeapon,,,untriaged,,
qagame,nitmod_bg.c,BG_WeaponForMOD,,,untriaged,,
qagame,nitmod_bg.c,BG_Find_PathCorner,,,untriaged,,
qagame,nitmod_bg.c,BG_AddPathCorner,,,untriaged,,
qagame,nitmod_bg.c,BG_Find_Spline,,,untriaged,,
qagame,nitmod_bg.c,BG_AddSplinePath,,,untriaged,,
qagame,nitmod_bg.c,BG_AddSplineControl,,,untriaged,,
qagame,nitmod_bg.c,BG_SplineLength,,,untriaged,,
qagame,nitmod_bg.c,BG_BuildSplinePaths,,,untriaged,,
qagame,nitmod_bg.c,BG_GetSplineData,,,untriaged,,
qagame,nitmod_bg.c,BG_MaxAmmoForWeapon,,,untriaged,,
qagame,nitmod_bg.c,BG_AddMagicAmmo,,,untriaged,,
qagame,nitmod_bg.c,BG_CanItemBeGrabbed,,,untriaged,,
qagame,nitmod_bg.c,BG_CreateRotationMatrix,,,untriaged,,
qagame,nitmod_bg.c,BG_TransposeMatrix,,,untriaged,,
qagame,nitmod_bg.c,BG_RotatePoint,,,untriaged,,
qagame,nitmod_bg.c,PC_SourceWarning,,,untriaged,,
qagame,nitmod_bg.c,PC_SourceError,,,untriaged,,
qagame,nitmod_bg.c,PC_Float_Parse,,,untriaged,,
qagame,nitmod_bg.c,PC_Color_Parse,,,untriaged,,
qagame,nitmod_bg.c,PC_Vec_Parse,,,untriaged,,
qagame,nitmod_bg.c,PC_Int_Parse,,,untriaged,,
qagame,nitmod_bg.c,PC_String_Parse,,,untriaged,,
qagame,nitmod_bg.c,PC_String_ParseNoAlloc,,,untriaged,,
qagame,nitmod_bg.c,BG_simpleWeaponState,,,untriaged,,
qagame,nitmod_bg.c,BG_cleanName,,,untriaged,,
qagame,nitmod_bg.c,BG_setCrosshair,,,untriaged,,
qagame,nitmod_bg.c,BG_isLightWeaponSupportingFastReload,,,untriaged,,
qagame,nitmod_bg.c,BG_IsScopedWeapon,,,untriaged,,
qagame,nitmod_bg.c,BG_InitLocations,,,untriaged,,
qagame,nitmod_bg.c,BG_GetLocationString,,,untriaged,,
qagame,nitmod_bg.c,BG_ClipVelocity,,,untriaged,,
qagame,nitmod_bg.c,BG_BBoxCollision,,,untriaged,,
qagame,nitmod_bg.c,BG_FootstepForSurface,,,untriaged,,
qagame,nitmod_bg.c,BG_CheckCharge,,,untriaged,,
qagame,nitmod_bg.c,BG_GetPlayerClassInfo,,,untriaged,,
qagame,nitmod_bg.c,BG_PlayerClassForPlayerState,,,untriaged,,
qagame,nitmod_bg.c,BG_ClassHasWeapon,,,untriaged,,
qagame,nitmod_bg.c,BG_WeaponIsPrimaryForClassAndTeam,,game/g_nitmod_restrictions.c,ported_partial,original-i386-class-tables/typed-classification-tests,"Original six-slot class tables mapped to native weapons; pickup override order preserved. 4000 combinations plus invalid bounds tested. Connected to isolated weapon policy, not native loadouts. See reference/weapon-restrictions.md."
qagame,nitmod_bg.c,BG_TeamName,,,untriaged,,
qagame,nitmod_bg.c,BG_ShortClassnameForNumber,,,untriaged,,
qagame,nitmod_bg.c,BG_ClassnameForNumber,,,untriaged,,
qagame,nitmod_bg.c,BG_ClassnameForNumber_Filename,,,untriaged,,
qagame,nitmod_bg.c,BG_ClassSkillForClass,,,untriaged,,
qagame,nitmod_bg.c,BG_SS_ParseError,,,untriaged,,
qagame,nitmod_bg.c,BG_ClearScriptSpeakerPool,,,untriaged,,
qagame,nitmod_bg.c,BG_NumScriptSpeakers,,,untriaged,,
qagame,nitmod_bg.c,BG_GetIndexForSpeaker,,,untriaged,,
qagame,nitmod_bg.c,BG_GetScriptSpeaker,,,untriaged,,
qagame,nitmod_bg.c,BG_SS_DeleteSpeaker,,,untriaged,,
qagame,nitmod_bg.c,BG_SS_StoreSpeaker,,,untriaged,,
qagame,nitmod_bg.c,BG_LoadSpeakerScript,,,untriaged,,
qagame,nitmod_bg.c,BG_WeapStatForWeapon,,,untriaged,,
qagame,nitmod_bg.c,BG_GetStatGoombas,,,untriaged,,
qagame,nitmod_bg.c,BG_SetStatGoombas,,,untriaged,,
qagame,nitmod_bg.c,BG_GetStatBestSpree,,,untriaged,,
qagame,nitmod_bg.c,BG_SetStatBestSpree,,,untriaged,,
qagame,nitmod_bg.c,BG_GetKillSpree,,,untriaged,,
qagame,nitmod_bg.c,BG_SetKillSpree,,,untriaged,,
qagame,nitmod_bg.c,BG_AdjustKillSpree,,,untriaged,,
qagame,nitmod_bg.c,BG_AdjustGoombas,,,untriaged,,
qagame,nitmod_bg.c,BG_LoadTraceMap,,,untriaged,,
qagame,nitmod_bg.c,BG_GetSkyHeightAtPoint,,,untriaged,,
qagame,nitmod_bg.c,BG_GetSkyGroundHeightAtPoint,,,untriaged,,
qagame,nitmod_bg.c,BG_GetGroundHeightAtPoint,,,untriaged,,
qagame,nitmod_bg.c,BG_GetTracemapGroundFloor,,,untriaged,,
qagame,nitmod_bg.c,BG_RW_ParseError,,,untriaged,,
qagame,nitmod_bg.c,BG_ParseWeaponConfig,,,untriaged,,
qagame,nitmod_bg.c,BG_RW_ParseDefinition,,game/nitmod_weapon_definition.c,ported_partial,original-i386-ammo-destinations/typed-parser-tests,Strict classes plus nine native ammotable_t fields and three typed recoil attributes; staged defaults and atomic output commit. Other selected attributes reject. No global ammo mutation or gameplay activation. See reference/weapon-ammo-definition.md and reference/weapon-recoil.md.
qagame,nitmod_bg.c,BG_RegisterWeaponFromWeaponFile,,game/nitmod_weapon_definition.c; game/g_nitmod_weapon_definition.c,ported_partial,typed-section-parser/engine-source-double-tests,Normal/alternate ammo-mask-recoil subset selection and engine source lifetime/fallback tested through composed adapter. Client assets skipped; full grammar and registry reload ownership pending. See reference/weapon-ammo-definition.md and reference/weapon-recoil.md.
qagame,nitmod_bg.c,BG_RegisterWeapon,,game/nitmod_weapon_paths.c; game/g_nitmod_weapon_definition.c,ported_partial,hash-pinned-original-case-operands/typed-path-tests,44 typed weapon file/alternate mappings and bounded preferred/fallback loader; four private weapons excluded. No registered-state or full metadata lifecycle. See reference/weapon-definition-paths.md.
qagame,nitmod_bg.c,BG_PCF_ParseError,,,untriaged,,
qagame,nitmod_bg.c,BG_IsFile,,,untriaged,,
qagame,nitmod_bg.c,BG_IsDirectory,,,untriaged,,
qagame,nitmod_bg.c,BG_DeleteFile,,,untriaged,,
qagame,nitmod_bg.c,BG_RenameFile,,,untriaged,,
qagame,nitmod_client.c,ClientImpacts,,,untriaged,,
qagame,nitmod_client.c,SpectatorThink,,,untriaged,,
qagame,nitmod_client.c,ClientInactivityTimer,,,untriaged,,
qagame,nitmod_client.c,ClientTimerActions,,,untriaged,,
qagame,nitmod_client.c,ClientIntermissionThink,,,untriaged,,
qagame,nitmod_client.c,ClientEvents,,,untriaged,,
qagame,nitmod_client.c,ClientThink_checkWeapons,,game/g_nitmod_abilities.c (adrenaline reconciliation only),ported_partial,original-i386-disassembly/typed-inventory-tests,Mode-4 entry active after ClientEndFrame with connected-team guards and per-spawn gclient latch. Full qagame lifecycle-adapter tests; original demo-client facility absent in ET 2.60. Adrenaline and dynamic generic restrictions remain partial. See reference/active-war-entry.md.
qagame,nitmod_client.c,ClientThink_doPmove,,,untriaged,,
qagame,nitmod_client.c,ClientThink_real,,,untriaged,,
qagame,nitmod_client.c,ClientThink_cmd,,,untriaged,,
qagame,nitmod_client.c,ClientThink,,,untriaged,,
qagame,nitmod_client.c,SpectatorClientEndFrame,,,untriaged,,
qagame,nitmod_client.c,StuckInClient,,,untriaged,,
qagame,nitmod_client.c,WolfRevivePushEnt,,,untriaged,,
qagame,nitmod_client.c,WolfReviveBbox,,,untriaged,,
qagame,nitmod_client.c,ClientEndFrame,,,untriaged,,
qagame,nitmod_client.c,BodySink,,,untriaged,,
qagame,nitmod_client.c,BodySink2,,,untriaged,,
qagame,nitmod_client.c,CopyToBodyQue,,,untriaged,,
qagame,nitmod_client.c,SetClientViewAngle,,,untriaged,,
qagame,nitmod_client.c,ClientCleanName,,,untriaged,,
qagame,nitmod_client.c,ClientUserinfoChanged,,,untriaged,,
qagame,nitmod_client.c,ClientVisibleNameLength,,,untriaged,,
qagame,nitmod_client.c,ClientSpawn,,,untriaged,,
qagame,nitmod_client.c,ClientBegin,,,untriaged,,
qagame,nitmod_client.c,ClientDisconnect,,,untriaged,,
qagame,nitmod_client.c,ClientConnect,,,untriaged,,
qagame,nitmod_client.c,ClientStoreSurfaceFlags,,,untriaged,,
qagame,nitmod_client.c,ClientNumbersFromString,,,untriaged,,
qagame,nitmod_client.c,ClientNumberFromString,,,untriaged,,
qagame,nitmod_client.c,ClientIsFlooding,,,untriaged,,
qagame,nitmod_client.c,ClientCommand,,,untriaged,,
qagame,nitmod_client.c,player_die,,,untriaged,,
qagame,nitmod_client.c,ClientHasAdren,,game/g_nitmod_abilities.c,ported_partial,original-i386-disassembly/typed-eligibility-tests,Typed entity/client eligibility wrappers use explicit first-aid unlock bit 0x10 and class mask. Nulls reject safely. Built but not gameplay-active; state ownership and inventory reconciliation pending. See reference/skill-abilities-disassembly.md.
qagame,nitmod_client.c,ClientName_part_9,,,untriaged,,
qagame,nitmod_client.c,ClientName,,,untriaged,,
qagame,nitmod_client.c,ClientForString,,,untriaged,,
qagame,nitmod_cmds.c,Cmd_SetViewpos_f_part_9,,,untriaged,,
qagame,nitmod_cmds.c,Cmd_IntermissionPlayerKillsDeaths_f_part_18,,,untriaged,,
qagame,nitmod_cmds.c,Cmd_IntermissionWeaponAccuracies_f_part_19,,,untriaged,,
qagame,nitmod_cmds.c,Cmd_Score_f,,,untriaged,,
qagame,nitmod_cmds.c,Cmd_GiveDisguise_f,,,untriaged,,
qagame,nitmod_cmds.c,Cmd_Give_f,,,untriaged,,
qagame,nitmod_cmds.c,Cmd_God_f,,,untriaged,,
qagame,nitmod_cmds.c,Cmd_Nofatigue_f,,,untriaged,,
qagame,nitmod_cmds.c,Cmd_Notarget_f,,,untriaged,,
qagame,nitmod_cmds.c,Cmd_Noclip_f,,,untriaged,,
qagame,nitmod_cmds.c,Cmd_Kill_f,,,untriaged,,
qagame,nitmod_cmds.c,G_TeamDataForString,,,untriaged,,
qagame,nitmod_cmds.c,Cmd_ResetSetup_f,,,untriaged,,
qagame,nitmod_cmds.c,Cmd_Say_f,,,untriaged,,
qagame,nitmod_cmds.c,Cmd_Where_f,,,untriaged,,
qagame,nitmod_cmds.c,Cmd_CallVote_f,,,untriaged,,
qagame,nitmod_cmds.c,Cmd_Vote_f,,,untriaged,,
qagame,nitmod_cmds.c,Cmd_SetViewpos_f,,,untriaged,,
qagame,nitmod_cmds.c,Cmd_Activate_f,,,untriaged,,
qagame,nitmod_cmds.c,Cmd_Activate2_f,,,untriaged,,
qagame,nitmod_cmds.c,Cmd_Team_f,,,untriaged,,
qagame,nitmod_cmds.c,Cmd_SetClass_f,,game/g_nitmod_class_command.c; game/g_cmds_ext.c,ported_partial,original-ELF-0x5e880/full-qagame-dispatch,Active command-table dispatch and recovered class/loadout handler; native weapon IDs and existing SetTeam flow retained. See reference/active-loadout-restrictions.md.
qagame,nitmod_cmds.c,Cmd_FollowCycle_f,,,untriaged,,
qagame,nitmod_cmds.c,Cmd_Follow_f,,,untriaged,,
qagame,nitmod_cmds.c,Cmd_SetSpawnPoint_f_part_17,,,untriaged,,
qagame,nitmod_cmds.c,Cmd_SetSpawnPoint_f,,,untriaged,,
qagame,nitmod_cmds.c,Cmd_WeaponStat_f,,,untriaged,,
qagame,nitmod_cmds.c,Cmd_IntermissionWeaponStats_f,,,untriaged,,
qagame,nitmod_cmds.c,Cmd_IntermissionReady_f,,,untriaged,,
qagame,nitmod_cmds.c,Cmd_IntermissionPlayerKillsDeaths_f,,,untriaged,,
qagame,nitmod_cmds.c,Cmd_IntermissionWeaponAccuracies_f,,,untriaged,,
qagame,nitmod_cmds.c,Cmd_IntermissionHitRegions_f,,game/g_cmds.c,ported_partial,original-ELF-0x60600/source-contract,Typed HR_HEAD/ARMS/BODY/LEGS source and original count/percentage wire order. See reference/debrief-intermission-protocol.md.
qagame,nitmod_cmds.c,Cmd_SelectedObjective_f,,,untriaged,,
qagame,nitmod_cmds.c,Cmd_Ignore_f,,,untriaged,,
qagame,nitmod_cmds.c,Cmd_UnIgnore_f,,,untriaged,,
qagame,nitmod_cmds.c,Cmd_DropObj,,,untriaged,,
qagame,nitmod_cmds.c,Cmd_FireTeam_MP_f,,,untriaged,,
qagame,nitmod_cmds.c,Svcmd_GameMem_f,,,untriaged,,
qagame,nitmod_cmds.c,Cmd_AuthRcon_f,,,untriaged,,
qagame,nitmod_cmds.c,Svcmd_AddIP_f,,,untriaged,,
qagame,nitmod_cmds.c,Svcmd_RemoveIP_f,,,untriaged,,
qagame,nitmod_cmds.c,Svcmd_EntityList_f,,,untriaged,,
qagame,nitmod_cmds.c,Svcmd_ForceTeam_f,,,untriaged,,
qagame,nitmod_cmds.c,Svcmd_ResetMatch_f,,,untriaged,,
qagame,nitmod_cmds.c,Svcmd_SwapTeams_f,,,untriaged,,
qagame,nitmod_cmds.c,Svcmd_ShuffleTeams_f,,,untriaged,,
qagame,nitmod_cmds.c,Svcmd_Campaign_f,,,untriaged,,
qagame,nitmod_cmds.c,Svcmd_ListCampaigns_f,,,untriaged,,
qagame,nitmod_cmds.c,Svcmd_RevivePlayer,,,untriaged,,
qagame,nitmod_combat.c,G_LogDeath,,,untriaged,,
qagame,nitmod_combat.c,G_LogKill,,,untriaged,,
qagame,nitmod_combat.c,G_KillEnts,,,untriaged,,
qagame,nitmod_combat.c,G_KillBox,,,untriaged,,
qagame,nitmod_core.c,Nit_RemoveWordInString,,,untriaged,,
qagame,nitmod_core.c,nitrox_AddPredictableDamage,,game/bg_misc.c,ported,control-flow/source-build,Mapped to typed playerState damage feedback and shared landing prediction.
qagame,nitmod_core.c,nitmod_NCSvar,,game/g_main.c; game/g_nitmod_config.c,ported_partial,cvar-change/source-build,Refreshes the typed ET 2.60 cvar subset only when one of those cvars changes.
qagame,nitmod_core.c,nitrox_PreciseBBoxCollision,,,untriaged,,
qagame,nitmod_core.c,nitrox_CreateDirectory,,,deferred,callgraph-review,Used by the anti-cheat path and performs native filesystem access; it belongs behind the planned platform backend.
qagame,nitmod_core.c,BG_BuildFilePath,,game/g_nitmod_config.c,ported,control-flow/source-build,Typed bounded path builder preserves the recovered separator behavior for later platform backends.
qagame,nitmod_core.c,nitrox_CrazyGravityCmd,,,deferred,source-review,Depends on the absent n_crazyGravity Cvar and its gameplay implementation.
qagame,nitmod_core.c,Nit_GibAll,,,deferred,callgraph-review,Only reached while disabling the unported panzerwar/sniperwar admin modes.
qagame,nitmod_core.c,nitrox_bigBufferPrint,,game/g_nitmod_config.c,ported,control-flow/source-build,Typed explicit-buffer implementation preserves chunked print delivery and safely escapes command delimiters.
qagame,nitmod_core.c,nitrox_QueryScreenshot,,,untriaged,,
qagame,nitmod_core.c,nitrox_SortByKDRatio,,,untriaged,,
qagame,nitmod_core.c,nitrox_ResetNumObjectives,,,deferred,source-review,Resets native objective count plus a second unresolved mod-only counter.
qagame,nitmod_core.c,nitrox_CustomVoteDescription,,,untriaged,,
qagame,nitmod_core.c,nitmod_customVoteCmd,,,untriaged,,
qagame,nitmod_core.c,nitrox_SpawnArtyHint,,,untriaged,,
qagame,nitmod_core.c,nitrox_DrawHitboxesOnShoot,,,untriaged,,
qagame,nitmod_core.c,Bullet_Fire_Extended,,,untriaged,,
qagame,nitmod_core.c,nitrox_ClampFloat,,game/g_nitmod_config.c,ported,control-flow/source-build,Typed in-place floating-point clamp.
qagame,nitmod_core.c,nitrox_ClampInt,,game/g_nitmod_config.c,ported,control-flow/source-build,Typed integer clamp retaining the recovered nearest-integer conversion.
qagame,nitmod_core.c,nitrox_stripLeadingSpaces,,game/g_nitmod_config.c,ported,control-flow/source-build,Safe in-place leading-space removal.
qagame,nitmod_core.c,nitrox_XPSave_LoadXP,,,untriaged,,
qagame,nitmod_core.c,nitrox_XPSave_WriteXP,,,untriaged,,
qagame,nitmod_core.c,nitrox_XPSave_WriteAllXP,,,untriaged,,
qagame,nitmod_core.c,nitrox_XPSave_ClearXP,,,untriaged,,
qagame,nitmod_core.c,nitrox_OpenCrashLog,,,untriaged,,
qagame,nitmod_core.c,Nit_SecShrubLogin,,,untriaged,,
qagame,nitmod_core.c,Nit_SecShrubLogout,,,untriaged,,
qagame,nitmod_core.c,Nit_SecureShrubEnabled,,,untriaged,,
qagame,nitmod_core.c,Nit_SecureShrubError,,,untriaged,,
qagame,nitmod_core.c,nitmod_cp,,,deferred,source-review,The ncp numeric client-message table has not been reconstructed.
qagame,nitmod_core.c,nitmod_SendChargeTimes,,game/g_nitmod_config.c,ported_partial,wire-order/source-build,Capability-gated compatibility improvement.
qagame,nitmod_core.c,nitmod_Sound_Global,,game/g_nitmod_config.c,ported,control-flow/source-build,Typed EV_GLOBAL_SOUND temporary entity with a broadcast sound index.
qagame,nitmod_core.c,Nit_SCLogin,,,untriaged,,
qagame,nitmod_core.c,Nit_SCLogout,,,untriaged,,
qagame,nitmod_core.c,Nit_SCEnabled,,,untriaged,,
qagame,nitmod_core.c,nitmod_objective,,game/g_nitmod_config.c,ported_partial,call-sites/source-build,Private per-player counters remain unported.
qagame,nitmod_core.c,Nit_HitSound,,game/g_nitmod_config.c; cgame/cg_nitmod_config.c,ported_partial,wire-values/source-build,Transport only. Head event requires Sniperwar; team events depend on private protection/award state. Incorrect generic G_Damage producer removed.
qagame,nitmod_core.c,nitmod_SendMapEndStats,,game/g_nitmod_config.c,ported_partial,wire-order/source-build,2.60 base has no dedicated bodyshot counter.
qagame,nitmod_core.c,nitmod_IsSimpleCSVar,,,untriaged,,
qagame,nitmod_core.c,nitmod_SimpleCS,,game/g_nitmod_config.c,ported_partial,wire-order/source-build,Only Cvars with typed 2.60 equivalents are populated; custom gameplay Cvars remain zero.
qagame,nitmod_core.c,nitmod_makeSC,,,deferred,source-review,Original change detector is driven by mod-specific Cvars that are not part of ET 2.60.
qagame,nitmod_core.c,nitmod_removeSC,,,deferred,source-review,Original cleanup targets the same unresolved mod-specific Cvar tracking state.
qagame,nitmod_core.c,nitmod_SendNCS,,game/g_nitmod_config.c,ported_partial,ranges/source-build,Capability-gated compatibility improvement.
qagame,nitmod_core.c,nitmod_SoundEvent,,game/g_nitmod_config.c; game/g_utils.c,ported_partial,control-flow/source-build,Typed adapter uses ET 2.60's equivalent EV_GENERAL_SOUND temp entity; the reference entity-pool allocation optimization is omitted.
qagame,nitmod_core.c,nitmod_Announce,,game/g_nitmod_config.c; cgame/cg_nitmod_config.c,ported_partial,tuple/protocol/source-build,Actor/detail/type payload is capability-gated as nsp because the original event value collides with ET 2.60 EV_GENERAL_SOUND_VOLUME; private message/sound tables remain pending.
qagame,nitmod_core.c,nitmod_TeamScores,,,untriaged,,
qagame,nitmod_core.c,nitrox_XPSave_encode64,,,untriaged,,
qagame,nitmod_core.c,nitrox_CheckNGUIDSum,,game/g_nitmod_config.c,ported,control-flow/source-build,Included in the safe typed NGUID validator with the recovered 33-byte checksum.
qagame,nitmod_core.c,nitrox_GUIDCheckValid,,game/g_nitmod_config.c,ported,control-flow/source-build,Mapped to the safe typed NGUID validator; invalid length is rejected before inspection.
qagame,nitmod_core.c,nitrox_AlphaNumValid,,game/g_nitmod_config.c,ported,control-flow/source-build,Mapped to ASCII alphanumeric validation inside the typed NGUID validator.
qagame,nitmod_core.c,nitrox_user_register,,,untriaged,,
qagame,nitmod_core.c,nitrox_user_login,,,untriaged,,
qagame,nitmod_core.c,nitrox_DBConnect,,,untriaged,,
qagame,nitmod_core.c,nitrox_InitUsersTable,,,untriaged,,
qagame,nitmod_core.c,nitrox_InitMailsTable,,,untriaged,,
qagame,nitmod_core.c,nitrox_LoadUsers,,,untriaged,,
qagame,nitmod_core.c,nitrox_SaveUsers,,,untriaged,,
qagame,nitmod_core.c,nitrox_MailTo,,,untriaged,,
qagame,nitmod_core.c,nitrox_CheckMails,,,untriaged,,
qagame,nitmod_core.c,nitrox_DeleteMail,,,untriaged,,
qagame,nitmod_core.c,nitrox_SaveSingleUser,,,untriaged,,
qagame,nitmod_core.c,nitrox_SaveDB,,,untriaged,,
qagame,nitmod_core.c,nitrox_SaveDB_console,,,untriaged,,
qagame,nitmod_core.c,nitrox_InitEventsQueue,,,untriaged,,
qagame,nitmod_core.c,nitrox_TempEventFromQueue,,,untriaged,,
qagame,nitmod_core.c,nitrox_InitTempHeadQueue,,,untriaged,,
qagame,nitmod_core.c,nitrox_TempHeadFromQueue,,,untriaged,,
qagame,nitmod_core.c,nitrox_FreeTempHead,,,untriaged,,
qagame,nitmod_core.c,nitrox_InitTempLegQueue,,,untriaged,,
qagame,nitmod_core.c,nitrox_TempLegFromQueue,,,untriaged,,
qagame,nitmod_core.c,nitrox_FreeTempLeg,,,untriaged,,
qagame,nitmod_core.c,nitrox_TempMissileCam,,,untriaged,,
qagame,nitmod_core.c,nitrox_Uptime,,,untriaged,,
qagame,nitmod_core.c,nitrox_FindByClassNameHash,,game/g_nitmod_bot_entities.c,ported_partial,original-ELF-0x10e820/all-slot-cache-search-tests,Typed forward inuse/cache search with exclusive start and level entity count; invalid pointer/count defenses. Original caller migration pending. See reference/cached-name-search.md.
qagame,nitmod_core.c,nitrox_FindByScriptNameHash,,game/g_nitmod_bot_entities.c,ported_partial,original-ELF-0x10e890/all-slot-cache-search-tests,Typed forward script-name cache search; no string check or special zero/-1 handling. Original caller migration pending. See reference/cached-name-search.md.
qagame,nitmod_core.c,nitrox_FindByInteger,,,untriaged,,
qagame,nitmod_core.c,nitrox_FindByFloat,,,untriaged,,
qagame,nitmod_core.c,nitrox_FindByVector,,,untriaged,,
qagame,nitmod_core.c,nitrox_InitEntityArray,,game/nitmod_entity_array.c,ported_partial,control-flow/executable-tests,"Typed borrowed entity-pointer container; 1024 entries, duplicate suppression, full-before-duplicate check and ordered removal tested. Engine consumers and original fatal overflow adapter remain pending; invalid container checks are deliberate hardening."
qagame,nitmod_core.c,nitrox_AddEntityToEntityArray,,game/nitmod_entity_array.c,ported_partial,control-flow/executable-tests,"Typed borrowed entity-pointer container; 1024 entries, duplicate suppression, full-before-duplicate check and ordered removal tested. Engine consumers and original fatal overflow adapter remain pending; invalid container checks are deliberate hardening."
qagame,nitmod_core.c,nitrox_RemoveEntityFromEntityArray,,game/nitmod_entity_array.c,ported_partial,control-flow/executable-tests,"Typed borrowed entity-pointer container; 1024 entries, duplicate suppression, full-before-duplicate check and ordered removal tested. Engine consumers and original fatal overflow adapter remain pending; invalid container checks are deliberate hardening."
qagame,nitmod_core.c,nitrox_NextKey,,,deferred,callgraph-review,Shared helper has no recovered product callsite outside duplicated decompiler declarations.
qagame,nitmod_core.c,nitrox_CacheClientIP,,game/g_client.c; game/g_nitmod_config.c; game/g_local.h,ported,control-flow/source-build,Mapped to a typed address/host/port cache refreshed from client userinfo.
qagame,nitmod_core.c,nitrox_HitboxHeight,,,deferred,source-review,Depends on unresolved g_realBody/g_hitboxes policy and custom hitbox consumers.
qagame,nitmod_core.c,nitrox_ParseMaxHP,,,deferred,source-review,Original shares native CS_FILTERCAMS (39); a direct port would corrupt stock configstring semantics.
qagame,nitmod_core.c,nitrox_SendSkillLevels,,,deferred,original-i386-symbols/source-review,Seven vmCvar string sources resolved; see reference/skill-thresholds-disassembly.md. Isolated 7x6 parser tested but sender not activated: native ET has five levels and needs coordinated XP/UI/state migration.
qagame,nitmod_core.c,nitrox_SetConfigstring,,game/nitmod_config_store.c; game/g_nitmod_config.c,ported_partial,storage-transitions/executable-tests,"655-slot typed store and dirty tracking tested including empty, duplicate, invalid and maximum-length values. Immediate and dirty-pass sends remain capability-gated. Rejection replaces original unsafe/truncating writes; network replay pending."
qagame,nitmod_core.c,nitrox_GetConfigstring,,game/g_nitmod_config.c,ported_partial,source-build,Bounded copy from typed NCS store with index validation; engine error-path replay pending.
qagame,nitmod_core.c,nitrox_UpdateConfigstrings,,game/g_nitmod_config.c,ported_partial,ranges/source-build,Engine mirror call-sites are reconstructed incrementally.
qagame,nitmod_core.c,nitrox_CSIndex,,game/nitmod_config_index.c; game/g_utils.c; game/g_nitmod_config.c,ported_partial,control-flow/executable-tests,"Case-sensitive first-empty-slot search, reserved index zero and creation overflow tested. Four recovered asset ranges use authoritative native allocation plus NCS mirrors. Arbitrary NCS ranges are rejected; original private sound +84 offset is not used for native ET events."
qagame,nitmod_core.c,nitrox_SendNewGameState,,,untriaged,,
qagame,nitmod_core.c,nitrox_SendConfigString,,,untriaged,,
qagame,nitmod_core.c,nitrox_SendClassesMaxHP,,,deferred,source-review,Depends on the unresolved custom class-maximum-health state.
qagame,nitmod_core.c,nitrox_DumpNCSFull,,,untriaged,,
qagame,nitmod_core.c,nitrox_LoadDBFile_commands,,,untriaged,,
qagame,nitmod_core.c,nitrox_LoadDBFile_levels,,,untriaged,,
qagame,nitmod_core.c,nitrox_SaveDBFile_levels,,,untriaged,,
qagame,nitmod_core.c,nitrox_CreateLevelZero,,,untriaged,,
qagame,nitmod_core.c,nitrox_LoadDBFiles,,,untriaged,,
qagame,nitmod_core.c,nitrox_CreateScreenshotsFolder,,,untriaged,,
qagame,nitmod_core.c,nitrox_GetTokenForString,,,deferred,source-review,"This is a lookup into an absent generated perfect-hash table, not a general token parser; its command-to-ID mapping must be recovered before porting."
qagame,nitmod_core.c,nitrox_ClearInvalidUsers_part_0,,,untriaged,,
qagame,nitmod_core.c,nitrox_ClearInvalidUsers,,,untriaged,,
qagame,nitmod_core.c,nitrox_LevelExists,,,untriaged,,
qagame,nitmod_core.c,nitrox_LevelPointer,,,untriaged,,
qagame,nitmod_core.c,nitrox_OpenNxACListenSocket,,,untriaged,,
qagame,nitmod_core.c,nitrox_OpenMasterSocket,,,untriaged,,
qagame,nitmod_core.c,nitrox_CloseMasterSocket,,,untriaged,,
qagame,nitmod_core.c,nitrox_SendStatsToMaster,,,untriaged,,
qagame,nitmod_core.c,nitrox_QueryGlobalStats,,,untriaged,,
qagame,nitmod_core.c,nitrox_PlayerStatsReceivedFromMaster,,,untriaged,,
qagame,nitmod_core.c,nitrox_FindPacketEntity,,,untriaged,,
qagame,nitmod_core.c,nitrox_ClearSocketInfos,,,untriaged,,
qagame,nitmod_core.c,nitrox_ReadSocketData,,,untriaged,,
qagame,nitmod_core.c,nitrox_CheckGlobalAwards,,,untriaged,,
qagame,nitmod_core.c,nitrox_NxAC_ReportCvarViolationToMaster,,,untriaged,,
qagame,nitmod_database.c,db_setmetatable,,,untriaged,,
qagame,nitmod_database.c,db_getregistry,,,untriaged,,
qagame,nitmod_database.c,db_setfenv,,,untriaged,,
qagame,nitmod_database.c,db_getmetatable,,,untriaged,,
qagame,nitmod_database.c,db_getfenv,,,untriaged,,
qagame,nitmod_database.c,db_debug,,,untriaged,,
qagame,nitmod_database.c,db_getupvalue,,,untriaged,,
qagame,nitmod_database.c,db_setupvalue,,,untriaged,,
qagame,nitmod_database.c,db_getlocal,,,untriaged,,
qagame,nitmod_database.c,db_setlocal,,,untriaged,,
qagame,nitmod_database.c,db_getinfo,,,untriaged,,
qagame,nitmod_database.c,db_sethook,,,untriaged,,
qagame,nitmod_database.c,db_gethook,,,untriaged,,
qagame,nitmod_database.c,db_errorfb,,,untriaged,,
qagame,nitmod_game.c,G_DoAntiwarp,,,untriaged,,
qagame,nitmod_game.c,G_SetClientSound,,,untriaged,,
qagame,nitmod_game.c,G_TouchTriggers,,,untriaged,,
qagame,nitmod_game.c,G_SpectatorAttackFollow,,,untriaged,,
qagame,nitmod_game.c,G_SetIdentifyClient,,,untriaged,,
qagame,nitmod_game.c,G_FallDamage,,,untriaged,,
qagame,nitmod_game.c,G_RunClient,,,untriaged,,
qagame,nitmod_game.c,G_AdjustSingleClientPosition_constprop_6,,,untriaged,,
qagame,nitmod_game.c,DetectHitZone,,,untriaged,,
qagame,nitmod_game.c,Trace_HitsPlayer,,,untriaged,,
qagame,nitmod_game.c,G_AntilagSafe,,,untriaged,,
qagame,nitmod_game.c,G_StoreClientPosition,,,untriaged,,
qagame,nitmod_game.c,G_AdjustSingleClientPosition,,,untriaged,,
qagame,nitmod_game.c,G_ReAdjustSingleClientPosition,,,untriaged,,
qagame,nitmod_game.c,G_AdjustClientPositions,,,untriaged,,
qagame,nitmod_game.c,G_ResetMarkers,,,untriaged,,
qagame,nitmod_game.c,G_AttachBodyParts,,,untriaged,,
qagame,nitmod_game.c,G_DettachBodyParts,,,untriaged,,
qagame,nitmod_game.c,G_SwitchBodyPartEntity,,,untriaged,,
qagame,nitmod_game.c,G_HistoricalTraceBegin,,,untriaged,,
qagame,nitmod_game.c,G_HistoricalTraceEnd,,,untriaged,,
qagame,nitmod_game.c,G_TempTraceIgnoreBodies,,,untriaged,,
qagame,nitmod_game.c,G_TraceNew,,,untriaged,,
qagame,nitmod_game.c,G_Trace,,,untriaged,,
qagame,nitmod_game.c,G_HistoricalTrace,,,untriaged,,
qagame,nitmod_game.c,G_SkipCorrectionSafe,,,untriaged,,
qagame,nitmod_game.c,G_PredictPmove,,,untriaged,,
qagame,nitmod_game.c,G_RemoveFromAllIgnoreLists,,,untriaged,,
qagame,nitmod_game.c,G_RegisterCharacter,,,untriaged,,
qagame,nitmod_game.c,G_RegisterPlayerClasses,,,untriaged,,
qagame,nitmod_game.c,G_UpdateCharacter,,,untriaged,,
qagame,nitmod_game.c,G_SetDefaultLevel_part_4,,,untriaged,,
qagame,nitmod_game.c,G_AddClassSpecificTools_part_3,,,untriaged,,
qagame,nitmod_game.c,G_BodyDP,,,untriaged,,
qagame,nitmod_game.c,G_DropLimboHealth,,,untriaged,,
qagame,nitmod_game.c,G_AddClassSpecificTools,,,untriaged,,
qagame,nitmod_game.c,G_CountTeamMedics,,,untriaged,,
qagame,nitmod_game.c,G_SetDefaultLevel,,,untriaged,,
qagame,nitmod_game.c,G_ComputeMaxLives,,,untriaged,,
qagame,nitmod_game.c,G_ShortcutSanitize_part_7,,,untriaged,,
qagame,nitmod_game.c,G_CensorText,,,untriaged,,
qagame,nitmod_game.c,G_CensorPenalize,,,untriaged,,
qagame,nitmod_game.c,G_PlayDead,,,untriaged,,
qagame,nitmod_game.c,G_TeamDamageStats,,,untriaged,,
qagame,nitmod_game.c,G_SendScore_Add,,,untriaged,,
qagame,nitmod_game.c,G_SendScore,,,untriaged,,
qagame,nitmod_game.c,G_SendKD_Add,,,untriaged,,
qagame,nitmod_game.c,G_SendKD,,,untriaged,,
qagame,nitmod_game.c,G_MatchOnePlayer,,,untriaged,,
qagame,nitmod_game.c,G_PlaySound_Cmd,,,untriaged,,
qagame,nitmod_game.c,G_PrivateMessage,,,untriaged,,
qagame,nitmod_game.c,G_DropItems,,,untriaged,,
qagame,nitmod_game.c,G_ClassCount,,,untriaged,,
qagame,nitmod_game.c,G_IsClassDisabled,,,untriaged,,
qagame,nitmod_game.c,G_TeamCountPlayers,,,untriaged,,
qagame,nitmod_game.c,G_TeamCount,,game/g_nitmod_teamcount.c,ported_partial,original-i386-table/active-typed-count-tests,"Active ordinary team/weapon counting includes selected or latched team-equivalent weapons, once per client, requester excluded. Nine mapped pairs tested in both directions. Rifle-grenade private-flag/base-rifle branch remains native exact-match behavior. See reference/team-weapon-count.md."
qagame,nitmod_game.c,G_EntitySound,,,untriaged,,
qagame,nitmod_game.c,G_EntitySoundNoCut,,,untriaged,,
qagame,nitmod_game.c,G_ShortcutSanitize,,,untriaged,,
qagame,nitmod_game.c,G_Shortcuts,,,untriaged,,
qagame,nitmod_game.c,G_SayTo,,,untriaged,,
qagame,nitmod_game.c,G_HQSay,,,untriaged,,
qagame,nitmod_game.c,G_Say,,,untriaged,,
qagame,nitmod_game.c,G_VoiceTo,,,untriaged,,
qagame,nitmod_game.c,G_Voice,,,untriaged,,
qagame,nitmod_game.c,G_SendVoiceChat,,,untriaged,,
qagame,nitmod_game.c,G_FindFreeComplainIP,,,untriaged,,
qagame,nitmod_game.c,G_TankIsOccupied,,,untriaged,,
qagame,nitmod_game.c,G_TankIsMountable,,,untriaged,,
qagame,nitmod_game.c,G_UniformSteal_2,,,untriaged,,
qagame,nitmod_game.c,G_UniformSteal,,,untriaged,,
qagame,nitmod_game.c,G_ClassSteal_RemoveTools,,,untriaged,,
qagame,nitmod_game.c,G_ClassSteal,,,untriaged,,
qagame,nitmod_game.c,G_PushPlayer,,,untriaged,,
qagame,nitmod_game.c,G_DragCorpse,,,untriaged,,
qagame,nitmod_game.c,G_LeaveTank,,,untriaged,,
qagame,nitmod_game.c,G_UpdateSpawnCounts,,,untriaged,,
qagame,nitmod_game.c,G_MakeReady,,,untriaged,,
qagame,nitmod_game.c,G_MakeUnready,,,untriaged,,
qagame,nitmod_game.c,G_CalcClientAccuracies,,,untriaged,,
qagame,nitmod_game.c,G_commands_cmd,,,untriaged,,
qagame,nitmod_game.c,G_players_cmd,,,untriaged,,
qagame,nitmod_game.c,G_scores_cmd,,,untriaged,,
qagame,nitmod_game.c,G_statsall_cmd,,,untriaged,,
qagame,nitmod_game.c,G_cheaters_cmd,,,untriaged,,
qagame,nitmod_game.c,G_say_teamnl_cmd,,,untriaged,,
qagame,nitmod_game.c,G_specinvite_cmd,,,untriaged,,
qagame,nitmod_game.c,G_speclock_cmd,,,untriaged,,
qagame,nitmod_game.c,G_lock_cmd,,,untriaged,,
qagame,nitmod_game.c,G_pause_cmd,,,untriaged,,
qagame,nitmod_game.c,G_ready_cmd,,,untriaged,,
qagame,nitmod_game.c,G_teamready_cmd,,,untriaged,,
qagame,nitmod_game.c,G_commandHelp,,,untriaged,,
qagame,nitmod_game.c,G_commandCheck,,,untriaged,,
qagame,nitmod_game.c,G_cmdDebounce,,,untriaged,,
qagame,nitmod_game.c,G_noTeamControls,,,untriaged,,
qagame,nitmod_game.c,G_UpdateKillingSpree,,game/nitmod_spree.c; game/g_nitmod_config.c; game/g_combat.c,ported_partial,positive-streak/executable-tests,"Positive streak accounting and g_announcer bit 0 thresholds tested through 100 kills, resets and overflow. Death hook follows PM_DEAD/intermission guard; negotiation does not reset streaks. Negative streaks, best-spree persistence and private revive options remain pending."
qagame,nitmod_game.c,G_UpdateKillingSpreeForMapEnd,,,untriaged,,
qagame,nitmod_game.c,G_BuildHead,,,untriaged,,
qagame,nitmod_game.c,G_BuildLeg,,,untriaged,,
qagame,nitmod_game.c,G_RailTrail,,,untriaged,,
qagame,nitmod_game.c,G_RailBox,,,untriaged,,
qagame,nitmod_game.c,G_AdjustedDamageVec,,,untriaged,,
qagame,nitmod_game.c,G_RadiusDamage,,,untriaged,,
qagame,nitmod_game.c,etpro_RadiusDamage,,,untriaged,,
qagame,nitmod_game.c,G_configSet,,,untriaged,,
qagame,nitmod_game.c,G_FindFreeFireteam,,,untriaged,,
qagame,nitmod_game.c,G_GetFireteamTeam,,,untriaged,,
qagame,nitmod_game.c,G_CountTeamFireteams,,,untriaged,,
qagame,nitmod_game.c,G_UpdateFireteamConfigString,,,untriaged,,
qagame,nitmod_game.c,G_IsOnFireteam,,,untriaged,,
qagame,nitmod_game.c,G_IsFireteamLeader,,,untriaged,,
qagame,nitmod_game.c,G_FindFreeFireteamIdent,,,untriaged,,
qagame,nitmod_game.c,G_RegisterFireteam,,,untriaged,,
qagame,nitmod_game.c,G_AddClientToFireteam,,,untriaged,,
qagame,nitmod_game.c,G_RemoveClientFromFireteams,,,untriaged,,
qagame,nitmod_game.c,G_InviteToFireTeam,,,untriaged,,
qagame,nitmod_game.c,G_DestroyFireteam,,,untriaged,,
qagame,nitmod_game.c,G_ApplyToFireTeam,,,untriaged,,
qagame,nitmod_game.c,G_ProposeFireTeamPlayer,,,untriaged,,
qagame,nitmod_game.c,G_FireteamNumberForString,,,untriaged,,
qagame,nitmod_game.c,G_FindFreePublicFireteam,,,untriaged,,
qagame,nitmod_game.c,G_SpawnItem,,,untriaged,,
qagame,nitmod_game.c,G_FlushItem,,,untriaged,,
qagame,nitmod_game.c,G_ItemStick,,,untriaged,,
qagame,nitmod_game.c,G_BounceItem,,,untriaged,,
qagame,nitmod_game.c,G_RunItemProp,,,untriaged,,
qagame,nitmod_game.c,G_TestWater,,,untriaged,,
qagame,nitmod_game.c,G_CheckForCabinetResupply,,,untriaged,,
qagame,nitmod_game.c,G_RunItem,,,untriaged,,
qagame,nitmod_game.c,G_SortMapsByzOrder,,,untriaged,,
qagame,nitmod_game.c,G_SnapshotCallback,,,untriaged,,
qagame,nitmod_game.c,G_Printf,,,untriaged,,
qagame,nitmod_game.c,G_DPrintf,,,untriaged,,
qagame,nitmod_game.c,G_Error,,,untriaged,,
qagame,nitmod_game.c,G_CheckForCursorHints,,,untriaged,,
qagame,nitmod_game.c,G_SetTargetName,,,untriaged,,
qagame,nitmod_game.c,G_FindTeams,,,untriaged,,
qagame,nitmod_game.c,G_RegisterCvars,,,untriaged,,
qagame,nitmod_game.c,G_UpdateInfo,,,untriaged,,
qagame,nitmod_game.c,G_ConfigParse_constprop_11,,,untriaged,,
qagame,nitmod_game.c,G_LoadConfig,,,untriaged,,
qagame,nitmod_game.c,G_mapvoteinfo_write,,,untriaged,,
qagame,nitmod_game.c,G_mapvoteinfo_read,,,untriaged,,
qagame,nitmod_game.c,G_GetRealTime,,,untriaged,,
qagame,nitmod_game.c,G_LogPrintf,,,untriaged,,
qagame,nitmod_game.c,G_ShutdownGame,,,untriaged,,
qagame,nitmod_game.c,G_UpdateCvars,,,untriaged,,
qagame,nitmod_game.c,G_wipeCvars,,,untriaged,,
qagame,nitmod_game.c,G_CrashLogPrintf,,,untriaged,,
qagame,nitmod_game.c,G_RunThink,,,untriaged,,
qagame,nitmod_game.c,G_PositionEntityOnTag,,,untriaged,,
qagame,nitmod_game.c,G_missileCamera,,,untriaged,,
qagame,nitmod_game.c,G_DrawEntBBox,,,untriaged,,
qagame,nitmod_game.c,G_RunEntity_part_9,,,untriaged,,
qagame,nitmod_game.c,G_TagLinkEntity,,,untriaged,,
qagame,nitmod_game.c,G_RunEntity,,,untriaged,,
qagame,nitmod_game.c,G_InitGame,,,untriaged,,
qagame,nitmod_game.c,G_RunFrame_part_10,,,untriaged,,
qagame,nitmod_game.c,G_RunFrame,,,untriaged,,
qagame,nitmod_game.c,G_GetDateAndTime,,,untriaged,,
qagame,nitmod_game.c,G_delayPrint,,,untriaged,,
qagame,nitmod_game.c,G_initMatch,,,untriaged,,
qagame,nitmod_game.c,G_loadMatchGame,,,untriaged,,
qagame,nitmod_game.c,G_printFull,,,untriaged,,
qagame,nitmod_game.c,G_globalSound,,,untriaged,,
qagame,nitmod_game.c,G_spawnPrintf,,,untriaged,,
qagame,nitmod_game.c,G_addStats,,,untriaged,,
qagame,nitmod_game.c,G_addStatsHeadShot,,,untriaged,,
qagame,nitmod_game.c,G_createStats,,,untriaged,,
qagame,nitmod_game.c,G_deleteStats,,,untriaged,,
qagame,nitmod_game.c,G_parseStats,,,untriaged,,
qagame,nitmod_game.c,G_printMatchInfo,,,untriaged,,
qagame,nitmod_game.c,G_matchInfoDump,,,untriaged,,
qagame,nitmod_game.c,G_checkServerToggle,,,untriaged,,
qagame,nitmod_game.c,G_statsPrint,,,untriaged,,
qagame,nitmod_game.c,G_resetRoundState,,,untriaged,,
qagame,nitmod_game.c,G_resetModeState,,,untriaged,,
qagame,nitmod_game.c,G_Alloc,,,untriaged,,
qagame,nitmod_game.c,G_InitMemory,,,untriaged,,
qagame,nitmod_game.c,G_InitTempTraceIgnoreEnts,,,untriaged,,
qagame,nitmod_game.c,G_ResetTempTraceIgnoreEnts,,,untriaged,,
qagame,nitmod_game.c,G_TempTraceIgnoreEntity,,,untriaged,,
qagame,nitmod_game.c,G_TempTraceIgnorePlayersAndBodies,,,untriaged,,
qagame,nitmod_game.c,G_MakePip,,,untriaged,,
qagame,nitmod_game.c,G_FlingClient,,,untriaged,,
qagame,nitmod_game.c,G_GetEnemyPosition,,,untriaged,,
qagame,nitmod_game.c,G_ConstructionBegun,,,untriaged,,
qagame,nitmod_game.c,G_ConstructionIsFullyBuilt,,,untriaged,,
qagame,nitmod_game.c,G_ConstructionIsPartlyBuilt,,,untriaged,,
qagame,nitmod_game.c,G_ConstructionIsDestroyable,,,untriaged,,
qagame,nitmod_game.c,G_ConstructionForTeam,,,untriaged,,
qagame,nitmod_game.c,G_IsConstructible,,,untriaged,,
qagame,nitmod_game.c,G_BounceMissile,,,untriaged,,
qagame,nitmod_game.c,G_BurnTarget,,,untriaged,,
qagame,nitmod_game.c,G_FadeItems,,,untriaged,,
qagame,nitmod_game.c,G_FindMissileBis,,,untriaged,,
qagame,nitmod_game.c,G_BlockThink,,,untriaged,,
qagame,nitmod_game.c,G_TestEntityPosition,,,untriaged,,
qagame,nitmod_game.c,G_TestEntityDropToFloor,,,untriaged,,
qagame,nitmod_game.c,G_TestEntityMoveTowardsPos,,,untriaged,,
qagame,nitmod_game.c,G_TryPushingEntity,,,untriaged,,
qagame,nitmod_game.c,G_MoverPush,,,untriaged,,
qagame,nitmod_game.c,G_MoverTeam,,,untriaged,,
qagame,nitmod_game.c,G_RunMover,,,untriaged,,
qagame,nitmod_game.c,G_TryDoor,,,untriaged,,
qagame,nitmod_game.c,G_Activate,,,untriaged,,
qagame,nitmod_game.c,G_AllocDebrisChunk,,,untriaged,,
qagame,nitmod_game.c,G_LinkDamageParents,,,untriaged,,
qagame,nitmod_game.c,G_LinkDebris,,,untriaged,,
qagame,nitmod_game.c,G_refPrintf_constprop_4,,,untriaged,,
qagame,nitmod_game.c,G_refHelp_cmd,,,untriaged,,
qagame,nitmod_game.c,G_refSpeclockTeams_cmd,,,untriaged,,
qagame,nitmod_game.c,G_refPrintf,,,untriaged,,
qagame,nitmod_game.c,G_refAllReady_cmd,,,untriaged,,
qagame,nitmod_game.c,G_refLockTeams_cmd,,,untriaged,,
qagame,nitmod_game.c,G_refPause_cmd,,,untriaged,,
qagame,nitmod_game.c,G_refPlayerPut_cmd,,,untriaged,,
qagame,nitmod_game.c,G_refRemove_cmd,,,untriaged,,
qagame,nitmod_game.c,G_refWarmup_cmd,,,untriaged,,
qagame,nitmod_game.c,G_refClientnumForName_part_1,,,untriaged,,
qagame,nitmod_game.c,G_refClientnumForName,,,untriaged,,
qagame,nitmod_game.c,G_refCommandCheck,,,untriaged,,
qagame,nitmod_game.c,G_ref_cmd,,,untriaged,,
qagame,nitmod_game.c,G_ModifyTOI,,,untriaged,,
qagame,nitmod_game.c,G_WriteClientSessionData,,,untriaged,,
qagame,nitmod_game.c,G_ClientSwap,,,untriaged,,
qagame,nitmod_game.c,G_CalcRank,,game/nitmod_skills.c (isolated rank calculation),ported_partial,original-ELF-table/exhaustive-numeric-tests,"Sum of seven levels and ten rank thresholds recovered from ELF 0x000b7010. All 6^7 valid inputs tested; original table compared to executable. Skill refresh, Lua and active session migration pending; see reference/skill-rank-disassembly.md."
qagame,nitmod_game.c,G_ReadSessionData,,,untriaged,,
qagame,nitmod_game.c,G_InitSessionData,,,untriaged,,
qagame,nitmod_game.c,G_InitWorldSession,,,untriaged,,
qagame,nitmod_game.c,G_WriteSessionData,,,untriaged,,
qagame,nitmod_game.c,G_SpawnIntExt,,,untriaged,,
qagame,nitmod_game.c,G_SpawnVectorExt,,,untriaged,,
qagame,nitmod_game.c,G_SpawnVector2DExt,,,untriaged,,
qagame,nitmod_game.c,G_CallSpawn,,game/g_spawn.c; game/g_nitmod_bot_entities.c,ported_partial,original-item-records/cache-stores/LMS-fixture,Team-item cache write before LMS rejection and spawn callbacks mapped to native enums. Other Nitmod spawn differences not claimed. See reference/team-item-classname-cache.md.
qagame,nitmod_game.c,G_NewString,,,untriaged,,
qagame,nitmod_game.c,G_ParseField,,,untriaged,,
qagame,nitmod_game.c,G_SpawnGEntityFromSpawnVars,,,untriaged,,
qagame,nitmod_game.c,G_AddSpawnVarToken,,,untriaged,,
qagame,nitmod_game.c,G_ParseSpawnVars,,,untriaged,,
qagame,nitmod_game.c,G_SpawnEntitiesFromString,,,untriaged,,
qagame,nitmod_game.c,G_ResetXP_part_1,,,untriaged,,
qagame,nitmod_game.c,G_UpgradeSkill,,game/nitmod_skills.c (isolated rank calculation),ported_partial,original-ELF-table/exhaustive-numeric-tests,"Only shared rank calculation recovered from ELF 0x000ce310. Lua interception, userinfo and ability side effects not ported. Native upgrade logic remains active; see reference/skill-rank-disassembly.md."
qagame,nitmod_game.c,G_LogTeamKill,,,untriaged,,
qagame,nitmod_game.c,G_LogRegionHit,,,untriaged,,
qagame,nitmod_game.c,G_PrintAccuracyLog,,,untriaged,,
qagame,nitmod_game.c,G_SetPlayerScore,,game/nitmod_score.c; game/g_nitmod_score.c,ported_partial,original-i386-disassembly/typed-adapter-tests,Active score adapter: ordered seven XP additions with integer truncation after each step. 823543 combinations and range/nonfinite cases tested. Invalid intermediates preserve old score; double rather than x87 extended precision is a documented edge difference. Engine replay pending; see reference/skill-score-disassembly.md.
qagame,nitmod_game.c,G_SetPlayerSkill,,game/nitmod_skills.c (isolated evaluator),ported_partial,numeric-control-flow/executable-tests,"Highest level and independent unlocked mask reconstructed with per-skill level limits, negative-disabled thresholds and global disable. Not applied to native client state; Lua, score side effects and coordinated six-level migration remain pending. See docs/skill-level-integration.md."
qagame,nitmod_game.c,G_LoseSkillPointsExt,,,untriaged,,
qagame,nitmod_game.c,G_LoseSkillPoints,,game/nitmod_skills.c (isolated loss transaction),ported_partial,numeric-loss/executable-tests,"Subtracts XP and recomputes level/unlock mask without native ET level retention; returns actual rounded XP difference. Guards, Lua overrides, rank/ability side effects, team accounting and runtime activation remain pending. Nonfinite/overflow transactions rejected deliberately."
qagame,nitmod_game.c,G_XPDecay,,,untriaged,,
qagame,nitmod_game.c,G_ResetXP,,,untriaged,,
qagame,nitmod_game.c,G_AddSkillPoints,,,untriaged,,
qagame,nitmod_game.c,G_LoseKillSkillPoints,,,untriaged,,
qagame,nitmod_game.c,G_DebugOpenSkillLog,,,untriaged,,
qagame,nitmod_game.c,G_DebugCloseSkillLog,,,untriaged,,
qagame,nitmod_game.c,G_DebugAddSkillLevel,,,untriaged,,
qagame,nitmod_game.c,G_DebugAddSkillPoints,,,untriaged,,
qagame,nitmod_game.c,G_AddKillSkillPoints,,,untriaged,,
qagame,nitmod_game.c,G_AddKillSkillPointsForDestruction,,,untriaged,,
qagame,nitmod_game.c,G_ReassignSkillLevel,,,untriaged,,
qagame,nitmod_game.c,G_HasFlakJacket,,,untriaged,,
qagame,nitmod_game.c,G_Is_SV_Running,,,untriaged,,
qagame,nitmod_game.c,G_FilterPacket,,,untriaged,,
qagame,nitmod_game.c,G_FilterMaxLivesIPPacket,,,untriaged,,
qagame,nitmod_game.c,G_FilterMaxLivesPacket,,,untriaged,,
qagame,nitmod_game.c,G_GetPlayerByNum,,,untriaged,,
qagame,nitmod_game.c,G_GetPlayerByName,,,untriaged,,
qagame,nitmod_game.c,G_ClearXP,,,untriaged,,
qagame,nitmod_game.c,G_UpdateSvCvars,,,untriaged,,
qagame,nitmod_game.c,G_CvarUpdateSafe,,,untriaged,,
qagame,nitmod_game.c,trap_Cvar_Register,,,untriaged,,
qagame,nitmod_game.c,G_teamReset,,,untriaged,,
qagame,nitmod_game.c,G_swapTeams,,,untriaged,,
qagame,nitmod_game.c,G_shuffleTeams,,,untriaged,,
qagame,nitmod_game.c,G_checkReady,,,untriaged,,
qagame,nitmod_game.c,G_readyMatchState,,,untriaged,,
qagame,nitmod_game.c,G_verifyMatchState,,,untriaged,,
qagame,nitmod_game.c,G_teamJoinCheck,,,untriaged,,
qagame,nitmod_game.c,G_updateSpecLock,,,untriaged,,
qagame,nitmod_game.c,G_swapTeamLocks,,,untriaged,,
qagame,nitmod_game.c,G_removeSpecInvite,,,untriaged,,
qagame,nitmod_game.c,G_blockoutTeam,,,untriaged,,
qagame,nitmod_game.c,G_allowFollow,,,untriaged,,
qagame,nitmod_game.c,G_desiredFollow,,,untriaged,,
qagame,nitmod_game.c,G_PushMapEntityToBuffer,,,untriaged,,
qagame,nitmod_game.c,G_InitMapEntityData,,,untriaged,,
qagame,nitmod_game.c,G_FreeMapEntityData,,,untriaged,,
qagame,nitmod_game.c,G_AllocMapEntityData,,,untriaged,,
qagame,nitmod_game.c,G_FindMapEntityData,,,untriaged,,
qagame,nitmod_game.c,G_FindMapEntityDataSingleClient,,,untriaged,,
qagame,nitmod_game.c,G_SetupFrustum,,,untriaged,,
qagame,nitmod_game.c,G_SetupFrustum_ForBinoculars,,,untriaged,,
qagame,nitmod_game.c,G_VisibleFromBinoculars,,,untriaged,,
qagame,nitmod_game.c,G_ResetTeamMapData,,,untriaged,,
qagame,nitmod_game.c,G_UpdateTeamMapData_Construct,,,untriaged,,
qagame,nitmod_game.c,G_UpdateTeamMapData_Tank,,,untriaged,,
qagame,nitmod_game.c,G_UpdateTeamMapData_Destruct,,,untriaged,,
qagame,nitmod_game.c,G_UpdateTeamMapData_Player,,,untriaged,,
qagame,nitmod_game.c,G_UpdateTeamMapData_CommandmapMarker,,,untriaged,,
qagame,nitmod_game.c,G_SendSpectatorMapEntityInfo,,,untriaged,,
qagame,nitmod_game.c,G_SendMapEntityInfo,,,untriaged,,
qagame,nitmod_game.c,G_UpdateTeamMapData,,,untriaged,,
qagame,nitmod_game.c,G_ConvertQtime,,,untriaged,,
qagame,nitmod_game.c,G_GetCurrentTime,,,untriaged,,
qagame,nitmod_game.c,G_IsAllowedHeal,,,untriaged,,
qagame,nitmod_game.c,G_SetConfigStringValue,,,untriaged,,
qagame,nitmod_game.c,G_LoadCampaignsFromFile,,,untriaged,,
qagame,nitmod_game.c,G_FindConfigstringIndex_part_0,,,untriaged,,
qagame,nitmod_game.c,G_FindConfigstringIndex_part_0_constprop_4,,,untriaged,,
qagame,nitmod_game.c,G_FindConfigstringIndex_part_0_constprop_5,,,untriaged,,
qagame,nitmod_game.c,G_InitRemappedShaders,,,untriaged,,
qagame,nitmod_game.c,G_FindConfigstringIndex,,,untriaged,,
qagame,nitmod_game.c,G_RemoveConfigstringIndex,,,untriaged,,
qagame,nitmod_game.c,G_ModelIndex,,,untriaged,,
qagame,nitmod_game.c,G_SoundIndex,,,untriaged,,
qagame,nitmod_game.c,G_SkinIndex,,,untriaged,,
qagame,nitmod_game.c,G_ShaderIndex,,,untriaged,,
qagame,nitmod_game.c,G_StringIndex,,,untriaged,,
qagame,nitmod_game.c,G_TeamCommand,,,untriaged,,
qagame,nitmod_game.c,G_Find,,,untriaged,,
qagame,nitmod_game.c,G_FindByTargetnameFast,,,untriaged,,
qagame,nitmod_game.c,G_PickTarget,,,untriaged,,
qagame,nitmod_game.c,G_AllowTeamsAllowed,,,untriaged,,
qagame,nitmod_game.c,G_UseEntity,,,untriaged,,
qagame,nitmod_game.c,G_UseTargets,,,untriaged,,
qagame,nitmod_game.c,G_SetMovedir,,,untriaged,,
qagame,nitmod_game.c,G_InitGentity,,,untriaged,,
qagame,nitmod_game.c,G_GentitiesAvailable,,,untriaged,,
qagame,nitmod_game.c,G_Spawn,,,untriaged,,
qagame,nitmod_game.c,G_EntitiesFree,,,untriaged,,
qagame,nitmod_game.c,G_FreeEntity,,,untriaged,,
qagame,nitmod_game.c,G_TempEntity,,,untriaged,,
qagame,nitmod_game.c,G_PopupMessage,,,untriaged,,
qagame,nitmod_game.c,G_AddPredictableEvent,,,untriaged,,
qagame,nitmod_game.c,G_AddEvent,,,untriaged,,
qagame,nitmod_game.c,G_Sound,,,untriaged,,
qagame,nitmod_game.c,G_ClientSound,,,untriaged,,
qagame,nitmod_game.c,G_AnimScriptSound,,,untriaged,,
qagame,nitmod_game.c,G_SetOrigin,,,untriaged,,
qagame,nitmod_game.c,G_SetAngle,,,untriaged,,
qagame,nitmod_game.c,G_ProcessTagConnect,,,untriaged,,
qagame,nitmod_game.c,G_SetEntState,,,untriaged,,
qagame,nitmod_game.c,G_MapIsValidCampaignStartMap,,,untriaged,,
qagame,nitmod_game.c,G_ParseCampaigns,,,untriaged,,
qagame,nitmod_game.c,G_GetTeamFromEntity,,,untriaged,,
qagame,nitmod_game.c,G_Nextmap_v,,,untriaged,,
qagame,nitmod_game.c,G_StartMatch_v,,,untriaged,,
qagame,nitmod_game.c,G_Poll_v,,,untriaged,,
qagame,nitmod_game.c,G_NextCampaign_v_part_0,,,untriaged,,
qagame,nitmod_game.c,G_NextCampaign_v,,,untriaged,,
qagame,nitmod_game.c,G_RestartCampaign_v_part_1,,,untriaged,,
qagame,nitmod_game.c,G_RestartCampaign_v,,,untriaged,,
qagame,nitmod_game.c,G_Surrender_v_part_2,,,untriaged,,
qagame,nitmod_game.c,G_Surrender_v,,,untriaged,,
qagame,nitmod_game.c,G_Comp_v,,,untriaged,,
qagame,nitmod_game.c,G_Pub_v,,,untriaged,,
qagame,nitmod_game.c,G_ShuffleTeams_v,,,untriaged,,
qagame,nitmod_game.c,G_ShuffleTeams_NoRestart_v,,,untriaged,,
qagame,nitmod_game.c,G_SwapTeams_v,,,untriaged,,
qagame,nitmod_game.c,G_SwapTeamsRestart_v,,,untriaged,,
qagame,nitmod_game.c,G_Campaign_v,,,untriaged,,
qagame,nitmod_game.c,G_Map_v,,,untriaged,,
qagame,nitmod_game.c,G_voteCmdCheck,,,untriaged,,
qagame,nitmod_game.c,G_customVoteLoad,,,untriaged,,
qagame,nitmod_game.c,G_voteHelp,,,untriaged,,
qagame,nitmod_game.c,G_voteFlags,,,untriaged,,
qagame,nitmod_game.c,G_voteDescription,,,untriaged,,
qagame,nitmod_game.c,G_MapRestart_v,,,untriaged,,
qagame,nitmod_game.c,G_MatchReset_v,,,untriaged,,
qagame,nitmod_game.c,G_Timelimit_v,,,untriaged,,
qagame,nitmod_game.c,G_Gametype_v,,,untriaged,,
qagame,nitmod_game.c,G_Warmupfire_v,,,untriaged,,
qagame,nitmod_game.c,G_AntiLag_v,,,untriaged,,
qagame,nitmod_game.c,G_FriendlyFire_v,,,untriaged,,
qagame,nitmod_game.c,G_BalancedTeams_v,,,untriaged,,
qagame,nitmod_game.c,G_voteDisableMessage,,,untriaged,,
qagame,nitmod_game.c,G_playersMessage,,,untriaged,,
qagame,nitmod_game.c,G_voteCurrentSetting,,,untriaged,,
qagame,nitmod_game.c,G_voteProcessOnOff,,,untriaged,,
qagame,nitmod_game.c,G_voteSetOnOff,,,untriaged,,
qagame,nitmod_game.c,G_voteSetValue,,,untriaged,,
qagame,nitmod_game.c,G_voteSetVoteString,,,untriaged,,
qagame,nitmod_game.c,G_GametypeList,,,untriaged,,
qagame,nitmod_game.c,G_voteSetBitFlag,,,untriaged,,
qagame,nitmod_game.c,G_WarmupDamageTypeList,,,untriaged,,
qagame,nitmod_game.c,G_IntermissionMapVote,,,untriaged,,
qagame,nitmod_game.c,G_IntermissionMapList,,,untriaged,,
qagame,nitmod_game.c,G_IntermissionVoteTally,,,untriaged,,
qagame,nitmod_game.c,G_AvailableArty,,,untriaged,,
qagame,nitmod_game.c,G_AddArtyToCounters,,,untriaged,,
qagame,nitmod_game.c,G_GlobalClientEvent,,,untriaged,,
qagame,nitmod_game.c,G_BurnMeGood,,,untriaged,,
qagame,nitmod_game.c,G_PlayerCanBeSeenByOthers,,,untriaged,,
qagame,nitmod_game.c,G_createClusterNade,,,untriaged,,
qagame,nitmod_game.c,G_GetDateAndTimeFileName,,,untriaged,,
qagame,nitmod_game.c,G_SHA1,,,untriaged,,
qagame,nitmod_lua.c,G_LuaCall,,,untriaged,,
qagame,nitmod_lua.c,G_LuaGetNamedFunction,,,untriaged,,
qagame,nitmod_lua.c,G_LuaStartVM,,,untriaged,,
qagame,nitmod_lua.c,G_LuaStopVM,,,untriaged,,
qagame,nitmod_lua.c,G_LuaInit,,,untriaged,,
qagame,nitmod_lua.c,G_LuaShutdown,,,untriaged,,
qagame,nitmod_lua.c,G_LuaStatus,,,untriaged,,
qagame,nitmod_lua.c,G_LuaGetVM,,,untriaged,,
qagame,nitmod_lua.c,G_LuaHook_InitGame,,,untriaged,,
qagame,nitmod_lua.c,G_LuaHook_ShutdownGame,,,untriaged,,
qagame,nitmod_lua.c,G_LuaHook_RunFrame,,,untriaged,,
qagame,nitmod_lua.c,G_LuaHook_ClientConnect,,,untriaged,,
qagame,nitmod_lua.c,G_LuaHook_ClientDisconnect,,,untriaged,,
qagame,nitmod_lua.c,G_LuaHook_ClientBegin,,,untriaged,,
qagame,nitmod_lua.c,G_LuaHook_ClientUserinfoChanged,,,untriaged,,
qagame,nitmod_lua.c,G_LuaHook_ClientSpawn,,,untriaged,,
qagame,nitmod_lua.c,G_LuaHook_ClientCommand,,,untriaged,,
qagame,nitmod_lua.c,G_LuaHook_ConsoleCommand,,,untriaged,,
qagame,nitmod_lua.c,G_LuaHook_UpgradeSkill,,,untriaged,,
qagame,nitmod_lua.c,G_LuaHook_SetPlayerSkill,,,untriaged,,
qagame,nitmod_lua.c,G_LuaHook_Print,,,untriaged,,
qagame,nitmod_lua.c,G_LuaHook_Obituary,,,untriaged,,
qagame,nitmod_lua.c,G_LuaHook_ReceivedGlobalStats,,,untriaged,,
qagame,nitmod_lua.c,luaM_toobig,,,untriaged,,
qagame,nitmod_lua.c,luaM_realloc_,,,untriaged,,
qagame,nitmod_lua.c,luaA_pushobject,,,untriaged,,
qagame,nitmod_lua.c,lua_checkstack,,,untriaged,,
qagame,nitmod_lua.c,lua_xmove,,,untriaged,,
qagame,nitmod_lua.c,lua_setlevel,,,untriaged,,
qagame,nitmod_lua.c,lua_atpanic,,,untriaged,,
qagame,nitmod_lua.c,lua_newthread,,,untriaged,,
qagame,nitmod_lua.c,lua_gettop,,,untriaged,,
qagame,nitmod_lua.c,lua_settop,,,untriaged,,
qagame,nitmod_lua.c,lua_remove,,,untriaged,,
qagame,nitmod_lua.c,lua_insert,,,untriaged,,
qagame,nitmod_lua.c,lua_replace,,,untriaged,,
qagame,nitmod_lua.c,lua_pushvalue,,,untriaged,,
qagame,nitmod_lua.c,lua_type,,,untriaged,,
qagame,nitmod_lua.c,lua_typename,,,untriaged,,
qagame,nitmod_lua.c,lua_iscfunction,,,untriaged,,
qagame,nitmod_lua.c,lua_isnumber,,,untriaged,,
qagame,nitmod_lua.c,lua_isstring,,,untriaged,,
qagame,nitmod_lua.c,lua_isuserdata,,,untriaged,,
qagame,nitmod_lua.c,lua_rawequal,,,untriaged,,
qagame,nitmod_lua.c,lua_equal,,,untriaged,,
qagame,nitmod_lua.c,lua_lessthan,,,untriaged,,
qagame,nitmod_lua.c,lua_tonumber,,,untriaged,,
qagame,nitmod_lua.c,lua_tointeger,,,untriaged,,
qagame,nitmod_lua.c,lua_toboolean,,,untriaged,,
qagame,nitmod_lua.c,lua_tolstring,,,untriaged,,
qagame,nitmod_lua.c,lua_objlen,,,untriaged,,
qagame,nitmod_lua.c,lua_tocfunction,,,untriaged,,
qagame,nitmod_lua.c,lua_touserdata,,,untriaged,,
qagame,nitmod_lua.c,lua_tothread,,,untriaged,,
qagame,nitmod_lua.c,lua_topointer,,,untriaged,,
qagame,nitmod_lua.c,lua_pushnil,,,untriaged,,
qagame,nitmod_lua.c,lua_pushnumber,,,untriaged,,
qagame,nitmod_lua.c,lua_pushinteger,,,untriaged,,
qagame,nitmod_lua.c,lua_pushlstring,,,untriaged,,
qagame,nitmod_lua.c,lua_pushstring,,,untriaged,,
qagame,nitmod_lua.c,lua_pushvfstring,,,untriaged,,
qagame,nitmod_lua.c,lua_pushfstring,,,untriaged,,
qagame,nitmod_lua.c,lua_pushcclosure,,,untriaged,,
qagame,nitmod_lua.c,lua_pushboolean,,,untriaged,,
qagame,nitmod_lua.c,lua_pushlightuserdata,,,untriaged,,
qagame,nitmod_lua.c,lua_pushthread,,,untriaged,,
qagame,nitmod_lua.c,lua_gettable,,,untriaged,,
qagame,nitmod_lua.c,lua_getfield,,,untriaged,,
qagame,nitmod_lua.c,lua_rawget,,,untriaged,,
qagame,nitmod_lua.c,lua_rawgeti,,,untriaged,,
qagame,nitmod_lua.c,lua_createtable,,,untriaged,,
qagame,nitmod_lua.c,lua_getmetatable,,,untriaged,,
qagame,nitmod_lua.c,lua_getfenv,,,untriaged,,
qagame,nitmod_lua.c,lua_settable,,,untriaged,,
qagame,nitmod_lua.c,lua_setfield,,,untriaged,,
qagame,nitmod_lua.c,lua_rawset,,,untriaged,,
qagame,nitmod_lua.c,lua_rawseti,,,untriaged,,
qagame,nitmod_lua.c,lua_setmetatable,,,untriaged,,
qagame,nitmod_lua.c,lua_setfenv,,,untriaged,,
qagame,nitmod_lua.c,lua_call,,,untriaged,,
qagame,nitmod_lua.c,lua_pcall,,,untriaged,,
qagame,nitmod_lua.c,lua_cpcall,,,untriaged,,
qagame,nitmod_lua.c,lua_load,,,untriaged,,
qagame,nitmod_lua.c,lua_dump,,,untriaged,,
qagame,nitmod_lua.c,lua_status,,,untriaged,,
qagame,nitmod_lua.c,lua_gc,,,untriaged,,
qagame,nitmod_lua.c,lua_error,,,untriaged,,
qagame,nitmod_lua.c,lua_next,,,untriaged,,
qagame,nitmod_lua.c,lua_concat,,,untriaged,,
qagame,nitmod_lua.c,lua_getallocf,,,untriaged,,
qagame,nitmod_lua.c,lua_setallocf,,,untriaged,,
qagame,nitmod_lua.c,lua_newuserdata,,,untriaged,,
qagame,nitmod_lua.c,lua_getupvalue,,,untriaged,,
qagame,nitmod_lua.c,lua_setupvalue,,,untriaged,,
qagame,nitmod_lua.c,luaS_resize,,,untriaged,,
qagame,nitmod_lua.c,luaS_newlstr,,,untriaged,,
qagame,nitmod_lua.c,luaS_newudata,,,untriaged,,
qagame,nitmod_lua.c,luaopen_string,,,untriaged,,
qagame,nitmod_lua.c,luaK_code,,,untriaged,,
qagame,nitmod_lua.c,luaK_nil,,,untriaged,,
qagame,nitmod_lua.c,luaK_jump,,,untriaged,,
qagame,nitmod_lua.c,luaK_ret,,,untriaged,,
qagame,nitmod_lua.c,luaK_getlabel,,,untriaged,,
qagame,nitmod_lua.c,luaK_patchlist,,,untriaged,,
qagame,nitmod_lua.c,luaK_patchtohere,,,untriaged,,
qagame,nitmod_lua.c,luaK_concat,,,untriaged,,
qagame,nitmod_lua.c,luaK_checkstack,,,untriaged,,
qagame,nitmod_lua.c,luaK_reserveregs,,,untriaged,,
qagame,nitmod_lua.c,luaK_stringK,,,untriaged,,
qagame,nitmod_lua.c,luaK_numberK,,,untriaged,,
qagame,nitmod_lua.c,luaK_setreturns,,,untriaged,,
qagame,nitmod_lua.c,luaK_setoneret,,,untriaged,,
qagame,nitmod_lua.c,luaK_dischargevars,,,untriaged,,
qagame,nitmod_lua.c,luaK_exp2nextreg,,,untriaged,,
qagame,nitmod_lua.c,luaK_exp2anyreg,,,untriaged,,
qagame,nitmod_lua.c,luaK_exp2val,,,untriaged,,
qagame,nitmod_lua.c,luaK_exp2RK,,,untriaged,,
qagame,nitmod_lua.c,luaK_storevar,,,untriaged,,
qagame,nitmod_lua.c,luaK_self,,,untriaged,,
qagame,nitmod_lua.c,luaK_goiftrue,,,untriaged,,
qagame,nitmod_lua.c,luaK_indexed,,,untriaged,,
qagame,nitmod_lua.c,luaK_prefix,,,untriaged,,
qagame,nitmod_lua.c,luaK_infix,,,untriaged,,
qagame,nitmod_lua.c,luaK_posfix,,,untriaged,,
qagame,nitmod_lua.c,luaK_fixline,,,untriaged,,
qagame,nitmod_lua.c,luaK_codeABC,,,untriaged,,
qagame,nitmod_lua.c,luaK_codeABx,,,untriaged,,
qagame,nitmod_lua.c,luaK_setlist,,,untriaged,,
qagame,nitmod_lua.c,luaC_separateudata,,,untriaged,,
qagame,nitmod_lua.c,luaC_callGCTM,,,untriaged,,
qagame,nitmod_lua.c,luaC_freeall,,,untriaged,,
qagame,nitmod_lua.c,luaC_step,,,untriaged,,
qagame,nitmod_lua.c,luaC_fullgc,,,untriaged,,
qagame,nitmod_lua.c,luaC_barrierf,,,untriaged,,
qagame,nitmod_lua.c,luaC_barrierback,,,untriaged,,
qagame,nitmod_lua.c,luaC_link,,,untriaged,,
qagame,nitmod_lua.c,luaC_linkupval,,,untriaged,,
qagame,nitmod_lua.c,luaopen_package,,,untriaged,,
qagame,nitmod_lua.c,lua_sethook,,,untriaged,,
qagame,nitmod_lua.c,lua_gethook,,,untriaged,,
qagame,nitmod_lua.c,lua_gethookmask,,,untriaged,,
qagame,nitmod_lua.c,lua_gethookcount,,,untriaged,,
qagame,nitmod_lua.c,lua_getstack,,,untriaged,,
qagame,nitmod_lua.c,lua_getlocal,,,untriaged,,
qagame,nitmod_lua.c,lua_setlocal,,,untriaged,,
qagame,nitmod_lua.c,lua_getinfo,,,untriaged,,
qagame,nitmod_lua.c,luaG_checkopenop,,,untriaged,,
qagame,nitmod_lua.c,luaG_checkcode,,,untriaged,,
qagame,nitmod_lua.c,luaG_errormsg,,,untriaged,,
qagame,nitmod_lua.c,luaG_runerror,,,untriaged,,
qagame,nitmod_lua.c,luaG_typeerror,,,untriaged,,
qagame,nitmod_lua.c,luaG_ordererror,,,untriaged,,
qagame,nitmod_lua.c,luaG_concaterror,,,untriaged,,
qagame,nitmod_lua.c,luaG_aritherror,,,untriaged,,
qagame,nitmod_lua.c,luaL_openlibs,,,untriaged,,
qagame,nitmod_lua.c,luaF_newCclosure,,,untriaged,,
qagame,nitmod_lua.c,luaF_newLclosure,,,untriaged,,
qagame,nitmod_lua.c,luaF_newupval,,,untriaged,,
qagame,nitmod_lua.c,luaF_findupval,,,untriaged,,
qagame,nitmod_lua.c,luaF_freeupval,,,untriaged,,
qagame,nitmod_lua.c,luaF_close,,,untriaged,,
qagame,nitmod_lua.c,luaF_newproto,,,untriaged,,
qagame,nitmod_lua.c,luaF_freeproto,,,untriaged,,
qagame,nitmod_lua.c,luaF_freeclosure,,,untriaged,,
qagame,nitmod_lua.c,luaF_getlocalname,,,untriaged,,
qagame,nitmod_lua.c,luaH_next,,,untriaged,,
qagame,nitmod_lua.c,luaH_new,,,untriaged,,
qagame,nitmod_lua.c,luaH_free,,,untriaged,,
qagame,nitmod_lua.c,luaH_getnum,,,untriaged,,
qagame,nitmod_lua.c,luaH_getstr,,,untriaged,,
qagame,nitmod_lua.c,luaH_get,,,untriaged,,
qagame,nitmod_lua.c,luaH_setnum,,,untriaged,,
qagame,nitmod_lua.c,luaH_resizearray,,,untriaged,,
qagame,nitmod_lua.c,luaH_set,,,untriaged,,
qagame,nitmod_lua.c,luaH_setstr,,,untriaged,,
qagame,nitmod_lua.c,luaH_getn,,,untriaged,,
qagame,nitmod_lua.c,luaD_seterrorobj,,,untriaged,,
qagame,nitmod_lua.c,luaD_rawrunprotected,,,untriaged,,
qagame,nitmod_lua.c,luaD_reallocstack,,,untriaged,,
qagame,nitmod_lua.c,luaD_reallocCI,,,untriaged,,
qagame,nitmod_lua.c,luaD_throw,,,untriaged,,
qagame,nitmod_lua.c,luaD_growstack,,,untriaged,,
qagame,nitmod_lua.c,luaD_callhook,,,untriaged,,
qagame,nitmod_lua.c,luaD_poscall,,,untriaged,,
qagame,nitmod_lua.c,luaD_precall,,,untriaged,,
qagame,nitmod_lua.c,luaD_call,,,untriaged,,
qagame,nitmod_lua.c,lua_resume,,,untriaged,,
qagame,nitmod_lua.c,lua_yield,,,untriaged,,
qagame,nitmod_lua.c,luaD_pcall,,,untriaged,,
qagame,nitmod_lua.c,luaD_protectedparser,,,untriaged,,
qagame,nitmod_lua.c,luaT_init,,,untriaged,,
qagame,nitmod_lua.c,luaT_gettm,,,untriaged,,
qagame,nitmod_lua.c,luaT_gettmbyobj,,,untriaged,,
qagame,nitmod_lua.c,luaV_tonumber,,,untriaged,,
qagame,nitmod_lua.c,luaV_tostring,,,untriaged,,
qagame,nitmod_lua.c,luaV_gettable,,,untriaged,,
qagame,nitmod_lua.c,luaV_settable,,,untriaged,,
qagame,nitmod_lua.c,luaV_lessthan,,,untriaged,,
qagame,nitmod_lua.c,luaV_equalval,,,untriaged,,
qagame,nitmod_lua.c,luaV_concat,,,untriaged,,
qagame,nitmod_lua.c,luaV_execute,,,untriaged,,
qagame,nitmod_lua.c,luaB_yield,,,untriaged,,
qagame,nitmod_lua.c,luaB_corunning,,,untriaged,,
qagame,nitmod_lua.c,luaB_cocreate,,,untriaged,,
qagame,nitmod_lua.c,luaB_pairs,,,untriaged,,
qagame,nitmod_lua.c,luaB_next,,,untriaged,,
qagame,nitmod_lua.c,luaB_ipairs,,,untriaged,,
qagame,nitmod_lua.c,luaB_rawset,,,untriaged,,
qagame,nitmod_lua.c,luaB_rawget,,,untriaged,,
qagame,nitmod_lua.c,luaB_pcall,,,untriaged,,
qagame,nitmod_lua.c,luaB_xpcall,,,untriaged,,
qagame,nitmod_lua.c,luaB_error,,,untriaged,,
qagame,nitmod_lua.c,luaB_unpack,,,untriaged,,
qagame,nitmod_lua.c,luaB_type,,,untriaged,,
qagame,nitmod_lua.c,luaB_select,,,untriaged,,
qagame,nitmod_lua.c,luaB_tonumber,,,untriaged,,
qagame,nitmod_lua.c,luaB_setmetatable,,,untriaged,,
qagame,nitmod_lua.c,luaB_rawequal,,,untriaged,,
qagame,nitmod_lua.c,luaB_print,,,untriaged,,
qagame,nitmod_lua.c,luaB_dofile,,,untriaged,,
qagame,nitmod_lua.c,luaB_gcinfo,,,untriaged,,
qagame,nitmod_lua.c,luaB_collectgarbage,,,untriaged,,
qagame,nitmod_lua.c,luaB_load,,,untriaged,,
qagame,nitmod_lua.c,luaB_newproxy,,,untriaged,,
qagame,nitmod_lua.c,luaB_tostring,,,untriaged,,
qagame,nitmod_lua.c,luaB_getmetatable,,,untriaged,,
qagame,nitmod_lua.c,luaB_assert,,,untriaged,,
qagame,nitmod_lua.c,luaB_loadfile,,,untriaged,,
qagame,nitmod_lua.c,luaB_loadstring,,,untriaged,,
qagame,nitmod_lua.c,luaB_costatus,,,untriaged,,
qagame,nitmod_lua.c,luaB_auxwrap,,,untriaged,,
qagame,nitmod_lua.c,luaB_coresume,,,untriaged,,
qagame,nitmod_lua.c,luaB_cowrap,,,untriaged,,
qagame,nitmod_lua.c,luaB_getfenv,,,untriaged,,
qagame,nitmod_lua.c,luaB_setfenv,,,untriaged,,
qagame,nitmod_lua.c,luaopen_base,,,untriaged,,
qagame,nitmod_lua.c,luaX_init,,,untriaged,,
qagame,nitmod_lua.c,luaX_token2str,,,untriaged,,
qagame,nitmod_lua.c,luaX_lexerror,,,untriaged,,
qagame,nitmod_lua.c,luaX_syntaxerror,,,untriaged,,
qagame,nitmod_lua.c,luaX_newstring,,,untriaged,,
qagame,nitmod_lua.c,luaX_setinput,,,untriaged,,
qagame,nitmod_lua.c,luaX_next,,,untriaged,,
qagame,nitmod_lua.c,luaX_lookahead,,,untriaged,,
qagame,nitmod_lua.c,luaopen_debug,,,untriaged,,
qagame,nitmod_lua.c,luaY_parser,,,untriaged,,
qagame,nitmod_lua.c,luaopen_table,,,untriaged,,
qagame,nitmod_lua.c,luaL_where,,,untriaged,,
qagame,nitmod_lua.c,luaL_error,,,untriaged,,
qagame,nitmod_lua.c,luaL_argerror,,,untriaged,,
qagame,nitmod_lua.c,luaL_typerror,,,untriaged,,
qagame,nitmod_lua.c,luaL_checkoption,,,untriaged,,
qagame,nitmod_lua.c,luaL_newmetatable,,,untriaged,,
qagame,nitmod_lua.c,luaL_checkudata,,,untriaged,,
qagame,nitmod_lua.c,luaL_checkstack,,,untriaged,,
qagame,nitmod_lua.c,luaL_checktype,,,untriaged,,
qagame,nitmod_lua.c,luaL_checkany,,,untriaged,,
qagame,nitmod_lua.c,luaL_checklstring,,,untriaged,,
qagame,nitmod_lua.c,luaL_optlstring,,,untriaged,,
qagame,nitmod_lua.c,luaL_checknumber,,,untriaged,,
qagame,nitmod_lua.c,luaL_optnumber,,,untriaged,,
qagame,nitmod_lua.c,luaL_checkinteger,,,untriaged,,
qagame,nitmod_lua.c,luaL_optinteger,,,untriaged,,
qagame,nitmod_lua.c,luaL_getmetafield,,,untriaged,,
qagame,nitmod_lua.c,luaL_callmeta,,,untriaged,,
qagame,nitmod_lua.c,luaL_findtable,,,untriaged,,
qagame,nitmod_lua.c,luaL_openlib,,,untriaged,,
qagame,nitmod_lua.c,luaL_register,,,untriaged,,
qagame,nitmod_lua.c,luaL_prepbuffer,,,untriaged,,
qagame,nitmod_lua.c,luaL_addlstring,,,untriaged,,
qagame,nitmod_lua.c,luaL_gsub,,,untriaged,,
qagame,nitmod_lua.c,luaL_addstring,,,untriaged,,
qagame,nitmod_lua.c,luaL_pushresult,,,untriaged,,
qagame,nitmod_lua.c,luaL_addvalue,,,untriaged,,
qagame,nitmod_lua.c,luaL_buffinit,,,untriaged,,
qagame,nitmod_lua.c,luaL_ref,,,untriaged,,
qagame,nitmod_lua.c,luaL_unref,,,untriaged,,
qagame,nitmod_lua.c,luaL_loadfile,,,untriaged,,
qagame,nitmod_lua.c,luaL_loadbuffer,,,untriaged,,
qagame,nitmod_lua.c,luaL_loadstring,,,untriaged,,
qagame,nitmod_lua.c,luaL_newstate,,,untriaged,,
qagame,nitmod_lua.c,luaZ_fill,,,untriaged,,
qagame,nitmod_lua.c,luaZ_lookahead,,,untriaged,,
qagame,nitmod_lua.c,luaZ_init,,,untriaged,,
qagame,nitmod_lua.c,luaZ_read,,,untriaged,,
qagame,nitmod_lua.c,luaZ_openspace,,,untriaged,,
qagame,nitmod_lua.c,luaopen_math,,,untriaged,,
qagame,nitmod_lua.c,luaopen_os,,,untriaged,,
qagame,nitmod_lua.c,luaU_print,,,untriaged,,
qagame,nitmod_lua.c,luaO_int2fb,,,untriaged,,
qagame,nitmod_lua.c,luaO_fb2int,,,untriaged,,
qagame,nitmod_lua.c,luaO_log2,,,untriaged,,
qagame,nitmod_lua.c,luaO_rawequalObj,,,untriaged,,
qagame,nitmod_lua.c,luaO_str2d,,,untriaged,,
qagame,nitmod_lua.c,luaO_pushvfstring,,,untriaged,,
qagame,nitmod_lua.c,luaO_pushfstring,,,untriaged,,
qagame,nitmod_lua.c,luaO_chunkid,,,untriaged,,
qagame,nitmod_lua.c,luaE_newthread,,,untriaged,,
qagame,nitmod_lua.c,luaE_freethread,,,untriaged,,
qagame,nitmod_lua.c,lua_newstate,,,untriaged,,
qagame,nitmod_lua.c,lua_close,,,untriaged,,
qagame,nitmod_lua.c,luaopen_io,,,untriaged,,
qagame,nitmod_lua.c,luaU_undump,,,untriaged,,
qagame,nitmod_lua.c,luaU_header,,,untriaged,,
qagame,nitmod_mdx.c,etpro_FinalizeTracemapClamp,,,untriaged,,
qagame,nitmod_mdx.c,mdx_SwingAngles,,,untriaged,,
qagame,nitmod_mdx.c,mdx_calculate_bone_lerp_constprop_6,,,untriaged,,
qagame,nitmod_mdx.c,Init_Hit_ETKill,,,untriaged,,
qagame,nitmod_mdx.c,mdx_cleanup,,,untriaged,,
qagame,nitmod_mdx.c,mdx_gentity_to_grefEntity,,,untriaged,,
qagame,nitmod_mdx.c,mdx_calculate_bones_single,,,untriaged,,
qagame,nitmod_mdx.c,mdx_PlayerAngles,,,untriaged,,
qagame,nitmod_mdx.c,mdx_PlayerAnimation,,,untriaged,,
qagame,nitmod_mdx.c,mdx_head_position,,,untriaged,,
qagame,nitmod_mdx.c,mdx_tag_position,,,untriaged,,
qagame,nitmod_mdx.c,mdx_legs_position,,,untriaged,,
qagame,nitmod_mdx.c,etseb_AddDebugAxis,,,untriaged,,
qagame,nitmod_mdx.c,etseb_AddDebugBox,,,untriaged,,
qagame,nitmod_mdx.c,etpro_AddDebugLine,,,untriaged,,
qagame,nitmod_mdx.c,etpro_AddUsercmd,,,untriaged,,
qagame,nitmod_mdx.c,etpro_PlayerInfo,,,untriaged,,
qagame,nitmod_mdx.c,etpro_ScriptAction_SetValues,,game/g_script_actions.c; game/g_nitmod_bot_entities.c,ported_partial,original-ELF-0xb61a0/16-real-parser-link-scenarios,Sticky classname_nospawn and classname refresh before relink; target/scriptname caches updated per parsed key. G_ModifyTOI and hash lookup consumers pending. See reference/target-script-name-hashes.md.
qagame,nitmod_mdx.c,etpro_ScriptAction_DeleteEntity,,,untriaged,,
qagame,nitmod_omnibot.c,IsBot,,,untriaged,,
qagame,nitmod_omnibot.c,INDEXENT,,,untriaged,,
qagame,nitmod_omnibot.c,ENTINDEX,,,untriaged,,
qagame,nitmod_omnibot.c,EntityFromHandle,,game/nitmod_bot_handle.c,ported_partial,original-ELF-world-exception/checked-resolution-tests,Resolves to checked slot using supplied serial/inuse arrays; preserves world exception and rejects malformed indices defensively. Runtime table and engine adapter pending. See reference/bot-entity-handles.md.
qagame,nitmod_omnibot.c,HandleFromEntity,,game/nitmod_bot_handle.c,ported_partial,original-ELF-handle-fields/exhaustive-serial-tests,Fixed-width index/serial packing only; no native pointer or C++ ABI emulation. Built but not gameplay-connected; lifetime table pending. See reference/bot-entity-handles.md.
qagame,nitmod_omnibot.c,Bot_Util_AddGoal,,,untriaged,,
qagame,nitmod_omnibot.c,SendDeferredGoals,,,untriaged,,
qagame,nitmod_omnibot.c,GetEntityCenter,,,untriaged,,
qagame,nitmod_omnibot.c,UpdateMG42,,,untriaged,,
qagame,nitmod_omnibot.c,CheckForMG42,,,untriaged,,
qagame,nitmod_omnibot.c,Bot_TeamGameToBot,,,untriaged,,
qagame,nitmod_omnibot.c,Bot_PlayerClassGameToBot,,,untriaged,,
qagame,nitmod_omnibot.c,Bot_WeaponGameToBot,,,untriaged,,
qagame,nitmod_omnibot.c,Simple_EmplacedGunIsRepairable,,,untriaged,,
qagame,nitmod_omnibot.c,Bot_EntInvisibleBySmokeBomb,,,untriaged,,
qagame,nitmod_omnibot.c,Bot_Util_AddGoal,,,untriaged,,
qagame,nitmod_omnibot.c,_TankIsMountable,,,untriaged,,
qagame,nitmod_omnibot.c,_EmplacedGunIsMountable,,,untriaged,,
qagame,nitmod_omnibot.c,Omnibot_Load_PrintMsg,,,untriaged,,
qagame,nitmod_omnibot.c,Omnibot_Load_PrintErr,,,untriaged,,
qagame,nitmod_omnibot.c,obUtilBotContentsFromGameContents,,,untriaged,,
qagame,nitmod_omnibot.c,obUtilBotSurfaceFromGameSurface,,,untriaged,,
qagame,nitmod_omnibot.c,Bot_Interface_InitHandles,,game/nitmod_bot_handle.c,ported_partial,original-ELF-table-reset/1024-slot-tests,Typed record reset sets serial 1 and clears low two flag bits while preserving other bytes; isolated from runtime. See reference/bot-entity-handles.md.
qagame,nitmod_omnibot.c,Bot_Interface_Init,,,untriaged,,
qagame,nitmod_omnibot.c,Bot_Interface_Shutdown,,,untriaged,,
qagame,nitmod_omnibot.c,Bot_Interface_ConsoleCommand,,,untriaged,,
qagame,nitmod_omnibot.c,Bot_Util_AllowPush,,,untriaged,,
qagame,nitmod_omnibot.c,_GetEntityName,,,untriaged,,
qagame,nitmod_omnibot.c,GetMG42s,,,untriaged,,
qagame,nitmod_omnibot.c,Bot_Util_CheckForGoalEntity,,,untriaged,,
qagame,nitmod_omnibot.c,Bot_Util_CheckForSuicide,,,untriaged,,
qagame,nitmod_omnibot.c,Bot_Event_ClientConnected,,,untriaged,,
qagame,nitmod_omnibot.c,Bot_Event_ClientDisConnected,,,untriaged,,
qagame,nitmod_omnibot.c,Bot_Event_ResetWeapons,,,untriaged,,
qagame,nitmod_omnibot.c,Bot_Event_AddWeapon,,,untriaged,,
qagame,nitmod_omnibot.c,Bot_Event_RemoveWeapon,,,untriaged,,
qagame,nitmod_omnibot.c,Bot_Event_TakeDamage,,,untriaged,,
qagame,nitmod_omnibot.c,Bot_Event_Death,,,untriaged,,
qagame,nitmod_omnibot.c,Bot_Event_Healed,,,untriaged,,
qagame,nitmod_omnibot.c,Bot_Event_RecievedAmmo,,,untriaged,,
qagame,nitmod_omnibot.c,Bot_Event_Revived,,,untriaged,,
qagame,nitmod_omnibot.c,Bot_Event_KilledSomeone,,,untriaged,,
qagame,nitmod_omnibot.c,Bot_Event_FireWeapon,,,untriaged,,
qagame,nitmod_omnibot.c,Bot_Event_PreTriggerMine,,,untriaged,,
qagame,nitmod_omnibot.c,Bot_Event_PostTriggerMine,,,untriaged,,
qagame,nitmod_omnibot.c,Bot_Event_MortarImpact,,,untriaged,,
qagame,nitmod_omnibot.c,Bot_Event_Spectated,,,untriaged,,
qagame,nitmod_omnibot.c,Bot_Event_ChatMessage,,,untriaged,,
qagame,nitmod_omnibot.c,Bot_Event_VoiceMacro,,,untriaged,,
qagame,nitmod_omnibot.c,Bot_Event_Sound,,,untriaged,,
qagame,nitmod_omnibot.c,Bot_Event_FireTeamCreated,,,untriaged,,
qagame,nitmod_omnibot.c,Bot_Event_FireTeamDestroyed,,,untriaged,,
qagame,nitmod_omnibot.c,Bot_Event_JoinedFireTeam,,,untriaged,,
qagame,nitmod_omnibot.c,Bot_Event_LeftFireTeam,,,untriaged,,
qagame,nitmod_omnibot.c,Bot_Event_InviteFireTeam,,,untriaged,,
qagame,nitmod_omnibot.c,Bot_Event_FireTeam_Proposal,,,untriaged,,
qagame,nitmod_omnibot.c,Bot_Event_FireTeam_Warn,,,untriaged,,
qagame,nitmod_omnibot.c,Bot_Event_EntityCreated,,,untriaged,,
qagame,nitmod_omnibot.c,Bot_Queue_EntityCreated,,,untriaged,,
qagame,nitmod_omnibot.c,Bot_Event_EntityDeleted,,game/nitmod_bot_handle.c (table mutation only),ported_partial,original-ELF-serial-increment/exhaustive-wrap-tests,Serial increment skips zero; preserves reserved/high flags. Original deletion event precedes mutation. Dispatch/cache cleanup/game hooks remain unported. See reference/bot-entity-handles.md.
qagame,nitmod_omnibot.c,Bot_Util_SendTrigger,,,untriaged,,
qagame,nitmod_omnibot.c,Bot_Interface_Update,,,untriaged,,
qagame,nitmod_omnibot.c,Bot_AddDynamiteGoal,,,untriaged,,
qagame,nitmod_omnibot.c,Bot_AddFallenTeammateGoals,,,untriaged,,
qagame,nitmod_omnibot.c,IsOmnibotLoaded,,,untriaged,,
qagame,nitmod_omnibot.c,Omnibot_GetLibraryPath,,,untriaged,,
qagame,nitmod_omnibot.c,Omnibot_strncpy,,,untriaged,,
qagame,nitmod_omnibot.c,Omnibot_ErrorString,,,untriaged,,
qagame,nitmod_omnibot.c,Omnibot_FixPath,,,untriaged,,
qagame,nitmod_omnibot.c,OB_VA,,,untriaged,,
qagame,nitmod_omnibot.c,OB_VA_OWNBUFFER,,,untriaged,,
qagame,nitmod_omnibot.c,OB_ShowLastError,,,untriaged,,
qagame,nitmod_omnibot.c,Omnibot_LL,,,untriaged,,
qagame,nitmod_omnibot.c,Omnibot_LoadLibrary,,,untriaged,,
qagame,nitmod_omnibot.c,Omnibot_FreeLibrary,,,untriaged,,
qagame,nitmod_pmove.c,PM_ReloadClip,,game/bg_pmove.c; game/nitmod_weapon_reload.c,ported_partial,original-ELF-0x12bf0/full-module-transfer-fixture,Same active transfer and atomic validation as cgame; original weapon-definition loading remains pending. See reference/active-reload-completion.md.
qagame,nitmod_pmove.c,PM_StartWeaponAnim,,,untriaged,,
qagame,nitmod_pmove.c,PM_DropTimers,,,untriaged,,
qagame,nitmod_pmove.c,PM_Friction,,,untriaged,,
qagame,nitmod_pmove.c,PM_SetWaterLevel,,,untriaged,,
qagame,nitmod_pmove.c,PM_SetMovementDir,,,untriaged,,
qagame,nitmod_pmove.c,PM_FootstepForSurface,,,untriaged,,
qagame,nitmod_pmove.c,PM_CmdScale_isra_0,,,untriaged,,
qagame,nitmod_pmove.c,PM_TraceAllLegs_constprop_8,,,untriaged,,
qagame,nitmod_pmove.c,PM_CheckDuck,,,untriaged,,
qagame,nitmod_pmove.c,PM_WaterMove,,,untriaged,,
qagame,nitmod_pmove.c,PM_AirMove,,,untriaged,,
qagame,nitmod_pmove.c,PM_BeginWeaponReload,,game/bg_pmove.c; game/nitmod_weapon_reload_feedback.c,ported_partial,recovered-helper/production-start-matrix,Same fifteen-identity validated start as prediction; original dynamic definitions still pending. See reference/active-scoped-reload.md.
qagame,nitmod_pmove.c,PM_AddEvent,,,untriaged,,
qagame,nitmod_pmove.c,PM_AddEventExt,,,untriaged,,
qagame,nitmod_pmove.c,PM_IdleAnimForWeapon,,,untriaged,,
qagame,nitmod_pmove.c,PM_AltSwitchFromForWeapon,,,untriaged,,
qagame,nitmod_pmove.c,PM_AltSwitchToForWeapon,,,untriaged,,
qagame,nitmod_pmove.c,PM_AttackAnimForWeapon,,,untriaged,,
qagame,nitmod_pmove.c,PM_LastAttackAnimForWeapon,,,untriaged,,
qagame,nitmod_pmove.c,PM_ReloadAnimForWeapon,,,untriaged,,
qagame,nitmod_pmove.c,PM_RaiseAnimForWeapon,,,untriaged,,
qagame,nitmod_pmove.c,PM_DropAnimForWeapon,,,untriaged,,
qagame,nitmod_pmove.c,PM_AddTouchEnt,,,untriaged,,
qagame,nitmod_pmove.c,PM_ContinueWeaponAnim,,,untriaged,,
qagame,nitmod_pmove.c,PM_ClipVelocity,,,untriaged,,
qagame,nitmod_pmove.c,PM_TraceLegs,,,untriaged,,
qagame,nitmod_pmove.c,PM_TraceHead,,,untriaged,,
qagame,nitmod_pmove.c,PM_TraceAllLegs,,,untriaged,,
qagame,nitmod_pmove.c,PM_GroundTrace,,,untriaged,,
qagame,nitmod_pmove.c,PM_TraceAll,,,untriaged,,
qagame,nitmod_pmove.c,PM_BeginWeaponChange,,,untriaged,,
qagame,nitmod_pmove.c,PM_CheckForReload,,game/bg_pmove.c; game/nitmod_weapon_reload.c,ported_partial,original-ELF-0x2a7a0/production-request-matrix,Shared scoped war=2 reload and normal unscope transaction; original ability masks pending. See reference/active-scoped-reload.md.
qagame,nitmod_pmove.c,PM_WeaponUseAmmo,,game/bg_pmove.c; game/nitmod_weapon_clip.c; game/nitmod_weapon_consumption.c,ported_partial,original-ELF-0x2aa40/25344-full-module-cases,Shared active consumption and Akimbo hand selection; bit 0 and panzer war only. See reference/active-weapon-refill.md.
qagame,nitmod_pmove.c,PM_WeaponAmmoAvailable,,,untriaged,,
qagame,nitmod_pmove.c,PM_WeaponClipEmpty,,,untriaged,,
qagame,nitmod_pmove.c,PM_CoolWeapons,,,untriaged,,
qagame,nitmod_pmove.c,PM_AdjustAimSpreadScale,,,untriaged,,
qagame,nitmod_pmove.c,PM_AltFire,,,untriaged,,
qagame,nitmod_pmove.c,PM_Weapon,,,untriaged,,
qagame,nitmod_pmove.c,PM_AltFiring,,,untriaged,,
qagame,nitmod_pmove.c,PM_UpdateLean,,,untriaged,,
qagame,nitmod_pmove.c,PM_UpdateFlyLean,,,untriaged,,
qagame,nitmod_pmove.c,PM_UpdateViewAngles,,,untriaged,,
qagame,nitmod_pmove.c,PM_CheckLadderMove,,,untriaged,,
qagame,nitmod_pmove.c,PM_LadderMove,,,untriaged,,
qagame,nitmod_pmove.c,PM_Sprint,,,untriaged,,
qagame,nitmod_pmove.c,PM_CheckAttack,,,untriaged,,
qagame,nitmod_pmove.c,PmoveSingle,,,untriaged,,
qagame,nitmod_pmove.c,Pmove,,,untriaged,,
qagame,nitmod_pmove.c,PmovePredict,,,untriaged,,
qagame,nitmod_pmove.c,PM_SlideMove,,,untriaged,,
qagame,nitmod_pmove.c,PM_StepSlideMove,,,untriaged,,
qagame,nitmod_runtime.c,_init,,,untriaged,,
qagame,nitmod_runtime.c,std_ostream_operator,,,untriaged,,
qagame,nitmod_runtime.c,std_ios_base_dtor_ios_base,,,untriaged,,
qagame,nitmod_runtime.c,std_iostream_dtor_iostream,,,untriaged,,
qagame,nitmod_runtime.c,std_locale_dtor_locale,,,untriaged,,
qagame,nitmod_runtime.c,std_ostream_insert,,,untriaged,,
qagame,nitmod_runtime.c,std_string_Rep_M_dispose,,,untriaged,,
qagame,nitmod_runtime.c,_GLOBAL__sub_I_vectors_cpp,,,untriaged,,
qagame,nitmod_runtime.c,_GLOBAL__sub_I_HitDetect_cpp,,,untriaged,,
qagame,nitmod_runtime.c,_GLOBAL__sub_I_g_etbot_interface_cpp,,,untriaged,,
qagame,nitmod_runtime.c,_GLOBAL__sub_I_BotLoadLibrary_cpp,,,untriaged,,
qagame,nitmod_runtime.c,deregister_tm_clones,,,untriaged,,
qagame,nitmod_runtime.c,register_tm_clones,,,untriaged,,
qagame,nitmod_runtime.c,__do_global_dtors_aux,,,untriaged,,
qagame,nitmod_runtime.c,frame_dummy,,,untriaged,,
qagame,nitmod_runtime.c,Vector_Vector,,,untriaged,,
qagame,nitmod_runtime.c,Vector_Length,,,untriaged,,
qagame,nitmod_runtime.c,ClipLine,,,untriaged,,
qagame,nitmod_runtime.c,LineAABBIntersection,,,untriaged,,
qagame,nitmod_runtime.c,TracePlayers,,,untriaged,,
qagame,nitmod_runtime.c,luaM_growaux_,,,untriaged,,
qagame,nitmod_runtime.c,std_ctype_char_do_widen,,,untriaged,,
qagame,nitmod_runtime.c,IEngineInterface_DebugLine,,,untriaged,,
qagame,nitmod_runtime.c,IEngineInterface_DebugBox,,,untriaged,,
qagame,nitmod_runtime.c,IEngineInterface_DebugRadius,,,untriaged,,
qagame,nitmod_runtime.c,IEngineInterface_PrintScreenText,,,untriaged,,
qagame,nitmod_runtime.c,ETInterface_DebugLine,,,untriaged,,
qagame,nitmod_runtime.c,ETInterface_DebugRadius,,,untriaged,,
qagame,nitmod_runtime.c,ETInterface_GetEntityPowerups,,,untriaged,,
qagame,nitmod_runtime.c,ETInterface_GetGameTime,,,untriaged,,
qagame,nitmod_runtime.c,ETInterface_GetMapName,,,untriaged,,
qagame,nitmod_runtime.c,ETInterface_GetGameName,,,untriaged,,
qagame,nitmod_runtime.c,ETInterface_GetModName,,,untriaged,,
qagame,nitmod_runtime.c,ETInterface_GetModVers,,,untriaged,,
qagame,nitmod_runtime.c,ETInterface_dtor_ETInterface,,,untriaged,,
qagame,nitmod_runtime.c,ETInterface_PrintMessage,,,untriaged,,
qagame,nitmod_runtime.c,ETInterface_PrintError,,,untriaged,,
qagame,nitmod_runtime.c,ETInterface_dtor_ETInterface,,,untriaged,,
qagame,nitmod_runtime.c,ETInterface_GetLogPath,,,untriaged,,
qagame,nitmod_runtime.c,ETInterface_GetBotPath,,,untriaged,,
qagame,nitmod_runtime.c,ETInterface_GetAutoNavFeatures,,,untriaged,,
qagame,nitmod_runtime.c,ETInterface_BotCommand,,,untriaged,,
qagame,nitmod_runtime.c,ETInterface_IsInPVS,,,untriaged,,
qagame,nitmod_runtime.c,ETInterface_UpdateBotInput,,,untriaged,,
qagame,nitmod_runtime.c,ETInterface_GetMapExtents,,,untriaged,,
qagame,nitmod_runtime.c,ETInterface_AddBot,,,untriaged,,
qagame,nitmod_runtime.c,ETInterface_RemoveBot,,,untriaged,,
qagame,nitmod_runtime.c,ETInterface_DoesEntityStillExist,,,untriaged,,
qagame,nitmod_runtime.c,ETInterface_IDFromEntity,,,untriaged,,
qagame,nitmod_runtime.c,ETInterface_GetEntityLocalAABB,,game/g_nitmod_bot_entities.c,ported_partial,original-ELF-0x223ca0/256-selection-14-bounds-cases,Typed local AABB adapter uses selected entity cache; map-spawn refresh and init/free lifetime tested. Dynamic item/script cache writers pending. See reference/bot-classname-cache.md.
qagame,nitmod_runtime.c,ETInterface_GetEntityPosition,,game/g_nitmod_bot_entities.c,ported_partial,original-ELF-0x223ec0/48-geometry-profiles,Typed origin and rotated local bounds center; invalid handle/inuse returns 3 without output writes. Defensive null output check; x87 bit parity and C++ vtable connection pending. See reference/bot-entity-position.md.
qagame,nitmod_runtime.c,ETInterface_GetEntityVelocity,,game/g_nitmod_bot_entities.c,ported_partial,original-ELF-0x224010/24-velocity-profiles,Typed trajectory delta or mover oldOrigin delta times 50; original G_RunEntity write/read sequence maps oldOrigin. Invalid output guarded; x87 bit parity and C++ vtable connection pending. See reference/bot-entity-velocity.md.
qagame,nitmod_runtime.c,ETInterface_GetEntityCategory,,,untriaged,,
qagame,nitmod_runtime.c,ETInterface_GetEntityEyePosition,,game/g_nitmod_bot_entities.c,ported_partial,original-ELF-0x224750/eye-bone-fixtures,Concrete position query plus client signed viewheight; paired original bone method ignores bone ID. Null-output defense; custom C++ override dispatch and x87 bit parity pending. See reference/bot-eye-bone-position.md.
qagame,nitmod_runtime.c,ETInterface_GetEntityWorldAABB,,game/g_nitmod_bot_entities.c,ported_partial,original-ELF-0x2248f0/72-world-bounds-profiles,Selected abs bounds plus client Z shift; cached MG42 fallback positioned from original handle. Script cache lifecycle and C++ dispatch remain pending. See reference/bot-world-aabb.md.
qagame,nitmod_runtime.c,ETInterface_EntityByName,,,untriaged,,
qagame,nitmod_runtime.c,ETInterface_EntityFromID,,,untriaged,,
qagame,nitmod_runtime.c,ETInterface_GetEntityOwner,,,untriaged,,
qagame,nitmod_runtime.c,ETInterface_GetEntityGroundEntity,,,untriaged,,
qagame,nitmod_runtime.c,ETInterface_GetLocalGameEntity,,,untriaged,,
qagame,nitmod_runtime.c,ETInterface_GetEntityTeam,,,untriaged,,
qagame,nitmod_runtime.c,ETInterface_ChangeTeam,,,untriaged,,
qagame,nitmod_runtime.c,ETInterface_GetPlayerInfo,,,untriaged,,
qagame,nitmod_runtime.c,ETInterface_GetEntityClass,,,untriaged,,
qagame,nitmod_runtime.c,ETInterface_InterfaceSendMessage,,,untriaged,,
qagame,nitmod_runtime.c,ETInterface_GetEntityFlags,,,untriaged,,
qagame,nitmod_runtime.c,ETInterface_GetPointContents,,,untriaged,,
qagame,nitmod_runtime.c,ETInterface_GetGoals,,,untriaged,,
qagame,nitmod_runtime.c,ETInterface_GetEntityName,,,untriaged,,
qagame,nitmod_runtime.c,ETInterface_ChangeClass,,,untriaged,,
qagame,nitmod_runtime.c,KeyVals_Reset,,,untriaged,,
qagame,nitmod_runtime.c,KeyVals_KeyVals,,,untriaged,,
qagame,nitmod_runtime.c,KeyVals_SetKeyVal,,,untriaged,,
qagame,nitmod_runtime.c,KeyVals_SetInt,,,untriaged,,
qagame,nitmod_runtime.c,KeyVals_SetFloat,,,untriaged,,
qagame,nitmod_runtime.c,KeyVals_SetEntity,,,untriaged,,
qagame,nitmod_runtime.c,KeyVals_SetVector,,,untriaged,,
qagame,nitmod_runtime.c,KeyVals_SetVector,,,untriaged,,
qagame,nitmod_runtime.c,KeyVals_SetString,,,untriaged,,
qagame,nitmod_runtime.c,KeyVals_Set,,,untriaged,,
qagame,nitmod_runtime.c,KeyVals_GetKeyVal,,,untriaged,,
qagame,nitmod_runtime.c,KeyVals_GetInt,,,untriaged,,
qagame,nitmod_runtime.c,KeyVals_GetFloat,,,untriaged,,
qagame,nitmod_runtime.c,KeyVals_GetEntity,,,untriaged,,
qagame,nitmod_runtime.c,KeyVals_GetVector,,,untriaged,,
qagame,nitmod_runtime.c,KeyVals_GetVector,,,untriaged,,
qagame,nitmod_runtime.c,KeyVals_GetString,,,untriaged,,
qagame,nitmod_runtime.c,KeyVals_GetKV,,,untriaged,,
qagame,nitmod_runtime.c,_fini,,,untriaged,,
qagame,nitmod_script.c,script_mover_think,,,untriaged,,
qagame,nitmod_script.c,G_Script_EventMatch_StringEqual,,,untriaged,,
qagame,nitmod_script.c,G_Script_EventMatch_IntInRange,,,untriaged,,
qagame,nitmod_script.c,script_mover_spawn,,,untriaged,,
qagame,nitmod_script.c,script_mover_blocked,,,untriaged,,
qagame,nitmod_script.c,script_model_med_use,,,untriaged,,
qagame,nitmod_script.c,G_Script_EventForString,,,untriaged,,
qagame,nitmod_script.c,G_Script_ActionForString,,,untriaged,,
qagame,nitmod_script.c,G_Script_ScriptLoad,,,untriaged,,
qagame,nitmod_script.c,G_Script_ScriptParse,,,untriaged,,
qagame,nitmod_script.c,G_Script_ScriptChange,,,untriaged,,
qagame,nitmod_script.c,G_Script_EventStringInit,,,untriaged,,
qagame,nitmod_script.c,G_Script_GetEventIndex,,,untriaged,,
qagame,nitmod_script.c,G_Script_ScriptRun,,,untriaged,,
qagame,nitmod_script.c,G_Script_ScriptEvent,,,untriaged,,
qagame,nitmod_script.c,script_mover_use,,,untriaged,,
qagame,nitmod_script.c,script_mover_die,,,untriaged,,
qagame,nitmod_script.c,script_linkentity,,,untriaged,,
qagame,nitmod_script.c,script_model_med_spawn,,,untriaged,,
qagame,nitmod_script.c,G_ScriptAction_SetModelFromBrushmodel,,,untriaged,,
qagame,nitmod_script.c,G_ScriptAction_SetPosition,,,untriaged,,
qagame,nitmod_script.c,G_ScriptAction_SetAutoSpawn,,,untriaged,,
qagame,nitmod_script.c,G_ScriptAction_ChangeModel,,,untriaged,,
qagame,nitmod_script.c,G_ScriptAction_ShaderRemap,,,untriaged,,
qagame,nitmod_script.c,G_ScriptAction_ShaderRemapFlush,,,untriaged,,
qagame,nitmod_script.c,G_ScriptAction_FollowPath,,,untriaged,,
qagame,nitmod_script.c,G_ScriptAction_AttatchToTrain,,,untriaged,,
qagame,nitmod_script.c,G_ScriptAction_FreezeAnimation,,,untriaged,,
qagame,nitmod_script.c,G_ScriptAction_UnFreezeAnimation,,,untriaged,,
qagame,nitmod_script.c,G_ScriptAction_StartAnimation,,,untriaged,,
qagame,nitmod_script.c,G_ScriptAction_SetSpeed,,,untriaged,,
qagame,nitmod_script.c,G_ScriptAction_SetRotation,,,untriaged,,
qagame,nitmod_script.c,G_ScriptAction_StopRotation,,,untriaged,,
qagame,nitmod_script.c,G_ScriptAction_FollowSpline,,,untriaged,,
qagame,nitmod_script.c,G_ScriptAction_AbortMove,,,untriaged,,
qagame,nitmod_script.c,G_ScriptAction_SetChargeTimeFactor,,,untriaged,,
qagame,nitmod_script.c,G_ScriptAction_SpawnRubble,,,untriaged,,
qagame,nitmod_script.c,G_ScriptAction_AllowTankExit,,,untriaged,,
qagame,nitmod_script.c,G_ScriptAction_AllowTankEnter,,,untriaged,,
qagame,nitmod_script.c,G_ScriptAction_SetTankAmmo,,,untriaged,,
qagame,nitmod_script.c,G_ScriptAction_AddTankAmmo,,,untriaged,,
qagame,nitmod_script.c,G_ScriptAction_DisableMessage,,,untriaged,,
qagame,nitmod_script.c,G_ScriptAction_Kill,,,untriaged,,
qagame,nitmod_script.c,G_ScriptAction_SetGlobalFog,,,untriaged,,
qagame,nitmod_script.c,G_ScriptAction_GotoMarker,,,untriaged,,
qagame,nitmod_script.c,G_ScriptAction_Wait,,,untriaged,,
qagame,nitmod_script.c,G_ScriptAction_Trigger,,game/g_script_actions.c; game/g_nitmod_bot_entities.c,ported_partial,original-named-trigger-branch/32-real-script-scenarios,Named trigger uses cached script names; bots count as found but are not dispatched. Special targets unchanged. See reference/named-trigger-hash-lookup.md.
qagame,nitmod_script.c,G_ScriptAction_PlaySound,,,untriaged,,
qagame,nitmod_script.c,G_ScriptAction_FadeAllSounds,,,untriaged,,
qagame,nitmod_script.c,G_ScriptAction_MusicStart,,,untriaged,,
qagame,nitmod_script.c,G_ScriptAction_MusicPlay,,,untriaged,,
qagame,nitmod_script.c,G_ScriptAction_MusicStop,,,untriaged,,
qagame,nitmod_script.c,G_ScriptAction_MusicQueue,,,untriaged,,
qagame,nitmod_script.c,G_ScriptAction_MusicFade,,,untriaged,,
qagame,nitmod_script.c,G_ScriptAction_PlayAnim,,,untriaged,,
qagame,nitmod_script.c,G_ScriptAction_AlertEntity,,,untriaged,,
qagame,nitmod_script.c,G_ScriptAction_ToggleSpeaker,,,untriaged,,
qagame,nitmod_script.c,G_ScriptAction_DisableSpeaker,,,untriaged,,
qagame,nitmod_script.c,G_ScriptAction_EnableSpeaker,,,untriaged,,
qagame,nitmod_script.c,G_ScriptAction_Accum,,game/g_script_actions.c; game/g_nitmod_bot_entities.c,ported_partial,original-local-trigger-branch/16-real-script-scenarios,Local trigger_if_equal iterates cached script-name matches; caller scriptId change returns false after all recipients. Other accum commands not claimed. See reference/accum-trigger-hash-lookup.md.
qagame,nitmod_script.c,G_ScriptAction_GlobalAccum,,game/g_script_actions.c; game/g_nitmod_bot_entities.c,ported_partial,original-global-trigger-branch/16-real-script-scenarios,Global trigger_if_equal uses cached script-name iteration and defers caller termination; local/global storage isolation tested. Other commands not claimed. See reference/globalaccum-trigger-hash-lookup.md.
qagame,nitmod_script.c,G_ScriptAction_Print,,,untriaged,,
qagame,nitmod_script.c,G_ScriptAction_FaceAngles,,,untriaged,,
qagame,nitmod_script.c,G_ScriptAction_ResetScript,,,untriaged,,
qagame,nitmod_script.c,G_ScriptAction_TagConnect,,game/g_script_actions.c; game/g_nitmod_bot_entities.c,ported_partial,original-ELF-0xb2fd0/8-tag-configstring-scenarios,Targetname priority retained; fallback uses cached script-name search. Real native tag setup/config write/angle reset tested; client render parity pending. See reference/tag-connect-hash-lookup.md.
qagame,nitmod_script.c,G_ScriptAction_Halt,,,untriaged,,
qagame,nitmod_script.c,G_ScriptAction_StopSound,,,untriaged,,
qagame,nitmod_script.c,G_ScriptAction_EntityScriptName,,,untriaged,,
qagame,nitmod_script.c,G_ScriptAction_AIScriptName,,,untriaged,,
qagame,nitmod_script.c,G_ScriptAction_AxisRespawntime,,,untriaged,,
qagame,nitmod_script.c,G_ScriptAction_AlliedRespawntime,,,untriaged,,
qagame,nitmod_script.c,G_ScriptAction_NumberofObjectives,,,untriaged,,
qagame,nitmod_script.c,G_ScriptAction_SetMainObjective,,,untriaged,,
qagame,nitmod_script.c,G_ScriptAction_ObjectiveStatus,,,untriaged,,
qagame,nitmod_script.c,G_ScriptAction_SetDebugLevel,,,untriaged,,
qagame,nitmod_script.c,G_ScriptAction_VoiceAnnounce,,,untriaged,,
qagame,nitmod_script.c,G_ScriptAction_SetWinner,,,untriaged,,
qagame,nitmod_script.c,G_ScriptAction_SetDefendingTeam,,,untriaged,,
qagame,nitmod_script.c,G_ScriptAction_AddTeamVoiceAnnounce,,,untriaged,,
qagame,nitmod_script.c,G_ScriptAction_RemoveTeamVoiceAnnounce,,,untriaged,,
qagame,nitmod_script.c,G_ScriptAction_TeamVoiceAnnounce,,,untriaged,,
qagame,nitmod_script.c,G_ScriptAction_Announce_Icon,,,untriaged,,
qagame,nitmod_script.c,G_ScriptAction_Announce,,,untriaged,,
qagame,nitmod_script.c,G_ScriptAction_EndRound,,,untriaged,,
qagame,nitmod_script.c,G_ScriptAction_SetRoundTimelimit,,,untriaged,,
qagame,nitmod_script.c,G_ScriptAction_RemoveEntity,,,untriaged,,
qagame,nitmod_script.c,G_ScriptAction_SetDamagable,,,untriaged,,
qagame,nitmod_script.c,G_ScriptAction_SetState,,,untriaged,,
qagame,nitmod_script.c,G_ScriptAction_RepairMG42,,,untriaged,,
qagame,nitmod_script.c,G_ScriptAction_SetHQStatus,,,untriaged,,
qagame,nitmod_script.c,G_ScriptAction_PrintAccum,,,untriaged,,
qagame,nitmod_script.c,G_ScriptAction_PrintGlobalAccum,,,untriaged,,
qagame,nitmod_script.c,G_ScriptAction_SetAASState,,,untriaged,,
qagame,nitmod_script.c,G_ScriptAction_Construct,,,untriaged,,
qagame,nitmod_script.c,G_ScriptAction_ConstructibleClass,,,untriaged,,
qagame,nitmod_script.c,G_ScriptAction_ConstructibleChargeBarReq,,,untriaged,,
qagame,nitmod_script.c,G_ScriptAction_ConstructibleConstructXPBonus,,,untriaged,,
qagame,nitmod_script.c,G_ScriptAction_ConstructibleDestructXPBonus,,,untriaged,,
qagame,nitmod_script.c,G_ScriptAction_ConstructibleHealth,,,untriaged,,
qagame,nitmod_script.c,G_ScriptAction_ConstructibleWeaponclass,,,untriaged,,
qagame,nitmod_script.c,G_ScriptAction_ConstructibleDuration,,,untriaged,,
qagame,nitmod_script.c,G_ScriptAction_Cvar,,,untriaged,,
qagame,nitmod_script.c,G_ScriptAction_AbortIfWarmup,,,untriaged,,
qagame,nitmod_script.c,G_ScriptAction_AbortIfNotSinglePlayer,,,untriaged,,
qagame,nitmod_script.c,G_ScriptAction_Create,,,untriaged,,
qagame,nitmod_shared.c,Com_GetFlamethrowerRange,,,untriaged,,
qagame,nitmod_shared.c,Q_SayConcatArgs,,,untriaged,,
qagame,nitmod_shared.c,Q_AddCR,,,untriaged,,
qagame,nitmod_shared.c,Q_SayArgc,,,untriaged,,
qagame,nitmod_shared.c,Q_SayArgv,,,untriaged,,
qagame,nitmod_shared.c,Com_Error,,,untriaged,,
qagame,nitmod_shared.c,Com_Printf,,,untriaged,,
qagame,nitmod_shared.c,Q_rand,,,untriaged,,
qagame,nitmod_shared.c,Q_random,,,untriaged,,
qagame,nitmod_shared.c,Q_crandom,,,untriaged,,
qagame,nitmod_shared.c,Q_rsqrt,,,untriaged,,
qagame,nitmod_shared.c,Q_fabs,,,untriaged,,
qagame,nitmod_shared.c,Q_log2,,,untriaged,,
qagame,nitmod_shared.c,COM_ParseExt_constprop_2,,,untriaged,,
qagame,nitmod_shared.c,Info_RemoveKey_Big_part_1,,,untriaged,,
qagame,nitmod_shared.c,Info_RemoveKey_part_0,,,untriaged,,
qagame,nitmod_shared.c,Com_Clamp,,,untriaged,,
qagame,nitmod_shared.c,COM_FixPath,,,untriaged,,
qagame,nitmod_shared.c,COM_SkipPath,,,untriaged,,
qagame,nitmod_shared.c,COM_StripExtension,,,untriaged,,
qagame,nitmod_shared.c,COM_StripFilename,,,untriaged,,
qagame,nitmod_shared.c,COM_BitCheck,,,untriaged,,
qagame,nitmod_shared.c,COM_BitSet,,,untriaged,,
qagame,nitmod_shared.c,COM_BitClear,,,untriaged,,
qagame,nitmod_shared.c,COM_BackupParseSession,,,untriaged,,
qagame,nitmod_shared.c,COM_RestoreParseSession,,,untriaged,,
qagame,nitmod_shared.c,COM_GetCurrentParseLine,,,untriaged,,
qagame,nitmod_shared.c,COM_Parse,,,untriaged,,
qagame,nitmod_shared.c,COM_ParseError,,,untriaged,,
qagame,nitmod_shared.c,COM_Compress,,,untriaged,,
qagame,nitmod_shared.c,COM_ParseExt,,,untriaged,,
qagame,nitmod_shared.c,COM_MatchToken,,,untriaged,,
qagame,nitmod_shared.c,Q_isprint,,,untriaged,,
qagame,nitmod_shared.c,Q_islower,,,untriaged,,
qagame,nitmod_shared.c,Q_isupper,,,untriaged,,
qagame,nitmod_shared.c,Q_isalpha,,,untriaged,,
qagame,nitmod_shared.c,Q_isnumeric,,,untriaged,,
qagame,nitmod_shared.c,Q_isalphanumeric,,,untriaged,,
qagame,nitmod_shared.c,Q_isforfilename,,,untriaged,,
qagame,nitmod_shared.c,Q_strrchr,,,untriaged,,
qagame,nitmod_shared.c,Q_strncpyz,,,untriaged,,
qagame,nitmod_shared.c,Q_stricmpn,,,untriaged,,
qagame,nitmod_shared.c,Q_strncmp,,,untriaged,,
qagame,nitmod_shared.c,Q_stricmp,,,untriaged,,
qagame,nitmod_shared.c,Q_strlwr,,,untriaged,,
qagame,nitmod_shared.c,Q_strupr,,,untriaged,,
qagame,nitmod_shared.c,Q_strcat,,,untriaged,,
qagame,nitmod_shared.c,Q_PrintStrlen,,,untriaged,,
qagame,nitmod_shared.c,Q_CleanStr,,,untriaged,,
qagame,nitmod_shared.c,Q_isBadDirChar,,,untriaged,,
qagame,nitmod_shared.c,Q_CleanDirName,,,untriaged,,
qagame,nitmod_shared.c,Com_sprintf,,,untriaged,,
qagame,nitmod_shared.c,COM_BeginParseSession,,,untriaged,,
qagame,nitmod_shared.c,Info_ValueForKey,,,untriaged,,
qagame,nitmod_shared.c,Info_NextPair,,,untriaged,,
qagame,nitmod_shared.c,Info_RemoveKey,,,untriaged,,
qagame,nitmod_shared.c,Info_RemoveKey_Big,,,untriaged,,
qagame,nitmod_shared.c,Info_Validate,,,untriaged,,
qagame,nitmod_shared.c,Info_SetValueForKey,,,untriaged,,
qagame,nitmod_shared.c,Info_SetValueForKey_Big,,,untriaged,,
qagame,nitmod_shared.c,Q_StrReplace,,,untriaged,,
qagame,nitmod_shared.c,COM_ParseExt_nico,,,untriaged,,
qagame,nitmod_spawn.c,alarmbox_updateparts,,,untriaged,,
qagame,nitmod_spawn.c,alarmbox_use,,,untriaged,,
qagame,nitmod_spawn.c,alarmbox_die,,,untriaged,,
qagame,nitmod_spawn.c,alarmbox_finishspawning,,,untriaged,,
qagame,nitmod_spawn.c,SP_alarm_box,,,untriaged,,
qagame,nitmod_spawn.c,SP_info_player_deathmatch,,,untriaged,,
qagame,nitmod_spawn.c,SP_info_player_checkpoint,,,untriaged,,
qagame,nitmod_spawn.c,SP_info_player_start,,,untriaged,,
qagame,nitmod_spawn.c,SP_info_player_intermission,,,untriaged,,
qagame,nitmod_spawn.c,Use_Item,,,untriaged,,
qagame,nitmod_spawn.c,Touch_Item_Auto,,,untriaged,,
qagame,nitmod_spawn.c,Touch_Item,,,untriaged,,
qagame,nitmod_spawn.c,mg42_use,,,untriaged,,
qagame,nitmod_spawn.c,misc_spawner_use,,,untriaged,,
qagame,nitmod_spawn.c,Use_Shooter,,,untriaged,,
qagame,nitmod_spawn.c,mg42_die,,,untriaged,,
qagame,nitmod_spawn.c,mg42_spawn,,,untriaged,,
qagame,nitmod_spawn.c,misc_firetrails_think,,,untriaged,,
qagame,nitmod_spawn.c,misc_spawner_think,,,untriaged,,
qagame,nitmod_spawn.c,mg42_touch,,,untriaged,,
qagame,nitmod_spawn.c,mg42_think,,,untriaged,,
qagame,nitmod_spawn.c,SP_info_camp,,,untriaged,,
qagame,nitmod_spawn.c,SP_info_null,,,untriaged,,
qagame,nitmod_spawn.c,SP_info_notnull,,,untriaged,,
qagame,nitmod_spawn.c,SP_misc_teleporter_dest,,,untriaged,,
qagame,nitmod_spawn.c,SP_misc_gamemodel,,,untriaged,,
qagame,nitmod_spawn.c,SP_misc_vis_dummy,,,untriaged,,
qagame,nitmod_spawn.c,SP_misc_vis_dummy_multiple,,,untriaged,,
qagame,nitmod_spawn.c,SP_misc_portal_surface,,,untriaged,,
qagame,nitmod_spawn.c,SP_misc_portal_camera,,,untriaged,,
qagame,nitmod_spawn.c,SP_shooter_mortar,,,untriaged,,
qagame,nitmod_spawn.c,SP_shooter_rocket,,,untriaged,,
qagame,nitmod_spawn.c,SP_shooter_grenade,,,untriaged,,
qagame,nitmod_spawn.c,SP_corona,,,untriaged,,
qagame,nitmod_spawn.c,SP_dlight,,,untriaged,,
qagame,nitmod_spawn.c,Fire_Lead_Ext,,,untriaged,,
qagame,nitmod_spawn.c,mg42_fire,,,untriaged,,
qagame,nitmod_spawn.c,mg42_track,,,untriaged,,
qagame,nitmod_spawn.c,mg42_stopusing,,,untriaged,,
qagame,nitmod_spawn.c,SP_mg42,,,untriaged,,
qagame,nitmod_spawn.c,SP_misc_spawner,,,untriaged,,
qagame,nitmod_spawn.c,SP_misc_firetrails,,,untriaged,,
qagame,nitmod_spawn.c,SP_misc_constructiblemarker,,,untriaged,,
qagame,nitmod_spawn.c,SP_misc_landmine,,,untriaged,,
qagame,nitmod_spawn.c,SP_misc_commandmap_marker,,,untriaged,,
qagame,nitmod_spawn.c,Touch_Plat,,,untriaged,,
qagame,nitmod_spawn.c,Think_BeginMoving,,,untriaged,,
qagame,nitmod_spawn.c,Think_BeginMoving_rotating,,,untriaged,,
qagame,nitmod_spawn.c,Use_Static,,,untriaged,,
qagame,nitmod_spawn.c,Use_Func_Rotate,,,untriaged,,
qagame,nitmod_spawn.c,func_explosive_spawn,,,untriaged,,
qagame,nitmod_spawn.c,func_constructible_spawn,,,untriaged,,
qagame,nitmod_spawn.c,func_brushmodel_delete,,,untriaged,,
qagame,nitmod_spawn.c,target_effect,,,untriaged,,
qagame,nitmod_spawn.c,target_explosion_use,,,untriaged,,
qagame,nitmod_spawn.c,func_explosive_explode,,,untriaged,,
qagame,nitmod_spawn.c,func_explosive_use,,,untriaged,,
qagame,nitmod_spawn.c,func_constructible_use,,,untriaged,,
qagame,nitmod_spawn.c,func_constructiblespawn,,,untriaged,,
qagame,nitmod_spawn.c,Think_SetupTrainTargets,,,untriaged,,
qagame,nitmod_spawn.c,Think_SetupTrainTargets_rotating,,,untriaged,,
qagame,nitmod_spawn.c,func_explosive_touch,,,untriaged,,
qagame,nitmod_spawn.c,func_explosive_alert,,,untriaged,,
qagame,nitmod_spawn.c,Think_MatchTeam,,,untriaged,,
qagame,nitmod_spawn.c,Think_SpawnNewDoorTrigger,,,untriaged,,
qagame,nitmod_spawn.c,Use_TrinaryMover,,,untriaged,,
qagame,nitmod_spawn.c,Use_BinaryMover,,,untriaged,,
qagame,nitmod_spawn.c,Touch_DoorTrigger,,,untriaged,,
qagame,nitmod_spawn.c,Touch_PlatCenterTrigger,,,untriaged,,
qagame,nitmod_spawn.c,Touch_Button,,,untriaged,,
qagame,nitmod_spawn.c,SP_func_door,,,untriaged,,
qagame,nitmod_spawn.c,SP_func_plat,,,untriaged,,
qagame,nitmod_spawn.c,SP_func_button,,,untriaged,,
qagame,nitmod_spawn.c,SP_path_corner,,,untriaged,,
qagame,nitmod_spawn.c,SP_path_corner_2,,,untriaged,,
qagame,nitmod_spawn.c,SP_info_train_spline_main,,,untriaged,,
qagame,nitmod_spawn.c,SP_info_limbo_camera,,,untriaged,,
qagame,nitmod_spawn.c,SP_func_train,,,untriaged,,
qagame,nitmod_spawn.c,SP_func_train_rotating,,,untriaged,,
qagame,nitmod_spawn.c,SP_func_leaky,,,untriaged,,
qagame,nitmod_spawn.c,SP_func_static,,,untriaged,,
qagame,nitmod_spawn.c,SP_func_rotating,,,untriaged,,
qagame,nitmod_spawn.c,SP_func_bobbing,,,untriaged,,
qagame,nitmod_spawn.c,SP_func_pendulum,,,untriaged,,
qagame,nitmod_spawn.c,SP_func_door_rotating,,,untriaged,,
qagame,nitmod_spawn.c,SP_target_effect,,,untriaged,,
qagame,nitmod_spawn.c,SP_target_explosion,,,untriaged,,
qagame,nitmod_spawn.c,SP_func_explosive,,,untriaged,,
qagame,nitmod_spawn.c,SP_func_invisible_user,,,untriaged,,
qagame,nitmod_spawn.c,func_constructible_underconstructionthink,,,untriaged,,
qagame,nitmod_spawn.c,SP_func_constructible,,,untriaged,,
qagame,nitmod_spawn.c,SP_func_brushmodel,,,untriaged,,
qagame,nitmod_spawn.c,SP_func_debris,,,untriaged,,
qagame,nitmod_spawn.c,props_bench_die,,,untriaged,,
qagame,nitmod_spawn.c,Props_Barrel_Touch,,,untriaged,,
qagame,nitmod_spawn.c,props_crate32x64_die,,,untriaged,,
qagame,nitmod_spawn.c,props_58x112tablew_die,,,untriaged,,
qagame,nitmod_spawn.c,props_snowGenerator_use,,,untriaged,,
qagame,nitmod_spawn.c,props_decoration_animate,,,untriaged,,
qagame,nitmod_spawn.c,props_locker_endrattle,,,untriaged,,
qagame,nitmod_spawn.c,props_locker_use,,,untriaged,,
qagame,nitmod_spawn.c,props_locker_pain,,,untriaged,,
qagame,nitmod_spawn.c,props_locker_tall_die,,,untriaged,,
qagame,nitmod_spawn.c,Use_DamageInflictor,,,untriaged,,
qagame,nitmod_spawn.c,props_flippy_blocked,,,untriaged,,
qagame,nitmod_spawn.c,props_flamethrower_use,,,untriaged,,
qagame,nitmod_spawn.c,props_flamethrower_init,,,untriaged,,
qagame,nitmod_spawn.c,props_flamethrower_think,,,untriaged,,
qagame,nitmod_spawn.c,props_bench_think,,,untriaged,,
qagame,nitmod_spawn.c,props_crate32x64_think,,,untriaged,,
qagame,nitmod_spawn.c,props_58x112tablew_think,,,untriaged,,
qagame,nitmod_spawn.c,props_castlebed_animate,,,untriaged,,
qagame,nitmod_spawn.c,props_castlebed_touch,,,untriaged,,
qagame,nitmod_spawn.c,props_snowGenerator_think,,,untriaged,,
qagame,nitmod_spawn.c,Use_props_decoration,,,untriaged,,
qagame,nitmod_spawn.c,Props_Barrel_Pain,,,untriaged,,
qagame,nitmod_spawn.c,props_locker_death,,,untriaged,,
qagame,nitmod_spawn.c,props_castlebed_die,,,untriaged,,
qagame,nitmod_spawn.c,props_radio_die,,,untriaged,,
qagame,nitmod_spawn.c,Props_Barrel_Think,,,untriaged,,
qagame,nitmod_spawn.c,Props_Barrel_Animate,,,untriaged,,
qagame,nitmod_spawn.c,props_radio_dieSEVEN,,,untriaged,,
qagame,nitmod_spawn.c,Props_Chair_Animate,,,untriaged,,
qagame,nitmod_spawn.c,SP_props_box_32,,,untriaged,,
qagame,nitmod_spawn.c,SP_props_box_48,,,untriaged,,
qagame,nitmod_spawn.c,SP_props_box_64,,,untriaged,,
qagame,nitmod_spawn.c,SP_props_sparks,,,untriaged,,
qagame,nitmod_spawn.c,SP_props_gunsparks,,,untriaged,,
qagame,nitmod_spawn.c,SP_SmokeDust,,,untriaged,,
qagame,nitmod_spawn.c,SP_Dust,,,untriaged,,
qagame,nitmod_spawn.c,SP_Props_Bench,,,untriaged,,
qagame,nitmod_spawn.c,SP_Props_Radio,,,untriaged,,
qagame,nitmod_spawn.c,SP_Props_RadioSEVEN,,,untriaged,,
qagame,nitmod_spawn.c,SP_Props_Locker_Tall,,,untriaged,,
qagame,nitmod_spawn.c,Props_TurnLightsOff,,,untriaged,,
qagame,nitmod_spawn.c,Props_Activated,,,untriaged,,
qagame,nitmod_spawn.c,Props_Chair_Think,,,untriaged,,
qagame,nitmod_spawn.c,Props_Chair_Touch,,,untriaged,,
qagame,nitmod_spawn.c,Use_Props_Shard_Generator,,,untriaged,,
qagame,nitmod_spawn.c,props_decoration_death,,,untriaged,,
qagame,nitmod_spawn.c,props_statue_death,,,untriaged,,
qagame,nitmod_spawn.c,Props_Chair_Die,,,untriaged,,
qagame,nitmod_spawn.c,Props_Barrel_Die,,,untriaged,,
qagame,nitmod_spawn.c,props_touch,,,untriaged,,
qagame,nitmod_spawn.c,props_statue_touch,,,untriaged,,
qagame,nitmod_spawn.c,Props_Chair_Skyboxtouch,,,untriaged,,
qagame,nitmod_spawn.c,SP_Props_Chair,,,untriaged,,
qagame,nitmod_spawn.c,SP_Props_ChairHiback,,,untriaged,,
qagame,nitmod_spawn.c,SP_Props_ChairSide,,,untriaged,,
qagame,nitmod_spawn.c,SP_Props_ChateauChair,,,untriaged,,
qagame,nitmod_spawn.c,SP_Props_ChairChat,,,untriaged,,
qagame,nitmod_spawn.c,SP_Props_ChairChatArm,,,untriaged,,
qagame,nitmod_spawn.c,SP_Props_DamageInflictor,,,untriaged,,
qagame,nitmod_spawn.c,SP_props_shard_generator,,,untriaged,,
qagame,nitmod_spawn.c,SP_Props_Desklamp,,,untriaged,,
qagame,nitmod_spawn.c,SP_OilSlick,,,untriaged,,
qagame,nitmod_spawn.c,SP_OilParticles,,,untriaged,,
qagame,nitmod_spawn.c,SP_Props_Flamebarrel,,,untriaged,,
qagame,nitmod_spawn.c,SP_crate_64,,,untriaged,,
qagame,nitmod_spawn.c,SP_crate_32,,,untriaged,,
qagame,nitmod_spawn.c,SP_Props_Crate32x64,,,untriaged,,
qagame,nitmod_spawn.c,props_flippy_table_die,,,untriaged,,
qagame,nitmod_spawn.c,SP_Props_Flipping_Table,,,untriaged,,
qagame,nitmod_spawn.c,SP_Props_58x112tablew,,,untriaged,,
qagame,nitmod_spawn.c,SP_props_castlebed,,,untriaged,,
qagame,nitmod_spawn.c,SP_props_snowGenerator,,,untriaged,,
qagame,nitmod_spawn.c,SP_props_decoration,,,untriaged,,
qagame,nitmod_spawn.c,SP_props_decorBRUSH,,,untriaged,,
qagame,nitmod_spawn.c,SP_props_decor_Scale,,,untriaged,,
qagame,nitmod_spawn.c,SP_skyportal,,,untriaged,,
qagame,nitmod_spawn.c,props_statue_blocked,,,untriaged,,
qagame,nitmod_spawn.c,props_statue_animate,,,untriaged,,
qagame,nitmod_spawn.c,SP_props_statue,,,untriaged,,
qagame,nitmod_spawn.c,SP_props_statueBRUSH,,,untriaged,,
qagame,nitmod_spawn.c,props_locker_spawn_item,,,untriaged,,
qagame,nitmod_spawn.c,props_locker_mass,,,untriaged,,
qagame,nitmod_spawn.c,SP_props_footlocker,,,untriaged,,
qagame,nitmod_spawn.c,SP_props_flamethrower,,,untriaged,,
qagame,nitmod_spawn.c,SP_script_mover,,,untriaged,,
qagame,nitmod_spawn.c,SP_script_model_med,,,untriaged,,
qagame,nitmod_spawn.c,SP_script_camera,,,untriaged,,
qagame,nitmod_spawn.c,SP_script_multiplayer,,,untriaged,,
qagame,nitmod_spawn.c,SP_func_fakebrush,,,untriaged,,
qagame,nitmod_spawn.c,G_SpawnStringExt,,,untriaged,,
qagame,nitmod_spawn.c,G_SpawnFloatExt,,,untriaged,,
qagame,nitmod_spawn.c,SP_worldspawn,,,untriaged,,
qagame,nitmod_spawn.c,target_rumble_use,,,untriaged,,
qagame,nitmod_spawn.c,Use_Target_Lock,,,untriaged,,
qagame,nitmod_spawn.c,Use_target_remove_powerups,,,untriaged,,
qagame,nitmod_spawn.c,Think_Target_Delay,,,untriaged,,
qagame,nitmod_spawn.c,Use_Target_Counter,,,untriaged,,
qagame,nitmod_spawn.c,Use_Target_Alarm,,,untriaged,,
qagame,nitmod_spawn.c,Use_Target_Delay,,,untriaged,,
qagame,nitmod_spawn.c,Use_Target_Score,,,untriaged,,
qagame,nitmod_spawn.c,Use_Target_Print,,,untriaged,,
qagame,nitmod_spawn.c,misc_beam_think,,,untriaged,,
qagame,nitmod_spawn.c,misc_beam_start,,,untriaged,,
qagame,nitmod_spawn.c,target_laser_think,,,untriaged,,
qagame,nitmod_spawn.c,target_teleporter_use,,,untriaged,,
qagame,nitmod_spawn.c,target_relay_use,,,untriaged,,
qagame,nitmod_spawn.c,Use_target_fog,,,untriaged,,
qagame,nitmod_spawn.c,target_script_trigger_use,,game/g_target.c; game/g_nitmod_bot_entities.c,ported_partial,original-ELF-0xd8130/10-real-script-target-scenarios,First cached aiName match replaces string lookup; self fallback and subsequent target dispatch retained. Full engine runtime parity pending. See reference/script-trigger-hash-lookup.md.
qagame,nitmod_spawn.c,target_rumble_think,,,untriaged,,
qagame,nitmod_spawn.c,Use_Target_Give,,,untriaged,,
qagame,nitmod_spawn.c,Use_Target_Speaker,,,untriaged,,
qagame,nitmod_spawn.c,target_speaker_multiple,,,untriaged,,
qagame,nitmod_spawn.c,target_laser_use,,,untriaged,,
qagame,nitmod_spawn.c,target_laser_start,,,untriaged,,
qagame,nitmod_spawn.c,SP_target_give,,,untriaged,,
qagame,nitmod_spawn.c,SP_target_remove_powerups,,,untriaged,,
qagame,nitmod_spawn.c,SP_target_delay,,,untriaged,,
qagame,nitmod_spawn.c,SP_target_score,,,untriaged,,
qagame,nitmod_spawn.c,SP_target_print,,,untriaged,,
qagame,nitmod_spawn.c,SP_target_speaker,,,untriaged,,
qagame,nitmod_spawn.c,SP_misc_beam,,,untriaged,,
qagame,nitmod_spawn.c,target_laser_on,,,untriaged,,
qagame,nitmod_spawn.c,target_laser_off,,,untriaged,,
qagame,nitmod_spawn.c,SP_target_laser,,,untriaged,,
qagame,nitmod_spawn.c,SP_target_teleporter,,,untriaged,,
qagame,nitmod_spawn.c,SP_target_relay,,,untriaged,,
qagame,nitmod_spawn.c,target_kill_use,,,untriaged,,
qagame,nitmod_spawn.c,SP_target_kill,,,untriaged,,
qagame,nitmod_spawn.c,SP_target_position,,,untriaged,,
qagame,nitmod_spawn.c,SP_target_location,,,untriaged,,
qagame,nitmod_spawn.c,SP_target_fog,,,untriaged,,
qagame,nitmod_spawn.c,SP_target_counter,,,untriaged,,
qagame,nitmod_spawn.c,SP_target_autosave,,,untriaged,,
qagame,nitmod_spawn.c,SP_target_lock,,,untriaged,,
qagame,nitmod_spawn.c,SP_target_alarm,,,untriaged,,
qagame,nitmod_spawn.c,SP_target_smoke,,,untriaged,,
qagame,nitmod_spawn.c,SP_target_script_trigger,,,untriaged,,
qagame,nitmod_spawn.c,SP_target_rumble,,,untriaged,,
qagame,nitmod_spawn.c,Use_Team_Spawnpoint,,,untriaged,,
qagame,nitmod_spawn.c,Use_Team_InitialSpawnpoint,,,untriaged,,
qagame,nitmod_spawn.c,SP_team_CTF_redplayer,,,untriaged,,
qagame,nitmod_spawn.c,SP_team_CTF_blueplayer,,,untriaged,,
qagame,nitmod_spawn.c,SP_team_CTF_redspawn,,,untriaged,,
qagame,nitmod_spawn.c,SP_team_CTF_bluespawn,,,untriaged,,
qagame,nitmod_spawn.c,SP_team_CTF_greenspawn,,,untriaged,,
qagame,nitmod_spawn.c,SP_team_WOLF_objective,,,untriaged,,
qagame,nitmod_spawn.c,SP_team_WOLF_checkpoint,,,untriaged,,
qagame,nitmod_spawn.c,trigger_heal_think,,,untriaged,,
qagame,nitmod_spawn.c,trigger_ammo_think,,,untriaged,,
qagame,nitmod_spawn.c,Touch_ObjectiveInfo,,,untriaged,,
qagame,nitmod_spawn.c,func_timer_think,,,untriaged,,
qagame,nitmod_spawn.c,trigger_always_think,,,untriaged,,
qagame,nitmod_spawn.c,Use_target_push,,,untriaged,,
qagame,nitmod_spawn.c,trigger_heal_setup,,,untriaged,,
qagame,nitmod_spawn.c,trigger_ammo_setup,,,untriaged,,
qagame,nitmod_spawn.c,Touch_flagonly,,,untriaged,,
qagame,nitmod_spawn.c,Touch_flagonly_multiple,,,untriaged,,
qagame,nitmod_spawn.c,Think_SetupObjectiveInfo,,,untriaged,,
qagame,nitmod_spawn.c,trigger_teleporter_touch,,,untriaged,,
qagame,nitmod_spawn.c,func_timer_use,,,untriaged,,
qagame,nitmod_spawn.c,Use_Multi,,,untriaged,,
qagame,nitmod_spawn.c,Touch_Multi,,,untriaged,,
qagame,nitmod_spawn.c,SP_trigger_multiple,,,untriaged,,
qagame,nitmod_spawn.c,SP_trigger_always,,,untriaged,,
qagame,nitmod_spawn.c,trigger_push_touch,,,untriaged,,
qagame,nitmod_spawn.c,trigger_push_use,,,untriaged,,
qagame,nitmod_spawn.c,SP_trigger_push,,,untriaged,,
qagame,nitmod_spawn.c,SP_target_push,,,untriaged,,
qagame,nitmod_spawn.c,SP_trigger_teleport,,,untriaged,,
qagame,nitmod_spawn.c,SP_trigger_hurt,,,untriaged,,
qagame,nitmod_spawn.c,SP_trigger_removeProtection,,,untriaged,,
qagame,nitmod_spawn.c,SP_misc_cabinet_health,,,untriaged,,
qagame,nitmod_spawn.c,SP_trigger_heal,,,untriaged,,
qagame,nitmod_spawn.c,SP_misc_cabinet_supply,,,untriaged,,
qagame,nitmod_spawn.c,SP_trigger_ammo,,,untriaged,,
qagame,nitmod_spawn.c,SP_func_timer,,,untriaged,,
qagame,nitmod_spawn.c,SP_trigger_once,,,untriaged,,
qagame,nitmod_spawn.c,trigger_aidoor_stayopen,,,untriaged,,
qagame,nitmod_spawn.c,SP_gas,,,untriaged,,
qagame,nitmod_spawn.c,SP_trigger_flagonly,,,untriaged,,
qagame,nitmod_spawn.c,SP_trigger_flagonly_multiple,,,untriaged,,
qagame,nitmod_spawn.c,SP_trigger_objective_info,,,untriaged,,
qagame,nitmod_spawn.c,SP_trigger_concussive_dust,,,untriaged,,
qagame,nitmod_sqlite.c,renameColumnElistNames,,,untriaged,,
qagame,nitmod_sqlite.c,renameColumnIdlistNames,,,untriaged,,
qagame,nitmod_sqlite.c,fkParentIsModified,,,untriaged,,
qagame,nitmod_sqlite.c,sqlite3DefaultRowEst,,,untriaged,,
qagame,nitmod_sqlite.c,sqlite3ExprAnalyzeAggregates,,,untriaged,,
qagame,nitmod_sqlite.c,setAllPagerFlags_part_190,,,untriaged,,
qagame,nitmod_sqlite.c,sqlite3JournalOpen,,,untriaged,,
qagame,nitmod_sqlite.c,sqlite3PcacheMakeClean,,,untriaged,,
qagame,nitmod_sqlite.c,renumberCursors,,,untriaged,,
qagame,nitmod_sqlite.c,estimateIndexWidth,,,untriaged,,
qagame,nitmod_sqlite.c,btreeSetHasContent_isra_310,,,untriaged,,
qagame,nitmod_sqlite.c,getSafetyLevel,,,untriaged,,
qagame,nitmod_sqlite.c,sqlite3VtabOverloadFunction,,,untriaged,,
qagame,nitmod_sqlite.c,sqlite3AllocateIndexObject,,,untriaged,,
qagame,nitmod_sqlite.c,sqlite3VdbeAppendP4_constprop_621,,,untriaged,,
qagame,nitmod_sqlite.c,functionDestroy_isra_234,,,untriaged,,
qagame,nitmod_sqlite.c,sqlite3VdbeAddOpList_isra_302,,,untriaged,,
qagame,nitmod_sqlite.c,windowReadPeerValues_isra_299,,,untriaged,,
qagame,nitmod_sqlite.c,exprTableRegister,,,untriaged,,
qagame,nitmod_sqlite.c,sqlite3VdbeAppendP4,,,untriaged,,
qagame,nitmod_sqlite.c,finalizeAggFunctions_isra_293,,,untriaged,,
qagame,nitmod_sqlite.c,windowAggFinal_isra_298,,,untriaged,,
qagame,nitmod_sqlite.c,sqlite3CompleteInsertion_isra_301,,,untriaged,,
qagame,nitmod_sqlite.c,returnSingleInt,,,untriaged,,
qagame,nitmod_sqlite.c,windowCheckValue,,,untriaged,,
qagame,nitmod_sqlite.c,pageFreeArray_isra_361,,,untriaged,,
qagame,nitmod_sqlite.c,pageInsertArray,,,untriaged,,
qagame,nitmod_sqlite.c,sqlite3RowidConstraint,,,untriaged,,
qagame,nitmod_sqlite.c,windowExprGtZero_isra_442,,,untriaged,,
qagame,nitmod_sqlite.c,substSelect,,,untriaged,,
qagame,nitmod_sqlite.c,windowCodeRangeTest,,,untriaged,,
qagame,nitmod_sqlite.c,windowIfNewPeer,,,untriaged,,
qagame,nitmod_sqlite.c,sqlite3OpenTableAndIndices_part_418,,,untriaged,,
qagame,nitmod_sqlite.c,fkLookupParent,,,untriaged,,
qagame,nitmod_sqlite.c,autoIncrementEnd,,,untriaged,,
qagame,nitmod_sqlite.c,resetAccumulator,,,untriaged,,
qagame,nitmod_sqlite.c,sqlite3FkOldmask_part_398,,,untriaged,,
qagame,nitmod_sqlite.c,exprRowColumn,,,untriaged,,
qagame,nitmod_sqlite.c,xferCompatibleIndex,,,untriaged,,
qagame,nitmod_sqlite.c,sqlite3AuthReadCol,,,untriaged,,
qagame,nitmod_sqlite.c,sqlite3ExprCodeCopy,,,untriaged,,
qagame,nitmod_sqlite.c,sqlite3ExprCodeFactorable,,,untriaged,,
qagame,nitmod_sqlite.c,sqlite3ComputeGeneratedColumns,,,untriaged,,
qagame,nitmod_sqlite.c,windowAggStep_isra_521,,,untriaged,,
qagame,nitmod_sqlite.c,windowReturnOneRow,,,untriaged,,
qagame,nitmod_sqlite.c,windowCodeOp,,,untriaged,,
qagame,nitmod_sqlite.c,sqlite3WindowCodeStep_isra_522,,,untriaged,,
qagame,nitmod_sqlite.c,updateAccumulator,,,untriaged,,
qagame,nitmod_sqlite.c,sqlite3GenerateRowIndexDelete,,,untriaged,,
qagame,nitmod_sqlite.c,updateFromSelect_isra_529,,,untriaged,,
qagame,nitmod_sqlite.c,fkScanChildren,,,untriaged,,
qagame,nitmod_sqlite.c,invalidateTempStorage,,,untriaged,,
qagame,nitmod_sqlite.c,sqlite3FkCheck,,,untriaged,,
qagame,nitmod_sqlite.c,sqlite3UpsertDoUpdate,,,untriaged,,
qagame,nitmod_sqlite.c,getRowTrigger,,,untriaged,,
qagame,nitmod_sqlite.c,sqlite3TriggerColmask,,,untriaged,,
qagame,nitmod_sqlite.c,sqlite3CodeRowTriggerDirect,,,untriaged,,
qagame,nitmod_sqlite.c,sqlite3FkActions_part_532,,,untriaged,,
qagame,nitmod_sqlite.c,sqlite3CodeRowTrigger,,,untriaged,,
qagame,nitmod_sqlite.c,sqlite3GenerateRowDelete,,,untriaged,,
qagame,nitmod_sqlite.c,sqlite3GenerateConstraintChecks,,,untriaged,,
qagame,nitmod_sqlite.c,sqlite3MemSize,,,untriaged,,
qagame,nitmod_sqlite.c,sqlite3MemRoundup,,,untriaged,,
qagame,nitmod_sqlite.c,sqlite3MemInit,,,untriaged,,
qagame,nitmod_sqlite.c,sqlite3MemShutdown,,,untriaged,,
qagame,nitmod_sqlite.c,sqlite3_release_memory,,,untriaged,,
qagame,nitmod_sqlite.c,sqlite3_msize,,,untriaged,,
qagame,nitmod_sqlite.c,sqlite3_str_errcode,,,untriaged,,
qagame,nitmod_sqlite.c,sqlite3_str_length,,,untriaged,,
qagame,nitmod_sqlite.c,sqlite3_str_value,,,untriaged,,
qagame,nitmod_sqlite.c,sqlite3Utf8Read,,,untriaged,,
qagame,nitmod_sqlite.c,sqlite3Dequote,,,untriaged,,
qagame,nitmod_sqlite.c,sqlite3_stricmp,,,untriaged,,
qagame,nitmod_sqlite.c,sqlite3_strnicmp,,,untriaged,,
qagame,nitmod_sqlite.c,sqlite3Atoi64,,,untriaged,,
qagame,nitmod_sqlite.c,sqlite3LogEst,,,untriaged,,
qagame,nitmod_sqlite.c,sqlite3VListNumToName,,,untriaged,,
qagame,nitmod_sqlite.c,sqlite3BitvecTestNotNull,,,untriaged,,
qagame,nitmod_sqlite.c,pcache1Pagecount,,,untriaged,,
qagame,nitmod_sqlite.c,pcache1Rekey,,,untriaged,,
qagame,nitmod_sqlite.c,pagerUnlockDb,,,untriaged,,
qagame,nitmod_sqlite.c,sqlite3PagerSetFlags,,,untriaged,,
qagame,nitmod_sqlite.c,sqlite3_database_file_object,,,untriaged,,
qagame,nitmod_sqlite.c,walChecksumBytes,,,untriaged,,
qagame,nitmod_sqlite.c,sqlite3_enable_shared_cache,,,untriaged,,
qagame,nitmod_sqlite.c,btreeGetPage,,,untriaged,,
qagame,nitmod_sqlite.c,sqlite3BtreeSetCacheSize,,,untriaged,,
qagame,nitmod_sqlite.c,sqlite3BtreeSecureDelete,,,untriaged,,
qagame,nitmod_sqlite.c,sqlite3_backup_remaining,,,untriaged,,
qagame,nitmod_sqlite.c,sqlite3_backup_pagecount,,,untriaged,,
qagame,nitmod_sqlite.c,sqlite3NoopDestructor,,,untriaged,,
qagame,nitmod_sqlite.c,sqlite3VdbeExplainPop,,,untriaged,,
qagame,nitmod_sqlite.c,sqlite3VdbeUsesBtree,,,untriaged,,
qagame,nitmod_sqlite.c,sqlite3VdbeFrameMemDel,,,untriaged,,
qagame,nitmod_sqlite.c,sqlite3_expired,,,untriaged,,
qagame,nitmod_sqlite.c,sqlite3_value_subtype,,,untriaged,,
qagame,nitmod_sqlite.c,sqlite3_value_type,,,untriaged,,
qagame,nitmod_sqlite.c,sqlite3_value_nochange,,,untriaged,,
qagame,nitmod_sqlite.c,sqlite3_value_frombind,,,untriaged,,
qagame,nitmod_sqlite.c,sqlite3_result_subtype,,,untriaged,,
qagame,nitmod_sqlite.c,sqlite3_user_data,,,untriaged,,
qagame,nitmod_sqlite.c,sqlite3_context_db_handle,,,untriaged,,
qagame,nitmod_sqlite.c,sqlite3_vtab_nochange,,,untriaged,,
qagame,nitmod_sqlite.c,sqlite3_get_auxdata,,,untriaged,,
qagame,nitmod_sqlite.c,sqlite3_aggregate_count,,,untriaged,,
qagame,nitmod_sqlite.c,sqlite3_column_count,,,untriaged,,
qagame,nitmod_sqlite.c,sqlite3_data_count,,,untriaged,,
qagame,nitmod_sqlite.c,sqlite3_bind_parameter_count,,,untriaged,,
qagame,nitmod_sqlite.c,sqlite3_db_handle,,,untriaged,,
qagame,nitmod_sqlite.c,sqlite3_stmt_readonly,,,untriaged,,
qagame,nitmod_sqlite.c,sqlite3_stmt_isexplain,,,untriaged,,
qagame,nitmod_sqlite.c,sqlite3_stmt_busy,,,untriaged,,
qagame,nitmod_sqlite.c,sqlite3_next_stmt,,,untriaged,,
qagame,nitmod_sqlite.c,sqlite3_sql,,,untriaged,,
qagame,nitmod_sqlite.c,sqlite3_blob_bytes,,,untriaged,,
qagame,nitmod_sqlite.c,vdbeSorterExtendFile,,,untriaged,,
qagame,nitmod_sqlite.c,sqlite3WalkerDepthIncrease,,,untriaged,,
qagame,nitmod_sqlite.c,sqlite3WalkerDepthDecrease,,,untriaged,,
qagame,nitmod_sqlite.c,sqlite3ExprWalkNoop,,,untriaged,,
qagame,nitmod_sqlite.c,sqlite3SelectWalkNoop,,,untriaged,,
qagame,nitmod_sqlite.c,sqlite3SelectWalkFail,,,untriaged,,
qagame,nitmod_sqlite.c,sqlite3ExprCanBeNull,,,untriaged,,
qagame,nitmod_sqlite.c,renameColumnExprCb,,,untriaged,,
qagame,nitmod_sqlite.c,sqlite3_set_authorizer,,,untriaged,,
qagame,nitmod_sqlite.c,sqlite3_cancel_auto_extension,,,untriaged,,
qagame,nitmod_sqlite.c,renumberCursorsCb,,,untriaged,,
qagame,nitmod_sqlite.c,sqlite3_vtab_on_conflict,,,untriaged,,
qagame,nitmod_sqlite.c,sqlite3_keyword_name,,,untriaged,,
qagame,nitmod_sqlite.c,sqlite3_keyword_count,,,untriaged,,
qagame,nitmod_sqlite.c,sqlite3_keyword_check,,,untriaged,,
qagame,nitmod_sqlite.c,sqlite3GetToken,,,untriaged,,
qagame,nitmod_sqlite.c,sqlite3_complete,,,untriaged,,
qagame,nitmod_sqlite.c,sqlite3_libversion,,,untriaged,,
qagame,nitmod_sqlite.c,sqlite3_libversion_number,,,untriaged,,
qagame,nitmod_sqlite.c,sqlite3_threadsafe,,,untriaged,,
qagame,nitmod_sqlite.c,sqlite3_db_mutex,,,untriaged,,
qagame,nitmod_sqlite.c,sqlite3_db_release_memory,,,untriaged,,
qagame,nitmod_sqlite.c,sqlite3_last_insert_rowid,,,untriaged,,
qagame,nitmod_sqlite.c,sqlite3_set_last_insert_rowid,,,untriaged,,
qagame,nitmod_sqlite.c,sqlite3_changes,,,untriaged,,
qagame,nitmod_sqlite.c,sqlite3_total_changes,,,untriaged,,
qagame,nitmod_sqlite.c,sqlite3_busy_handler,,,untriaged,,
qagame,nitmod_sqlite.c,sqlite3_progress_handler,,,untriaged,,
qagame,nitmod_sqlite.c,sqlite3_trace,,,untriaged,,
qagame,nitmod_sqlite.c,sqlite3_trace_v2,,,untriaged,,
qagame,nitmod_sqlite.c,sqlite3_profile,,,untriaged,,
qagame,nitmod_sqlite.c,sqlite3_commit_hook,,,untriaged,,
qagame,nitmod_sqlite.c,sqlite3_update_hook,,,untriaged,,
qagame,nitmod_sqlite.c,sqlite3_rollback_hook,,,untriaged,,
qagame,nitmod_sqlite.c,sqlite3_wal_autocheckpoint,,,untriaged,,
qagame,nitmod_sqlite.c,sqlite3_wal_hook,,,untriaged,,
qagame,nitmod_sqlite.c,sqlite3_system_errno,,,untriaged,,
qagame,nitmod_sqlite.c,sqlite3_limit,,,untriaged,,
qagame,nitmod_sqlite.c,sqlite3_collation_needed,,,untriaged,,
qagame,nitmod_sqlite.c,sqlite3_collation_needed16,,,untriaged,,
qagame,nitmod_sqlite.c,sqlite3_get_autocommit,,,untriaged,,
qagame,nitmod_sqlite.c,sqlite3_thread_cleanup,,,untriaged,,
qagame,nitmod_sqlite.c,sqlite3_extended_result_codes,,,untriaged,,
qagame,nitmod_sqlite.c,sqlite3_filename_database,,,untriaged,,
qagame,nitmod_sqlite.c,sqlite3_compileoption_get,,,untriaged,,
qagame,nitmod_sqlite.c,sqlite3_sourceid,,,untriaged,,
qagame,nitmod_sqlite.c,sqlite3_interrupt,,,untriaged,,
qagame,nitmod_sqlite.c,pcacheSortDirtyList,,,untriaged,,
qagame,nitmod_sqlite.c,pager_truncate,,,untriaged,,
qagame,nitmod_sqlite.c,pcache1Shutdown,,,untriaged,,
qagame,nitmod_sqlite.c,pcache1Init,,,untriaged,,
qagame,nitmod_sqlite.c,walMerge,,,untriaged,,
qagame,nitmod_sqlite.c,sqlite3BitvecClear,,,untriaged,,
qagame,nitmod_sqlite.c,sqlite3VdbeSerialGet,,,untriaged,,
qagame,nitmod_sqlite.c,sqlite3GetInt32,,,untriaged,,
qagame,nitmod_sqlite.c,sqlite3_uri_parameter,,,untriaged,,
qagame,nitmod_sqlite.c,sqlite3_uri_key,,,untriaged,,
qagame,nitmod_sqlite.c,sqlite3_filename_journal,,,untriaged,,
qagame,nitmod_sqlite.c,sqlite3BlobCompare,,,untriaged,,
qagame,nitmod_sqlite.c,sqlite3BtreeGetMeta,,,untriaged,,
qagame,nitmod_sqlite.c,sqlite3MemFree,,,untriaged,,
qagame,nitmod_sqlite.c,sqlite3OsSync_part_1,,,untriaged,,
qagame,nitmod_sqlite.c,sqlite3DbMallocSize,,,untriaged,,
qagame,nitmod_sqlite.c,sqlite3_free,,,untriaged,,
qagame,nitmod_sqlite.c,sqlite3_free_filename,,,untriaged,,
qagame,nitmod_sqlite.c,sqlite3AtoF_part_9,,,untriaged,,
qagame,nitmod_sqlite.c,sqlite3VdbeMemNumerify,,,untriaged,,
qagame,nitmod_sqlite.c,sqlite3PutVarint_part_10,,,untriaged,,
qagame,nitmod_sqlite.c,sqlite3GetVarint,,,untriaged,,
qagame,nitmod_sqlite.c,sqlite3GetVarint32,,,untriaged,,
qagame,nitmod_sqlite.c,sqlite3LogEstAdd,,,untriaged,,
qagame,nitmod_sqlite.c,pagerLockDb_part_42,,,untriaged,,
qagame,nitmod_sqlite.c,walUnlockExclusive_isra_83_part_84,,,untriaged,,
qagame,nitmod_sqlite.c,btreeParseCellAdjustSizeForOverflow_isra_104,,,untriaged,,
qagame,nitmod_sqlite.c,btreeParseCellPtr,,,untriaged,,
qagame,nitmod_sqlite.c,btreeParseCellPtrIndex,,,untriaged,,
qagame,nitmod_sqlite.c,sqlite3VdbeIntValue,,,untriaged,,
qagame,nitmod_sqlite.c,sqlite3VdbeRealValue,,,untriaged,,
qagame,nitmod_sqlite.c,sqlite3WalkSelect,,,untriaged,,
qagame,nitmod_sqlite.c,walkExpr,,,untriaged,,
qagame,nitmod_sqlite.c,sqlite3WalkExprList,,,untriaged,,
qagame,nitmod_sqlite.c,selectWindowRewriteEList,,,untriaged,,
qagame,nitmod_sqlite.c,walkWindowList,,,untriaged,,
qagame,nitmod_sqlite.c,sqlite3ExprIsConstant,,,untriaged,,
qagame,nitmod_sqlite.c,sqlite3ExprReferencesUpdatedColumn,,,untriaged,,
qagame,nitmod_sqlite.c,sqlite3IsRowid,,,untriaged,,
qagame,nitmod_sqlite.c,sqlite3ReleaseTempReg_part_165,,,untriaged,,
qagame,nitmod_sqlite.c,sqlite3GetTempRange,,,untriaged,,
qagame,nitmod_sqlite.c,sqlite3TableColumnToStorage,,,untriaged,,
qagame,nitmod_sqlite.c,sqlite3ColumnIndex_isra_192,,,untriaged,,
qagame,nitmod_sqlite.c,sqlite3SelectPrep_part_198,,,untriaged,,
qagame,nitmod_sqlite.c,sqlite3TriggerList_isra_199,,,untriaged,,
qagame,nitmod_sqlite.c,sqlite3WindowExtraAggFuncDepth,,,untriaged,,
qagame,nitmod_sqlite.c,sqlite3ErrStr,,,untriaged,,
qagame,nitmod_sqlite.c,sqliteDefaultBusyCallback,,,untriaged,,
qagame,nitmod_sqlite.c,sqlite3_busy_timeout,,,untriaged,,
qagame,nitmod_sqlite.c,sqlite3Malloc,,,untriaged,,
qagame,nitmod_sqlite.c,sqlite3Realloc,,,untriaged,,
qagame,nitmod_sqlite.c,pcache1Alloc,,,untriaged,,
qagame,nitmod_sqlite.c,sqlite3OomFault_part_242,,,untriaged,,
qagame,nitmod_sqlite.c,sqlite3VtabMakeWritable,,,untriaged,,
qagame,nitmod_sqlite.c,sqlite3_value_pointer,,,untriaged,,
qagame,nitmod_sqlite.c,sqlite3DecOrHexToI64,,,untriaged,,
qagame,nitmod_sqlite.c,sqliteErrorFromPosixError_constprop_549,,,untriaged,,
qagame,nitmod_sqlite.c,sqlite3SelectPrep_constprop_601,,,untriaged,,
qagame,nitmod_sqlite.c,sqlite3ExprAffinity,,,untriaged,,
qagame,nitmod_sqlite.c,sqlite3CompareAffinity,,,untriaged,,
qagame,nitmod_sqlite.c,sqlite3FindTable,,,untriaged,,
qagame,nitmod_sqlite.c,sqlite3FindTable_constprop_572,,,untriaged,,
qagame,nitmod_sqlite.c,sqlite3FkRequired_isra_187_constprop_564,,,untriaged,,
qagame,nitmod_sqlite.c,sqlite3IndexAffinityStr,,,untriaged,,
qagame,nitmod_sqlite.c,pagerFixMaplimit,,,untriaged,,
qagame,nitmod_sqlite.c,vdbePmaReadBlob_part_328,,,untriaged,,
qagame,nitmod_sqlite.c,sqlite3ExprAnalyzeAggList,,,untriaged,,
qagame,nitmod_sqlite.c,walIndexTryHdr,,,untriaged,,
qagame,nitmod_sqlite.c,walIndexWriteHdr,,,untriaged,,
qagame,nitmod_sqlite.c,btreeInvokeBusyHandler,,,untriaged,,
qagame,nitmod_sqlite.c,sqlite3SelectPrep,,,untriaged,,
qagame,nitmod_sqlite.c,sqlite3ReleaseTempRange_part_167,,,untriaged,,
qagame,nitmod_sqlite.c,sqlite3_errstr,,,untriaged,,
qagame,nitmod_sqlite.c,sqlite3_db_config,,,untriaged,,
qagame,nitmod_sqlite.c,sqlite3_bind_parameter_name,,,untriaged,,
qagame,nitmod_sqlite.c,renameColumnSelectCb,,,untriaged,,
qagame,nitmod_sqlite.c,sqlite3_value_double,,,untriaged,,
qagame,nitmod_sqlite.c,sqlite3PagerSync,,,untriaged,,
qagame,nitmod_sqlite.c,vdbeMergeEngineNew,,,untriaged,,
qagame,nitmod_sqlite.c,pcacheFetchFinishWithInit,,,untriaged,,
qagame,nitmod_sqlite.c,sqlite3PagerLookup_isra_266,,,untriaged,,
qagame,nitmod_sqlite.c,sqlite3BitvecSet,,,untriaged,,
qagame,nitmod_sqlite.c,walWriteToLog,,,untriaged,,
qagame,nitmod_sqlite.c,sqlite3ExprIdToTrueFalse,,,untriaged,,
qagame,nitmod_sqlite.c,vdbeSorterOpenTempFile,,,untriaged,,
qagame,nitmod_sqlite.c,sqlite3_bind_parameter_index,,,untriaged,,
qagame,nitmod_sqlite.c,pagerAddPageToRollbackJournal,,,untriaged,,
qagame,nitmod_sqlite.c,btreePageLookup,,,untriaged,,
qagame,nitmod_sqlite.c,walIndexPageRealloc,,,untriaged,,
qagame,nitmod_sqlite.c,walCleanupHash,,,untriaged,,
qagame,nitmod_sqlite.c,btreeParseCellPtrNoPayload,,,untriaged,,
qagame,nitmod_sqlite.c,sqlite3SrcListAssignCursors,,,untriaged,,
qagame,nitmod_sqlite.c,walRestartHdr,,,untriaged,,
qagame,nitmod_sqlite.c,sqlite3VdbeBooleanValue,,,untriaged,,
qagame,nitmod_sqlite.c,vdbeSorterSort_isra_278_part_279,,,untriaged,,
qagame,nitmod_sqlite.c,sqlite3PcacheMakeDirty,,,untriaged,,
qagame,nitmod_sqlite.c,sqlite3PcacheTruncate,,,untriaged,,
qagame,nitmod_sqlite.c,pager_reset,,,untriaged,,
qagame,nitmod_sqlite.c,sqlite3OomFault,,,untriaged,,
qagame,nitmod_sqlite.c,sqlite3BitvecDestroy,,,untriaged,,
qagame,nitmod_sqlite.c,sqlite3_value_numeric_type,,,untriaged,,
qagame,nitmod_sqlite.c,sqlite3PcacheDrop,,,untriaged,,
qagame,nitmod_sqlite.c,sqlite3_value_int,,,untriaged,,
qagame,nitmod_sqlite.c,sqlite3_value_int64,,,untriaged,,
qagame,nitmod_sqlite.c,sqlite3PcacheRelease,,,untriaged,,
qagame,nitmod_sqlite.c,sqlite3PagerUnrefNotNull,,,untriaged,,
qagame,nitmod_sqlite.c,sqlite3FindIndex,,,untriaged,,
qagame,nitmod_sqlite.c,sqlite3VdbeMemIntegerify,,,untriaged,,
qagame,nitmod_sqlite.c,sqlite3PcacheMove,,,untriaged,,
qagame,nitmod_sqlite.c,btreeReleaseAllCursorPages,,,untriaged,,
qagame,nitmod_sqlite.c,sqlite3_strglob,,,untriaged,,
qagame,nitmod_sqlite.c,sqlite3_strlike,,,untriaged,,
qagame,nitmod_sqlite.c,sqlite3ExprIsInteger,,,untriaged,,
qagame,nitmod_sqlite.c,sqlite3HashInsert_constprop_704,,,untriaged,,
qagame,nitmod_sqlite.c,sqlite3HashInsert,,,untriaged,,
qagame,nitmod_sqlite.c,sqlite3_uri_int64,,,untriaged,,
qagame,nitmod_sqlite.c,pcache1TruncateUnsafe,,,untriaged,,
qagame,nitmod_sqlite.c,pcache1Truncate,,,untriaged,,
qagame,nitmod_sqlite.c,sqlite3MallocZero_constprop_667,,,untriaged,,
qagame,nitmod_sqlite.c,sqlite3MallocZero,,,untriaged,,
qagame,nitmod_sqlite.c,pcache1ResizeHash_isra_263,,,untriaged,,
qagame,nitmod_sqlite.c,pager_end_transaction,,,untriaged,,
qagame,nitmod_sqlite.c,sqlite3ExprImpliesNonNullRow,,,untriaged,,
qagame,nitmod_sqlite.c,sqlite3FindDbName,,,untriaged,,
qagame,nitmod_sqlite.c,sqlite3_txn_state,,,untriaged,,
qagame,nitmod_sqlite.c,sqlite3_db_readonly,,,untriaged,,
qagame,nitmod_sqlite.c,sqlite3_db_filename,,,untriaged,,
qagame,nitmod_sqlite.c,pager_unlock,,,untriaged,,
qagame,nitmod_sqlite.c,sqlite3ExprSimplifiedAndOr_part_159,,,untriaged,,
qagame,nitmod_sqlite.c,sqlite3_filename_wal,,,untriaged,,
qagame,nitmod_sqlite.c,pagerOpenSavepoint,,,untriaged,,
qagame,nitmod_sqlite.c,walDecodeFrame,,,untriaged,,
qagame,nitmod_sqlite.c,sqlite3HashClear,,,untriaged,,
qagame,nitmod_sqlite.c,sqlite3IsShadowTableOf_part_345,,,untriaged,,
qagame,nitmod_sqlite.c,sqlite3_free_table,,,untriaged,,
qagame,nitmod_sqlite.c,sqlite3_uri_boolean,,,untriaged,,
qagame,nitmod_sqlite.c,sqlite3OsCloseFree,,,untriaged,,
qagame,nitmod_sqlite.c,sqlite3_compileoption_used,,,untriaged,,
qagame,nitmod_sqlite.c,sqlite3SchemaGet,,,untriaged,,
qagame,nitmod_sqlite.c,sqlite3SetJoinExpr,,,untriaged,,
qagame,nitmod_sqlite.c,sqlite3DbFree,,,untriaged,,
qagame,nitmod_sqlite.c,pcache1Free,,,untriaged,,
qagame,nitmod_sqlite.c,pcache1FetchStage2,,,untriaged,,
qagame,nitmod_sqlite.c,pcache1Fetch,,,untriaged,,
qagame,nitmod_sqlite.c,sqlite3PagerSetPagesize,,,untriaged,,
qagame,nitmod_sqlite.c,pcache1Unpin,,,untriaged,,
qagame,nitmod_sqlite.c,pcache1EnforceMaxPage,,,untriaged,,
qagame,nitmod_sqlite.c,pcache1Cachesize,,,untriaged,,
qagame,nitmod_sqlite.c,pcache1Shrink,,,untriaged,,
qagame,nitmod_sqlite.c,pcache1Create,,,untriaged,,
qagame,nitmod_sqlite.c,sqlite3DbMallocRawNN,,,untriaged,,
qagame,nitmod_sqlite.c,sqlite3NameFromToken,,,untriaged,,
qagame,nitmod_sqlite.c,sqlite3SrcListIndexedBy_isra_313,,,untriaged,,
qagame,nitmod_sqlite.c,sqlite3SrcListAppend_constprop_600,,,untriaged,,
qagame,nitmod_sqlite.c,sqlite3ParserAddCleanup_isra_245,,,untriaged,,
qagame,nitmod_sqlite.c,sqlite3ExprAlloc_constprop_675,,,untriaged,,
qagame,nitmod_sqlite.c,sqlite3DbStrNDup,,,untriaged,,
qagame,nitmod_sqlite.c,sqlite3ValueNew,,,untriaged,,
qagame,nitmod_sqlite.c,sqlite3KeyInfoAlloc,,,untriaged,,
qagame,nitmod_sqlite.c,sqlite3DbMallocZero,,,untriaged,,
qagame,nitmod_sqlite.c,sqlite3_set_auxdata,,,untriaged,,
qagame,nitmod_sqlite.c,sqlite3VdbeAllocUnpackedRecord,,,untriaged,,
qagame,nitmod_sqlite.c,vdbeSorterListToPMA,,,untriaged,,
qagame,nitmod_sqlite.c,sqlite3RowSetInsert,,,untriaged,,
qagame,nitmod_sqlite.c,sqlite3RenameTokenMap_part_260,,,untriaged,,
qagame,nitmod_sqlite.c,sqlite3Expr_constprop_618,,,untriaged,,
qagame,nitmod_sqlite.c,sqlite3ExprAlloc_constprop_676,,,untriaged,,
qagame,nitmod_sqlite.c,sqlite3DbStrDup,,,untriaged,,
qagame,nitmod_sqlite.c,sqlite3Expr_constprop_617,,,untriaged,,
qagame,nitmod_sqlite.c,sqlite3Expr,,,untriaged,,
qagame,nitmod_sqlite.c,sqlite3DbFreeNN,,,untriaged,,
qagame,nitmod_sqlite.c,sqlite3_str_reset,,,untriaged,,
qagame,nitmod_sqlite.c,sqlite3KeyInfoUnref,,,untriaged,,
qagame,nitmod_sqlite.c,sqlite3CloseSavepoints,,,untriaged,,
qagame,nitmod_sqlite.c,sqlite3DbRealloc,,,untriaged,,
qagame,nitmod_sqlite.c,sqlite3ChangeCookie_isra_296,,,untriaged,,
qagame,nitmod_sqlite.c,codeDistinct,,,untriaged,,
qagame,nitmod_sqlite.c,sqlite3VdbeAddOp3_constprop_629,,,untriaged,,
qagame,nitmod_sqlite.c,sqlite3VdbeAddOp3_constprop_630,,,untriaged,,
qagame,nitmod_sqlite.c,sqlite3GetVdbe_part_292,,,untriaged,,
qagame,nitmod_sqlite.c,sqlite3SetHasNullFlag,,,untriaged,,
qagame,nitmod_sqlite.c,sqlite3VdbeEndCoroutine,,,untriaged,,
qagame,nitmod_sqlite.c,sqlite3CollapseDatabaseArray,,,untriaged,,
qagame,nitmod_sqlite.c,sqlite3FindCollSeq_part_342,,,untriaged,,
qagame,nitmod_sqlite.c,sqlite3FindFunction,,,untriaged,,
qagame,nitmod_sqlite.c,sqlite3VdbeResolveLabel,,,untriaged,,
qagame,nitmod_sqlite.c,sqlite3VtabUnlock,,,untriaged,,
qagame,nitmod_sqlite.c,sqlite3TableLock,,,untriaged,,
qagame,nitmod_sqlite.c,vdbeMemClearExternAndSetNull,,,untriaged,,
qagame,nitmod_sqlite.c,vdbeMemClear,,,untriaged,,
qagame,nitmod_sqlite.c,sqlite3VdbeMemRelease,,,untriaged,,
qagame,nitmod_sqlite.c,sqlite3_result_zeroblob,,,untriaged,,
qagame,nitmod_sqlite.c,sqlite3_clear_bindings,,,untriaged,,
qagame,nitmod_sqlite.c,sqlite3_result_pointer,,,untriaged,,
qagame,nitmod_sqlite.c,sqlite3_value_free,,,untriaged,,
qagame,nitmod_sqlite.c,sqlite3ValueFree,,,untriaged,,
qagame,nitmod_sqlite.c,sqlite3_transfer_bindings,,,untriaged,,
qagame,nitmod_sqlite.c,sqlite3_result_zeroblob64,,,untriaged,,
qagame,nitmod_sqlite.c,sqlite3ErrorFinish,,,untriaged,,
qagame,nitmod_sqlite.c,sqlite3ApiExit,,,untriaged,,
qagame,nitmod_sqlite.c,vdbeReleaseAndSetInt64,,,untriaged,,
qagame,nitmod_sqlite.c,sqlite3_result_int,,,untriaged,,
qagame,nitmod_sqlite.c,sqlite3_result_int64,,,untriaged,,
qagame,nitmod_sqlite.c,sqlite3_result_null,,,untriaged,,
qagame,nitmod_sqlite.c,sqlite3_result_error_nomem,,,untriaged,,
qagame,nitmod_sqlite.c,vdbeClrCopy,,,untriaged,,
qagame,nitmod_sqlite.c,sqlite3VdbeMemShallowCopy,,,untriaged,,
qagame,nitmod_sqlite.c,sqlite3VdbeRecordUnpack_isra_317,,,untriaged,,
qagame,nitmod_sqlite.c,sqlite3ErrorFinish_constprop_642,,,untriaged,,
qagame,nitmod_sqlite.c,sqlite3ErrorFinish_constprop_643,,,untriaged,,
qagame,nitmod_sqlite.c,sqlite3_column_type,,,untriaged,,
qagame,nitmod_sqlite.c,sqlite3_column_value,,,untriaged,,
qagame,nitmod_sqlite.c,sqlite3_column_int,,,untriaged,,
qagame,nitmod_sqlite.c,sqlite3_column_int64,,,untriaged,,
qagame,nitmod_sqlite.c,sqlite3_column_double,,,untriaged,,
qagame,nitmod_sqlite.c,sqlite3ErrorFinish_constprop_644,,,untriaged,,
qagame,nitmod_sqlite.c,sqlite3_result_double,,,untriaged,,
qagame,nitmod_sqlite.c,sqlite3VtabUnlockList,,,untriaged,,
qagame,nitmod_sqlite.c,sqlite3VtabSavepoint,,,untriaged,,
qagame,nitmod_sqlite.c,sqlite3_str_finish,,,untriaged,,
qagame,nitmod_sqlite.c,sqlite3SrcListDup_constprop_682,,,untriaged,,
qagame,nitmod_sqlite.c,sqlite3SelectDup_constprop_681,,,untriaged,,
qagame,nitmod_sqlite.c,sqlite3SelectDup,,,untriaged,,
qagame,nitmod_sqlite.c,sqlite3ExprListDup,,,untriaged,,
qagame,nitmod_sqlite.c,sqlite3SrcListDup,,,untriaged,,
qagame,nitmod_sqlite.c,sqlite3ExprListDup_constprop_680,,,untriaged,,
qagame,nitmod_sqlite.c,sqlite3WindowDup,,,untriaged,,
qagame,nitmod_sqlite.c,sqlite3StrAccumEnlarge_part_286,,,untriaged,,
qagame,nitmod_sqlite.c,sqlite3_str_appendchar,,,untriaged,,
qagame,nitmod_sqlite.c,sqlite3_str_append,,,untriaged,,
qagame,nitmod_sqlite.c,sqlite3_str_append_constprop_674,,,untriaged,,
qagame,nitmod_sqlite.c,sqlite3_str_appendall,,,untriaged,,
qagame,nitmod_sqlite.c,sqlite3VdbeSetNumCols,,,untriaged,,
qagame,nitmod_sqlite.c,sqlite3WhereExprUsageNN,,,untriaged,,
qagame,nitmod_sqlite.c,sqlite3WhereExprListUsage,,,untriaged,,
qagame,nitmod_sqlite.c,sqlite3ExprListSetName,,,untriaged,,
qagame,nitmod_sqlite.c,sqlite3VdbeMemGrow,,,untriaged,,
qagame,nitmod_sqlite.c,sqlite3VdbeMemExpandBlob,,,untriaged,,
qagame,nitmod_sqlite.c,vdbeMemAddTerminator,,,untriaged,,
qagame,nitmod_sqlite.c,sqlite3_aggregate_context,,,untriaged,,
qagame,nitmod_sqlite.c,sqlite3VdbeMemMakeWriteable,,,untriaged,,
qagame,nitmod_sqlite.c,sqlite3VdbeMemTranslate,,,untriaged,,
qagame,nitmod_sqlite.c,sqlite3VdbeChangeEncoding,,,untriaged,,
qagame,nitmod_sqlite.c,sqlite3VdbeMemCopy,,,untriaged,,
qagame,nitmod_sqlite.c,sqlite3VdbeMemSetStr,,,untriaged,,
qagame,nitmod_sqlite.c,sqlite3VdbeMemSetStr_constprop_648,,,untriaged,,
qagame,nitmod_sqlite.c,sqlite3VdbeSetColName_part_433_constprop_599,,,untriaged,,
qagame,nitmod_sqlite.c,sqlite3VdbeTransferError,,,untriaged,,
qagame,nitmod_sqlite.c,sqlite3_result_error,,,untriaged,,
qagame,nitmod_sqlite.c,sqlite3_result_error_code,,,untriaged,,
qagame,nitmod_sqlite.c,sqlite3_result_text,,,untriaged,,
qagame,nitmod_sqlite.c,sqlite3_result_text16le,,,untriaged,,
qagame,nitmod_sqlite.c,sqlite3_result_text16be,,,untriaged,,
qagame,nitmod_sqlite.c,sqlite3_result_blob,,,untriaged,,
qagame,nitmod_sqlite.c,sqlite3_result_blob64,,,untriaged,,
qagame,nitmod_sqlite.c,sqlite3_result_text64,,,untriaged,,
qagame,nitmod_sqlite.c,sqlite3VdbeMakeReady,,,untriaged,,
qagame,nitmod_sqlite.c,sqlite3_result_value,,,untriaged,,
qagame,nitmod_sqlite.c,sqlite3_result_error16,,,untriaged,,
qagame,nitmod_sqlite.c,sqlite3VtabImportErrmsg_isra_348,,,untriaged,,
qagame,nitmod_sqlite.c,vdbePmaReadVarint,,,untriaged,,
qagame,nitmod_sqlite.c,sqlite3ExprAlloc,,,untriaged,,
qagame,nitmod_sqlite.c,sqlite3ExprAddCollateToken,,,untriaged,,
qagame,nitmod_sqlite.c,sqlite3ExprAddCollateString,,,untriaged,,
qagame,nitmod_sqlite.c,sqlite3BtreeSetPageSize,,,untriaged,,
qagame,nitmod_sqlite.c,sqlite3_file_control,,,untriaged,,
qagame,nitmod_sqlite.c,sqlite3_result_error_toobig,,,untriaged,,
qagame,nitmod_sqlite.c,sqlite3RowSetDelete,,,untriaged,,
qagame,nitmod_sqlite.c,vdbeMergeEngineFree,,,untriaged,,
qagame,nitmod_sqlite.c,sqlite3VdbeSorterReset,,,untriaged,,
qagame,nitmod_sqlite.c,vdbePmaReaderNext,,,untriaged,,
qagame,nitmod_sqlite.c,vdbeMergeEngineStep,,,untriaged,,
qagame,nitmod_sqlite.c,vdbeMergeEngineLevel0,,,untriaged,,
qagame,nitmod_sqlite.c,vdbeMergeEngineInit_isra_331,,,untriaged,,
qagame,nitmod_sqlite.c,pcache1Destroy,,,untriaged,,
qagame,nitmod_sqlite.c,sqlite3ExprDeleteNN_constprop_686,,,untriaged,,
qagame,nitmod_sqlite.c,sqlite3SrcListDelete_constprop_693,,,untriaged,,
qagame,nitmod_sqlite.c,sqlite3SchemaClear,,,untriaged,,
qagame,nitmod_sqlite.c,sqlite3ResetAllSchemasOfConnection,,,untriaged,,
qagame,nitmod_sqlite.c,sqlite3_result_text16,,,untriaged,,
qagame,nitmod_sqlite.c,pagerOpenWal,,,untriaged,,
qagame,nitmod_sqlite.c,sqlite3PagerOpenWal,,,untriaged,,
qagame,nitmod_sqlite.c,sqlite3SrcListDelete,,,untriaged,,
qagame,nitmod_sqlite.c,sqlite3ExprDeleteNN,,,untriaged,,
qagame,nitmod_sqlite.c,sqlite3ExprListDelete,,,untriaged,,
qagame,nitmod_sqlite.c,sqlite3ParserReset,,,untriaged,,
qagame,nitmod_sqlite.c,sqlite3DeleteReturning,,,untriaged,,
qagame,nitmod_sqlite.c,sqlite3WindowAssemble_isra_314,,,untriaged,,
qagame,nitmod_sqlite.c,sqlite3WindowDelete,,,untriaged,,
qagame,nitmod_sqlite.c,sqlite3FreeIndex,,,untriaged,,
qagame,nitmod_sqlite.c,sqlite3DeleteColumnNames_isra_253,,,untriaged,,
qagame,nitmod_sqlite.c,sqlite3WhereClauseClear,,,untriaged,,
qagame,nitmod_sqlite.c,sqlite3WhereEnd,,,untriaged,,
qagame,nitmod_sqlite.c,sqlite3UpsertNew,,,untriaged,,
qagame,nitmod_sqlite.c,sqlite3ExprListAppend_isra_303,,,untriaged,,
qagame,nitmod_sqlite.c,sqlite3AddCheckConstraint,,,untriaged,,
qagame,nitmod_sqlite.c,sqlite3WhereSplit,,,untriaged,,
qagame,nitmod_sqlite.c,sqlite3ExprListAppend_isra_303_constprop_685,,,untriaged,,
qagame,nitmod_sqlite.c,sqlite3UpsertDup,,,untriaged,,
qagame,nitmod_sqlite.c,sqlite3SelectNew,,,untriaged,,
qagame,nitmod_sqlite.c,sqlite3WithDelete,,,untriaged,,
qagame,nitmod_sqlite.c,sqlite3DeleteTable,,,untriaged,,
qagame,nitmod_sqlite.c,sqlite3_drop_modules,,,untriaged,,
qagame,nitmod_sqlite.c,sqlite3_create_module,,,untriaged,,
qagame,nitmod_sqlite.c,sqlite3_create_module_v2,,,untriaged,,
qagame,nitmod_sqlite.c,sqlite3DeleteTriggerStep,,,untriaged,,
qagame,nitmod_sqlite.c,sqlite3DeleteTrigger_part_252,,,untriaged,,
qagame,nitmod_sqlite.c,sqlite3IdListDelete,,,untriaged,,
qagame,nitmod_sqlite.c,sqlite3IdListAppend,,,untriaged,,
qagame,nitmod_sqlite.c,sqlite3VdbeChangeToNoop_isra_284,,,untriaged,,
qagame,nitmod_sqlite.c,sqlite3VdbeClearObject,,,untriaged,,
qagame,nitmod_sqlite.c,sqlite3_db_status,,,untriaged,,
qagame,nitmod_sqlite.c,sqlite3VdbeDelete,,,untriaged,,
qagame,nitmod_sqlite.c,sqlite3_stmt_status,,,untriaged,,
qagame,nitmod_sqlite.c,sqlite3VdbeChangeP4,,,untriaged,,
qagame,nitmod_sqlite.c,vdbeChangeP4Full,,,untriaged,,
qagame,nitmod_sqlite.c,sqlite3VdbeLoadString,,,untriaged,,
qagame,nitmod_sqlite.c,sqlite3VdbeMultiLoad,,,untriaged,,
qagame,nitmod_sqlite.c,sqlite3VdbeAddFunctionCall_isra_337,,,untriaged,,
qagame,nitmod_sqlite.c,sqlite3TableAffinity,,,untriaged,,
qagame,nitmod_sqlite.c,sqlite3VdbeAddParseSchemaOp,,,untriaged,,
qagame,nitmod_sqlite.c,sqlite3PagerBegin,,,untriaged,,
qagame,nitmod_sqlite.c,sqlite3_str_vappendf,,,untriaged,,
qagame,nitmod_sqlite.c,sqlite3_str_appendf,,,untriaged,,
qagame,nitmod_sqlite.c,sqlite3WhereExplainOneScan,,,untriaged,,
qagame,nitmod_sqlite.c,sqlite3UniqueConstraint,,,untriaged,,
qagame,nitmod_sqlite.c,sqlite3VdbeExpandSql,,,untriaged,,
qagame,nitmod_sqlite.c,sqlite3_expanded_sql,,,untriaged,,
qagame,nitmod_sqlite.c,sqlite3VdbeMemStringify,,,untriaged,,
qagame,nitmod_sqlite.c,sqlite3_column_bytes16,,,untriaged,,
qagame,nitmod_sqlite.c,sqlite3ValueBytes_constprop_639,,,untriaged,,
qagame,nitmod_sqlite.c,sqlite3_value_bytes16,,,untriaged,,
qagame,nitmod_sqlite.c,sqlite3_value_bytes,,,untriaged,,
qagame,nitmod_sqlite.c,sqlite3_column_bytes,,,untriaged,,
qagame,nitmod_sqlite.c,sqlite3ValueText_constprop_669,,,untriaged,,
qagame,nitmod_sqlite.c,sqlite3_value_blob,,,untriaged,,
qagame,nitmod_sqlite.c,sqlite3_column_name,,,untriaged,,
qagame,nitmod_sqlite.c,sqlite3_column_decltype,,,untriaged,,
qagame,nitmod_sqlite.c,sqlite3_column_blob,,,untriaged,,
qagame,nitmod_sqlite.c,sqlite3_value_text16,,,untriaged,,
qagame,nitmod_sqlite.c,sqlite3_value_text16be,,,untriaged,,
qagame,nitmod_sqlite.c,sqlite3_value_text16le,,,untriaged,,
qagame,nitmod_sqlite.c,sqlite3_column_text16,,,untriaged,,
qagame,nitmod_sqlite.c,vdbeCompareMemString,,,untriaged,,
qagame,nitmod_sqlite.c,sqlite3MemCompare,,,untriaged,,
qagame,nitmod_sqlite.c,sqlite3_column_decltype16,,,untriaged,,
qagame,nitmod_sqlite.c,sqlite3_column_name16,,,untriaged,,
qagame,nitmod_sqlite.c,sqlite3_value_text,,,untriaged,,
qagame,nitmod_sqlite.c,sqlite3_column_text,,,untriaged,,
qagame,nitmod_sqlite.c,sqlite3VdbeMemCast,,,untriaged,,
qagame,nitmod_sqlite.c,sqlite3_snprintf,,,untriaged,,
qagame,nitmod_sqlite.c,sqlite3_log,,,untriaged,,
qagame,nitmod_sqlite.c,btreeGetUnusedPage,,,untriaged,,
qagame,nitmod_sqlite.c,btreeComputeFreeSpace,,,untriaged,,
qagame,nitmod_sqlite.c,walLimitSize_isra_362,,,untriaged,,
qagame,nitmod_sqlite.c,sqlite3_vtab_config,,,untriaged,,
qagame,nitmod_sqlite.c,sqlite3VdbeRecordCompareWithSkip,,,untriaged,,
qagame,nitmod_sqlite.c,sqlite3VdbeRecordCompare,,,untriaged,,
qagame,nitmod_sqlite.c,vdbeRecordCompareInt,,,untriaged,,
qagame,nitmod_sqlite.c,vdbeSorterCompare,,,untriaged,,
qagame,nitmod_sqlite.c,vdbeSorterCompareInt,,,untriaged,,
qagame,nitmod_sqlite.c,vdbeSorterCompareText,,,untriaged,,
qagame,nitmod_sqlite.c,vdbeRecordCompareString,,,untriaged,,
qagame,nitmod_sqlite.c,btreeCellSizeCheck,,,untriaged,,
qagame,nitmod_sqlite.c,sqlite3WalFindFrame,,,untriaged,,
qagame,nitmod_sqlite.c,walIndexAppend,,,untriaged,,
qagame,nitmod_sqlite.c,sqlite3MemRealloc,,,untriaged,,
qagame,nitmod_sqlite.c,sqlite3MemMalloc,,,untriaged,,
qagame,nitmod_sqlite.c,sqlite3BtreeTripAllCursors,,,untriaged,,
qagame,nitmod_sqlite.c,sqlite3_memory_used,,,untriaged,,
qagame,nitmod_sqlite.c,sqlite3_memory_highwater,,,untriaged,,
qagame,nitmod_sqlite.c,sqlite3_status64,,,untriaged,,
qagame,nitmod_sqlite.c,vdbeUnbind,,,untriaged,,
qagame,nitmod_sqlite.c,sqlite3_status,,,untriaged,,
qagame,nitmod_sqlite.c,sqlite3VdbeMemFromBtreeZeroOffset,,,untriaged,,
qagame,nitmod_sqlite.c,btreeInitPage,,,untriaged,,
qagame,nitmod_sqlite.c,sqlite3_errmsg,,,untriaged,,
qagame,nitmod_sqlite.c,sqlite3_errcode,,,untriaged,,
qagame,nitmod_sqlite.c,sqlite3_extended_errcode,,,untriaged,,
qagame,nitmod_sqlite.c,sqlite3BtreeLast,,,untriaged,,
qagame,nitmod_sqlite.c,sqlite3BtreeNext,,,untriaged,,
qagame,nitmod_sqlite.c,sqlite3BtreeMovetoUnpacked,,,untriaged,,
qagame,nitmod_sqlite.c,btreeMoveto,,,untriaged,,
qagame,nitmod_sqlite.c,btreeRestoreCursorPosition,,,untriaged,,
qagame,nitmod_sqlite.c,btreePrevious,,,untriaged,,
qagame,nitmod_sqlite.c,sqlite3BtreePrevious,,,untriaged,,
qagame,nitmod_sqlite.c,sqlite3VdbeFinishMoveto,,,untriaged,,
qagame,nitmod_sqlite.c,btreeNext,,,untriaged,,
qagame,nitmod_sqlite.c,sqlite3_bind_null,,,untriaged,,
qagame,nitmod_sqlite.c,sqlite3_bind_double,,,untriaged,,
qagame,nitmod_sqlite.c,sqlite3_bind_int,,,untriaged,,
qagame,nitmod_sqlite.c,sqlite3_bind_int64,,,untriaged,,
qagame,nitmod_sqlite.c,sqlite3_bind_zeroblob,,,untriaged,,
qagame,nitmod_sqlite.c,sqlite3_bind_pointer,,,untriaged,,
qagame,nitmod_sqlite.c,sqlite3_bind_text16,,,untriaged,,
qagame,nitmod_sqlite.c,sqlite3_bind_value,,,untriaged,,
qagame,nitmod_sqlite.c,sqlite3_bind_blob,,,untriaged,,
qagame,nitmod_sqlite.c,sqlite3_bind_text,,,untriaged,,
qagame,nitmod_sqlite.c,sqlite3_bind_blob64,,,untriaged,,
qagame,nitmod_sqlite.c,sqlite3_bind_text64,,,untriaged,,
qagame,nitmod_sqlite.c,sqlite3_bind_zeroblob64,,,untriaged,,
qagame,nitmod_sqlite.c,sqlite3_vsnprintf,,,untriaged,,
qagame,nitmod_sqlite.c,sqlite3MPrintf,,,untriaged,,
qagame,nitmod_sqlite.c,sqlite3VdbeError,,,untriaged,,
qagame,nitmod_sqlite.c,sqlite3VdbeCheckFk,,,untriaged,,
qagame,nitmod_sqlite.c,sqlite3ErrorMsg,,,untriaged,,
qagame,nitmod_sqlite.c,sqlite3ExprFunctionUsable_isra_381,,,untriaged,,
qagame,nitmod_sqlite.c,sqlite3AuthCheck,,,untriaged,,
qagame,nitmod_sqlite.c,sqlite3Savepoint,,,untriaged,,
qagame,nitmod_sqlite.c,sqlite3TwoPartName,,,untriaged,,
qagame,nitmod_sqlite.c,sqlite3ResolveOrderGroupBy_isra_385,,,untriaged,,
qagame,nitmod_sqlite.c,sqlite3ResolveExprNames,,,untriaged,,
qagame,nitmod_sqlite.c,sqlite3ResolveExprListNames,,,untriaged,,
qagame,nitmod_sqlite.c,sqlite3PExpr,,,untriaged,,
qagame,nitmod_sqlite.c,sqlite3ExprAnd,,,untriaged,,
qagame,nitmod_sqlite.c,addWhereTerm,,,untriaged,,
qagame,nitmod_sqlite.c,sqlite3AddColumn,,,untriaged,,
qagame,nitmod_sqlite.c,sqlite3AddDefaultValue,,,untriaged,,
qagame,nitmod_sqlite.c,sqlite3AddGenerated,,,untriaged,,
qagame,nitmod_sqlite.c,sqlite3HasExplicitNulls,,,untriaged,,
qagame,nitmod_sqlite.c,sqlite3CreateForeignKey,,,untriaged,,
qagame,nitmod_sqlite.c,sqlite3SrcListEnlarge,,,untriaged,,
qagame,nitmod_sqlite.c,sqlite3TriggerStepSrc,,,untriaged,,
qagame,nitmod_sqlite.c,whereLoopAddVirtualOne,,,untriaged,,
qagame,nitmod_sqlite.c,sqlite3JoinType,,,untriaged,,
qagame,nitmod_sqlite.c,sqlite3TriggersExist,,,untriaged,,
qagame,nitmod_sqlite.c,sqlite3IsReadOnly,,,untriaged,,
qagame,nitmod_sqlite.c,sqlite3FkLocateIndex,,,untriaged,,
qagame,nitmod_sqlite.c,sqlite3ExprListCheckLength,,,untriaged,,
qagame,nitmod_sqlite.c,sqlite3AddReturning,,,untriaged,,
qagame,nitmod_sqlite.c,sqlite3WindowAttach,,,untriaged,,
qagame,nitmod_sqlite.c,sqlite3WithAdd,,,untriaged,,
qagame,nitmod_sqlite.c,sqlite3WindowAlloc,,,untriaged,,
qagame,nitmod_sqlite.c,sqlite3GetCollSeq,,,untriaged,,
qagame,nitmod_sqlite.c,sqlite3LocateCollSeq,,,untriaged,,
qagame,nitmod_sqlite.c,sqlite3AddCollateType,,,untriaged,,
qagame,nitmod_sqlite.c,sqlite3ExprCollSeq,,,untriaged,,
qagame,nitmod_sqlite.c,sqlite3BinaryCompareCollSeq,,,untriaged,,
qagame,nitmod_sqlite.c,sqlite3SelectAddColumnTypeAndCollation,,,untriaged,,
qagame,nitmod_sqlite.c,substSelect_constprop_606,,,untriaged,,
qagame,nitmod_sqlite.c,sqlite3KeyInfoFromExprList,,,untriaged,,
qagame,nitmod_sqlite.c,sqlite3ExprCompareCollSeq,,,untriaged,,
qagame,nitmod_sqlite.c,sqlite3_vtab_collation,,,untriaged,,
qagame,nitmod_sqlite.c,sqlite3KeyInfoOfIndex,,,untriaged,,
qagame,nitmod_sqlite.c,sqlite3VdbeSetP4KeyInfo,,,untriaged,,
qagame,nitmod_sqlite.c,sqlite3OpenTable,,,untriaged,,
qagame,nitmod_sqlite.c,sqlite3OpenTable_constprop_616,,,untriaged,,
qagame,nitmod_sqlite.c,analyzeOneTable,,,untriaged,,
qagame,nitmod_sqlite.c,sqlite3CheckObjectName,,,untriaged,,
qagame,nitmod_sqlite.c,sqlite3ExprAssignVarNumber,,,untriaged,,
qagame,nitmod_sqlite.c,sqlite3SrcListAppendFromTerm_constprop_563,,,untriaged,,
qagame,nitmod_sqlite.c,sqlite3FkLocateIndex_constprop_576,,,untriaged,,
qagame,nitmod_sqlite.c,sqlite3PExpr_constprop_632,,,untriaged,,
qagame,nitmod_sqlite.c,sqlite3ExprListAppendVector,,,untriaged,,
qagame,nitmod_sqlite.c,sqlite3PExpr_constprop_633,,,untriaged,,
qagame,nitmod_sqlite.c,sqlite3ExprCheckIN,,,untriaged,,
qagame,nitmod_sqlite.c,sqlite3PExprAddSelect,,,untriaged,,
qagame,nitmod_sqlite.c,sqlite3ExprFunction,,,untriaged,,
qagame,nitmod_sqlite.c,sqlite3ResolveSelfReference_constprop_566,,,untriaged,,
qagame,nitmod_sqlite.c,sqlite3ErrorWithMsg,,,untriaged,,
qagame,nitmod_sqlite.c,sqlite3CreateFunc,,,untriaged,,
qagame,nitmod_sqlite.c,sqlite3_create_window_function,,,untriaged,,
qagame,nitmod_sqlite.c,sqlite3_create_function16,,,untriaged,,
qagame,nitmod_sqlite.c,sqlite3_create_function_v2,,,untriaged,,
qagame,nitmod_sqlite.c,sqlite3_errmsg16,,,untriaged,,
qagame,nitmod_sqlite.c,createCollation,,,untriaged,,
qagame,nitmod_sqlite.c,sqlite3_create_collation16,,,untriaged,,
qagame,nitmod_sqlite.c,sqlite3_create_collation,,,untriaged,,
qagame,nitmod_sqlite.c,sqlite3_create_collation_v2,,,untriaged,,
qagame,nitmod_sqlite.c,sqlite3_create_function,,,untriaged,,
qagame,nitmod_sqlite.c,sqlite3VdbeExplain,,,untriaged,,
qagame,nitmod_sqlite.c,sqlite3ExprCompare_part_446,,,untriaged,,
qagame,nitmod_sqlite.c,sqlite3ExprCompare,,,untriaged,,
qagame,nitmod_sqlite.c,exprImpliesNotNull,,,untriaged,,
qagame,nitmod_sqlite.c,sqlite3ExprImpliesExpr,,,untriaged,,
qagame,nitmod_sqlite.c,sqlite3ExprCompare_constprop_622,,,untriaged,,
qagame,nitmod_sqlite.c,sqlite3ExprListCompare,,,untriaged,,
qagame,nitmod_sqlite.c,sqlite3WindowCompare_part_448,,,untriaged,,
qagame,nitmod_sqlite.c,sqlite3_memory_alarm,,,untriaged,,
qagame,nitmod_sqlite.c,sqlite3_os_end,,,untriaged,,
qagame,nitmod_sqlite.c,sqlite3_enable_load_extension,,,untriaged,,
qagame,nitmod_sqlite.c,sqlite3_config,,,untriaged,,
qagame,nitmod_sqlite.c,sqlite3_initialize_part_471,,,untriaged,,
qagame,nitmod_sqlite.c,sqlite3_initialize,,,untriaged,,
qagame,nitmod_sqlite.c,sqlite3_vfs_find,,,untriaged,,
qagame,nitmod_sqlite.c,sqlite3_vfs_register,,,untriaged,,
qagame,nitmod_sqlite.c,sqlite3_vfs_unregister,,,untriaged,,
qagame,nitmod_sqlite.c,sqlite3_soft_heap_limit64,,,untriaged,,
qagame,nitmod_sqlite.c,sqlite3_hard_heap_limit64,,,untriaged,,
qagame,nitmod_sqlite.c,sqlite3_malloc,,,untriaged,,
qagame,nitmod_sqlite.c,sqlite3_malloc64,,,untriaged,,
qagame,nitmod_sqlite.c,walIndexReadHdr,,,untriaged,,
qagame,nitmod_sqlite.c,sqlite3_realloc,,,untriaged,,
qagame,nitmod_sqlite.c,sqlite3_realloc64,,,untriaged,,
qagame,nitmod_sqlite.c,sqlite3_vmprintf,,,untriaged,,
qagame,nitmod_sqlite.c,sqlite3_reset_auto_extension,,,untriaged,,
qagame,nitmod_sqlite.c,sqlite3_complete16,,,untriaged,,
qagame,nitmod_sqlite.c,sqlite3_randomness_part_477,,,untriaged,,
qagame,nitmod_sqlite.c,sqlite3_randomness,,,untriaged,,
qagame,nitmod_sqlite.c,sqlite3WalCheckpoint,,,untriaged,,
qagame,nitmod_sqlite.c,sqlite3WalClose,,,untriaged,,
qagame,nitmod_sqlite.c,sqlite3Checkpoint,,,untriaged,,
qagame,nitmod_sqlite.c,sqlite3WalDefaultHook,,,untriaged,,
qagame,nitmod_sqlite.c,sqlite3_wal_checkpoint_v2,,,untriaged,,
qagame,nitmod_sqlite.c,sqlite3_wal_checkpoint,,,untriaged,,
qagame,nitmod_sqlite.c,sqlite3_sleep,,,untriaged,,
qagame,nitmod_sqlite.c,sqlite3_shutdown,,,untriaged,,
qagame,nitmod_sqlite.c,sqlite3_mprintf,,,untriaged,,
qagame,nitmod_sqlite.c,sqlite3LoadExtension,,,untriaged,,
qagame,nitmod_sqlite.c,sqlite3_load_extension,,,untriaged,,
qagame,nitmod_sqlite.c,sqlite3NotPureFunc,,,untriaged,,
qagame,nitmod_sqlite.c,sqlite3_overload_function,,,untriaged,,
qagame,nitmod_sqlite.c,sqlite3InvalidFunction,,,untriaged,,
qagame,nitmod_sqlite.c,sqlite3_auto_extension,,,untriaged,,
qagame,nitmod_sqlite.c,sqlite3_value_dup,,,untriaged,,
qagame,nitmod_sqlite.c,sqlite3_str_new,,,untriaged,,
qagame,nitmod_sqlite.c,sqlite3ColumnsFromExprList_isra_516,,,untriaged,,
qagame,nitmod_sqlite.c,sqlite3ResultSetOfSelect,,,untriaged,,
qagame,nitmod_sqlite.c,sqlite3ViewGetColumnNames,,,untriaged,,
qagame,nitmod_sqlite.c,sqlite3_get_table_cb,,,untriaged,,
qagame,nitmod_sqlite.c,sqlite3_soft_heap_limit,,,untriaged,,
qagame,nitmod_sqlite.c,sqlite3_os_init,,,untriaged,,
qagame,nitmod_sqlite.c,pagerWriteLargeSector_isra_478,,,untriaged,,
qagame,nitmod_sqlite.c,sqlite3PagerWrite,,,untriaged,,
qagame,nitmod_sqlite.c,pager_write_pagelist,,,untriaged,,
qagame,nitmod_sqlite.c,pager_playback,,,untriaged,,
qagame,nitmod_sqlite.c,sqlite3PagerSharedLock,,,untriaged,,
qagame,nitmod_sqlite.c,sqlite3PagerSetJournalMode,,,untriaged,,
qagame,nitmod_sqlite.c,pagerPlaybackSavepoint,,,untriaged,,
qagame,nitmod_sqlite.c,sqlite3PagerRollback,,,untriaged,,
qagame,nitmod_sqlite.c,pagerUnlockAndRollback,,,untriaged,,
qagame,nitmod_sqlite.c,sqlite3BtreeCommitPhaseTwo_part_485,,,untriaged,,
qagame,nitmod_sqlite.c,sqlite3PagerUnrefPageOne,,,untriaged,,
qagame,nitmod_sqlite.c,sqlite3PagerClose,,,untriaged,,
qagame,nitmod_sqlite.c,sqlite3BtreeOpen,,,untriaged,,
qagame,nitmod_sqlite.c,sqlite3OpenTempDatabase,,,untriaged,,
qagame,nitmod_sqlite.c,sqlite3CodeVerifySchemaAtToplevel,,,untriaged,,
qagame,nitmod_sqlite.c,sqlite3BeginWriteOperation_constprop_568,,,untriaged,,
qagame,nitmod_sqlite.c,sqlite3BeginWriteOperation,,,untriaged,,
qagame,nitmod_sqlite.c,sqlite3CodeVerifyNamedSchema,,,untriaged,,
qagame,nitmod_sqlite.c,sqlite3FindInIndex,,,untriaged,,
qagame,nitmod_sqlite.c,sqlite3Select,,,untriaged,,
qagame,nitmod_sqlite.c,sqlite3CodeSubselect,,,untriaged,,
qagame,nitmod_sqlite.c,sqlite3ExprIfTrue,,,untriaged,,
qagame,nitmod_sqlite.c,sqlite3ExprIfFalse,,,untriaged,,
qagame,nitmod_sqlite.c,sqlite3ExprCodeTarget,,,untriaged,,
qagame,nitmod_sqlite.c,sqlite3ExprCode,,,untriaged,,
qagame,nitmod_sqlite.c,sqlite3FinishCoding,,,untriaged,,
qagame,nitmod_sqlite.c,sqlite3ExprCodeRunJustOnce,,,untriaged,,
qagame,nitmod_sqlite.c,sqlite3Vacuum,,,untriaged,,
qagame,nitmod_sqlite.c,codeAttach,,,untriaged,,
qagame,nitmod_sqlite.c,sqlite3ExprCodeGeneratedColumn,,,untriaged,,
qagame,nitmod_sqlite.c,sqlite3ExprCodeGetColumnOfTable,,,untriaged,,
qagame,nitmod_sqlite.c,sqlite3ExprCodeTemp,,,untriaged,,
qagame,nitmod_sqlite.c,sqlite3ExprCodeIN,,,untriaged,,
qagame,nitmod_sqlite.c,sqlite3ExprCodeExprList,,,untriaged,,
qagame,nitmod_sqlite.c,pushOntoSorter,,,untriaged,,
qagame,nitmod_sqlite.c,selectInnerLoop,,,untriaged,,
qagame,nitmod_sqlite.c,selectInnerLoop_constprop_593,,,untriaged,,
qagame,nitmod_sqlite.c,sqlite3RefillIndex,,,untriaged,,
qagame,nitmod_sqlite.c,sqlite3_backup_init,,,untriaged,,
qagame,nitmod_sqlite.c,sqlite3BtreeRollback,,,untriaged,,
qagame,nitmod_sqlite.c,sqlite3BtreeClose,,,untriaged,,
qagame,nitmod_sqlite.c,sqlite3RollbackAll,,,untriaged,,
qagame,nitmod_sqlite.c,sqlite3LeaveMutexAndCloseZombie,,,untriaged,,
qagame,nitmod_sqlite.c,sqlite3_backup_finish,,,untriaged,,
qagame,nitmod_sqlite.c,sqlite3Close,,,untriaged,,
qagame,nitmod_sqlite.c,sqlite3_close,,,untriaged,,
qagame,nitmod_sqlite.c,sqlite3_close_v2,,,untriaged,,
qagame,nitmod_sqlite.c,sqlite3VdbeFreeCursor_isra_511,,,untriaged,,
qagame,nitmod_sqlite.c,sqlite3VdbeFrameRestore,,,untriaged,,
qagame,nitmod_sqlite.c,sqlite3BtreeBeginTrans_constprop_580,,,untriaged,,
qagame,nitmod_sqlite.c,sqlite3BtreeBeginTrans,,,untriaged,,
qagame,nitmod_sqlite.c,sqlite3BtreeUpdateMeta,,,untriaged,,
qagame,nitmod_sqlite.c,sqlite3BtreeSetVersion,,,untriaged,,
qagame,nitmod_sqlite.c,pager_incr_changecounter_isra_487,,,untriaged,,
qagame,nitmod_sqlite.c,btreeOverwriteContent,,,untriaged,,
qagame,nitmod_sqlite.c,btreeOverwriteCell,,,untriaged,,
qagame,nitmod_sqlite.c,sqlite3BtreeSavepoint_part_493,,,untriaged,,
qagame,nitmod_sqlite.c,vdbeCloseStatement,,,untriaged,,
qagame,nitmod_sqlite.c,btreeCreateTable,,,untriaged,,
qagame,nitmod_sqlite.c,sqlite3BtreeInsert,,,untriaged,,
qagame,nitmod_sqlite.c,sqlite3BtreeDelete,,,untriaged,,
qagame,nitmod_sqlite.c,sqlite3BtreeClearTable,,,untriaged,,
qagame,nitmod_sqlite.c,sqlite3_test_control,,,untriaged,,
qagame,nitmod_sqlite.c,sqlite3_open,,,untriaged,,
qagame,nitmod_sqlite.c,sqlite3_open_v2,,,untriaged,,
qagame,nitmod_sqlite.c,sqlite3_open16,,,untriaged,,
qagame,nitmod_sqlite.c,pagerWalFrames,,,untriaged,,
qagame,nitmod_sqlite.c,pagerStress,,,untriaged,,
qagame,nitmod_sqlite.c,sqlite3_db_cacheflush,,,untriaged,,
qagame,nitmod_sqlite.c,sqlite3PagerCommitPhaseOne,,,untriaged,,
qagame,nitmod_sqlite.c,sqlite3VdbeHalt,,,untriaged,,
qagame,nitmod_sqlite.c,sqlite3VdbeReset,,,untriaged,,
qagame,nitmod_sqlite.c,sqlite3VdbeFinalize,,,untriaged,,
qagame,nitmod_sqlite.c,sqlite3_blob_write,,,untriaged,,
qagame,nitmod_sqlite.c,sqlite3_blob_read,,,untriaged,,
qagame,nitmod_sqlite.c,sqlite3_finalize,,,untriaged,,
qagame,nitmod_sqlite.c,sqlite3_blob_close,,,untriaged,,
qagame,nitmod_sqlite.c,sqlite3_reset,,,untriaged,,
qagame,nitmod_sqlite.c,sqlite3_backup_step,,,untriaged,,
qagame,nitmod_sqlite.c,sqlite3RunVacuum,,,untriaged,,
qagame,nitmod_sqlite.c,sqlite3_step_part_530,,,untriaged,,
qagame,nitmod_sqlite.c,sqlite3_step,,,untriaged,,
qagame,nitmod_sqlite.c,sqlite3_exec,,,untriaged,,
qagame,nitmod_sqlite.c,sqlite3AnalysisLoad,,,untriaged,,
qagame,nitmod_sqlite.c,sqlite3InitOne,,,untriaged,,
qagame,nitmod_sqlite.c,sqlite3Init,,,untriaged,,
qagame,nitmod_sqlite.c,sqlite3ReadSchema,,,untriaged,,
qagame,nitmod_sqlite.c,sqlite3StartTable,,,untriaged,,
qagame,nitmod_sqlite.c,sqlite3LocateTable,,,untriaged,,
qagame,nitmod_sqlite.c,sqlite3LocateTableItem,,,untriaged,,
qagame,nitmod_sqlite.c,sqlite3SrcListLookup,,,untriaged,,
qagame,nitmod_sqlite.c,sqlite3AlterBeginAddColumn,,,untriaged,,
qagame,nitmod_sqlite.c,sqlite3Insert,,,untriaged,,
qagame,nitmod_sqlite.c,sqlite3DeleteFrom_constprop_551,,,untriaged,,
qagame,nitmod_sqlite.c,sqlite3Pragma,,,untriaged,,
qagame,nitmod_sqlite.c,sqlite3Analyze,,,untriaged,,
qagame,nitmod_sqlite.c,sqlite3Prepare,,,untriaged,,
qagame,nitmod_sqlite.c,sqlite3LockAndPrepare,,,untriaged,,
qagame,nitmod_sqlite.c,sqlite3_prepare,,,untriaged,,
qagame,nitmod_sqlite.c,sqlite3_prepare_v2,,,untriaged,,
qagame,nitmod_sqlite.c,sqlite3_prepare_v3,,,untriaged,,
qagame,nitmod_sqlite.c,sqlite3Prepare16,,,untriaged,,
qagame,nitmod_sqlite.c,sqlite3_prepare16,,,untriaged,,
qagame,nitmod_sqlite.c,sqlite3_prepare16_v2,,,untriaged,,
qagame,nitmod_sqlite.c,sqlite3_prepare16_v3,,,untriaged,,
qagame,nitmod_sqlite.c,sqlite3InitCallback,,,untriaged,,
qagame,nitmod_sqlite.c,sqlite3NestedParse,,,untriaged,,
qagame,nitmod_sqlite.c,sqlite3DropTriggerPtr,,,untriaged,,
qagame,nitmod_sqlite.c,sqlite3DropTable,,,untriaged,,
qagame,nitmod_sqlite.c,sqlite3AlterRenameTable,,,untriaged,,
qagame,nitmod_sqlite.c,sqlite3AlterFinishAddColumn,,,untriaged,,
qagame,nitmod_sqlite.c,sqlite3AlterDropColumn,,,untriaged,,
qagame,nitmod_sqlite.c,sqlite3AlterRenameColumn,,,untriaged,,
qagame,nitmod_sqlite.c,sqlite3VtabFinishParse,,,untriaged,,
qagame,nitmod_sqlite.c,sqlite3CreateIndex_constprop_553,,,untriaged,,
qagame,nitmod_sqlite.c,sqlite3EndTable,,,untriaged,,
qagame,nitmod_sqlite.c,sqlite3AddPrimaryKey,,,untriaged,,
qagame,nitmod_sqlite.c,sqlite3_declare_vtab,,,untriaged,,
qagame,nitmod_sqlite.c,pragmaVtabConnect,,,untriaged,,
qagame,nitmod_sqlite.c,renameColumnFunc,,,untriaged,,
qagame,nitmod_sqlite.c,sqlite3_get_table,,,untriaged,,
qagame,nitmod_sqlite.c,sqlite3_blob_reopen,,,untriaged,,
qagame,nitmod_sqlite.c,sqlite3_global_recover,,,untriaged,,
qagame,nitmod_sqlite.c,nitrox_SQLite_callback_CheckDBVersion,,,untriaged,,
qagame,nitmod_sqlite.c,nitrox_SQLite_callback_FindUserFast,,,untriaged,,
qagame,nitmod_sqlite.c,nitrox_SQLite_callback_TableExists,,,untriaged,,
qagame,nitmod_sqlite.c,nitrox_SQLite_callback_GetMapRecords,,,untriaged,,
qagame,nitmod_sqlite.c,nitrox_SQLite_callback_deletemail,,,untriaged,,
qagame,nitmod_sqlite.c,nitrox_SQLite_callback_loadsingleuser,,,untriaged,,
qagame,nitmod_sqlite.c,nitrox_SQLite_callback_mails,,,untriaged,,
qagame,nitmod_sqlite.c,nitrox_SQLite_callback_PrintMapRecords,,,untriaged,,
qagame,nitmod_sqlite.c,nitrox_SQLite_callback_users,,,untriaged,,
qagame,nitmod_sqlite.c,nitrox_SQLite_callback_bans,,,untriaged,,
qagame,nitmod_sqlite.c,nitrox_SQLite_callback_mutes,,,untriaged,,
qagame,nitmod_sqlite.c,nitrox_SQLite_FatalError,,,untriaged,,
qagame,nitmod_sqlite.c,nitrox_SQLite_InitUsersTable,,,untriaged,,
qagame,nitmod_sqlite.c,nitrox_SQLite_LoadUsers,,,untriaged,,
qagame,nitmod_sqlite.c,nitrox_SQLite_SaveUsers,,,untriaged,,
qagame,nitmod_sqlite.c,nitrox_SQLite_InitBansTable,,,untriaged,,
qagame,nitmod_sqlite.c,nitrox_SQLite_LoadBans,,,untriaged,,
qagame,nitmod_sqlite.c,nitrox_SQLite_FindBan,,,untriaged,,
qagame,nitmod_sqlite.c,nitrox_SQLite_SaveBans,,,untriaged,,
qagame,nitmod_sqlite.c,nitrox_SQLite_close,,,untriaged,,
qagame,nitmod_sqlite.c,nitrox_SQLite_CheckDBVersion,,,untriaged,,
qagame,nitmod_sqlite.c,nitrox_SQLite_init,,,untriaged,,
qagame,nitmod_sqlite.c,nitrox_SQLite_InitMutesTable,,,untriaged,,
qagame,nitmod_sqlite.c,nitrox_SQLite_LoadMutes,,,untriaged,,
qagame,nitmod_sqlite.c,nitrox_SQLite_FindMute,,,untriaged,,
qagame,nitmod_sqlite.c,nitrox_SQLite_SaveMutes,,,untriaged,,
qagame,nitmod_sqlite.c,nitrox_SQLite_FindUserFastIndex,,,untriaged,,
qagame,nitmod_sqlite.c,nitrox_SQLite_FindUserFast,,,untriaged,,
qagame,nitmod_sqlite.c,nitrox_SQLite_InitMailsTable,,,untriaged,,
qagame,nitmod_sqlite.c,nitrox_SQLite_MailTo,,,untriaged,,
qagame,nitmod_sqlite.c,nitrox_SQLite_FindMails,,,untriaged,,
qagame,nitmod_sqlite.c,nitrox_SQLite_DeleteMail,,,untriaged,,
qagame,nitmod_sqlite.c,nitrox_SQLite_SaveBan,,,untriaged,,
qagame,nitmod_sqlite.c,nitrox_SQLite_SaveMute,,,untriaged,,
qagame,nitmod_sqlite.c,nitrox_SQLite_TableExists,,,untriaged,,
qagame,nitmod_sqlite.c,nitrox_SQLite_InitRecordsTable,,,untriaged,,
qagame,nitmod_sqlite.c,nitrox_SQLite_UpdateMapFragsRecords,,,untriaged,,
qagame,nitmod_sqlite.c,nitrox_SQLite_UpdateMapReviveSpreeRecords,,,untriaged,,
qagame,nitmod_sqlite.c,nitrox_SQLite_UpdateMapSpreeRecords,,,untriaged,,
qagame,nitmod_sqlite.c,nitrox_SQLite_SaveMapRecords,,,untriaged,,
qagame,nitmod_sqlite.c,nitrox_SQLite_FindMapRecords,,,untriaged,,
qagame,nitmod_sqlite.c,nitrox_SQLite_GetMapRecords,,,untriaged,,
qagame,nitmod_sqlite.c,nitrox_SQLite_ClearMapRecords,,,untriaged,,
qagame,nitmod_sqlite.c,nitrox_SQLite_ClearAllMapRecords,,,untriaged,,
qagame,nitmod_sqlite.c,nitrox_SQLite_LoadSingleUser,,,untriaged,,
qagame,nitmod_sqlite.c,nitrox_SQLite_ReloadUser,,,untriaged,,
qagame,nitmod_sqlite.c,nitrox_SQLite_SaveUser,,,untriaged,,
qagame,nitmod_sqlite.c,nitrox_SQLite_MigrateUsers,,,untriaged,,
qagame,nitmod_traps.c,trap_R_RegisterModel,,,untriaged,,
qagame,nitmod_traps.c,trap_R_LerpTagNumber,,,untriaged,,
qagame,nitmod_traps.c,trap_R_LookupTag,,,untriaged,,
qagame,nitmod_traps.c,trap_R_LerpTag,,,untriaged,,
qagame,nitmod_traps.c,trap_Printf,,,untriaged,,
qagame,nitmod_traps.c,trap_Error,,,untriaged,,
qagame,nitmod_traps.c,trap_Milliseconds,,,untriaged,,
qagame,nitmod_traps.c,trap_Argc,,,untriaged,,
qagame,nitmod_traps.c,trap_Argv,,,untriaged,,
qagame,nitmod_traps.c,trap_FS_FOpenFile,,,untriaged,,
qagame,nitmod_traps.c,trap_FS_Read,,,untriaged,,
qagame,nitmod_traps.c,trap_FS_Write,,,untriaged,,
qagame,nitmod_traps.c,trap_FS_Rename,,,untriaged,,
qagame,nitmod_traps.c,trap_FS_FCloseFile,,,untriaged,,
qagame,nitmod_traps.c,trap_FS_GetFileList,,,untriaged,,
qagame,nitmod_traps.c,trap_SendConsoleCommand,,,untriaged,,
qagame,nitmod_traps.c,trap_Cvar_Update,,,untriaged,,
qagame,nitmod_traps.c,trap_Cvar_Set,,,untriaged,,
qagame,nitmod_traps.c,trap_Cvar_VariableIntegerValue,,,untriaged,,
qagame,nitmod_traps.c,trap_Cvar_VariableStringBuffer,,,untriaged,,
qagame,nitmod_traps.c,trap_Cvar_LatchedVariableStringBuffer,,,untriaged,,
qagame,nitmod_traps.c,trap_LocateGameData,,,untriaged,,
qagame,nitmod_traps.c,trap_DropClient,,,untriaged,,
qagame,nitmod_traps.c,trap_SendServerCommand,,,untriaged,,
qagame,nitmod_traps.c,trap_SetConfigstring,,,untriaged,,
qagame,nitmod_traps.c,trap_GetConfigstring,,,untriaged,,
qagame,nitmod_traps.c,trap_GetUserinfo,,,untriaged,,
qagame,nitmod_traps.c,trap_SetUserinfo,,,untriaged,,
qagame,nitmod_traps.c,trap_GetServerinfo,,,untriaged,,
qagame,nitmod_traps.c,trap_SetBrushModel,,,untriaged,,
qagame,nitmod_traps.c,trap_Trace,,,untriaged,,
qagame,nitmod_traps.c,trap_TraceNoEnts,,,untriaged,,
qagame,nitmod_traps.c,trap_TraceCapsule,,,untriaged,,
qagame,nitmod_traps.c,trap_TraceCapsuleNoEnts,,,untriaged,,
qagame,nitmod_traps.c,trap_PointContents,,,untriaged,,
qagame,nitmod_traps.c,trap_InPVS,,,untriaged,,
qagame,nitmod_traps.c,trap_AdjustAreaPortalState,,,untriaged,,
qagame,nitmod_traps.c,trap_LinkEntity,,,untriaged,,
qagame,nitmod_traps.c,trap_UnlinkEntity,,,untriaged,,
qagame,nitmod_traps.c,trap_EntitiesInBox,,,untriaged,,
qagame,nitmod_traps.c,trap_EntityContactCapsule,,,untriaged,,
qagame,nitmod_traps.c,trap_BotAllocateClient,,,untriaged,,
qagame,nitmod_traps.c,trap_RegisterSound,,,untriaged,,
qagame,nitmod_traps.c,trap_GetUsercmd,,,untriaged,,
qagame,nitmod_traps.c,trap_GetEntityToken,,,untriaged,,
qagame,nitmod_traps.c,trap_DebugPolygonCreate,,,untriaged,,
qagame,nitmod_traps.c,trap_RealTime,,,untriaged,,
qagame,nitmod_traps.c,trap_SnapVector,,,untriaged,,
qagame,nitmod_traps.c,trap_GetTag,,,untriaged,,
qagame,nitmod_traps.c,trap_LoadTag,,,untriaged,,
qagame,nitmod_traps.c,trap_PC_LoadSource,,,untriaged,,
qagame,nitmod_traps.c,trap_PC_FreeSource,,,untriaged,,
qagame,nitmod_traps.c,trap_PC_ReadToken,,,untriaged,,
qagame,nitmod_traps.c,trap_PC_SourceFileAndLine,,,untriaged,,
qagame,nitmod_traps.c,trap_BotGetServerCommand,,,untriaged,,
qagame,nitmod_traps.c,trap_BotUserCommand,,,untriaged,,
qagame,nitmod_traps.c,trap_EA_Command,,,untriaged,,
qagame,nitmod_traps.c,trap_PbStat,,,untriaged,,
qagame,nitmod_traps.c,trap_SendMessage,,,untriaged,,
qagame,nitmod_unknown.c,unk_func_00021be0,,,untriaged,,
qagame,nitmod_unknown.c,renameWalkTrigger_isra_170,,,untriaged,,
qagame,nitmod_unknown.c,__x86_get_pc_thunk_bx,,,untriaged,,
qagame,nitmod_unknown.c,__x86_get_pc_thunk_cx,,,untriaged,,
qagame,nitmod_unknown.c,SkillForClass,,,untriaged,,
qagame,nitmod_unknown.c,ConcatArgs,,,untriaged,,
qagame,nitmod_unknown.c,__fastAddPointToBounds,,,untriaged,,
qagame,nitmod_unknown.c,mdx_shot_test,,,untriaged,,
qagame,nitmod_unknown.c,DoClientThinks,,,untriaged,,
qagame,nitmod_unknown.c,P_WorldEffects,,game/nitmod_air.c; game/g_nitmod_air.c; game/g_active.c,ported_partial,i386-air-constants/adapter-tests,Active typed air adapter preserves native breather and sound/damage flow; zero unlock bits keep the 15s perk off. Numeric timelines compared against baseline ET. Signed clock overflow saturates. Extended skill activation and engine replay pending.
qagame,nitmod_unknown.c,PushBot,,,untriaged,,
qagame,nitmod_unknown.c,ReadyToConstruct,,,untriaged,,
qagame,nitmod_unknown.c,WolfFindMedic,,,untriaged,,
qagame,nitmod_unknown.c,BodyUnlink,,,untriaged,,
qagame,nitmod_unknown.c,AddExtraSpawnAmmo,,,untriaged,,
qagame,nitmod_unknown.c,AddWeaponToPlayer_constprop_8,,,untriaged,,
qagame,nitmod_unknown.c,SpotWouldTelefrag,,,untriaged,,
qagame,nitmod_unknown.c,SelectNearestDeathmatchSpawnPoint,,,untriaged,,
qagame,nitmod_unknown.c,SelectRandomDeathmatchSpawnPoint,,,untriaged,,
qagame,nitmod_unknown.c,SelectSpawnPoint,,,untriaged,,
qagame,nitmod_unknown.c,SelectSpectatorSpawnPoint,,,untriaged,,
qagame,nitmod_unknown.c,InitBodyQue,,,untriaged,,
qagame,nitmod_unknown.c,limbo,,,untriaged,,
qagame,nitmod_unknown.c,TeamCount,,,untriaged,,
qagame,nitmod_unknown.c,PickTeam,,,untriaged,,
qagame,nitmod_unknown.c,AddWeaponToPlayer,,,untriaged,,
qagame,nitmod_unknown.c,AddMedicTeamBonus,,,untriaged,,
qagame,nitmod_unknown.c,SetWolfSpawnWeapons_part_5,,,untriaged,,
qagame,nitmod_unknown.c,SetWolfSpawnWeapons,,,untriaged,,
qagame,nitmod_unknown.c,GetIPLength,,,untriaged,,
qagame,nitmod_unknown.c,CompareIPNoPort,,,untriaged,,
qagame,nitmod_unknown.c,IsFakepConnection,,,untriaged,,
qagame,nitmod_unknown.c,IsValidIP,,,untriaged,,
qagame,nitmod_unknown.c,respawn,,,untriaged,,
qagame,nitmod_unknown.c,reinforce,,,untriaged,,
qagame,nitmod_unknown.c,Censor_Force_Suicide,,,untriaged,,
qagame,nitmod_unknown.c,CheatsOk,,,untriaged,,
qagame,nitmod_unknown.c,DecolorString,,,untriaged,,
qagame,nitmod_unknown.c,SanitizeString,,,untriaged,,
qagame,nitmod_unknown.c,ExecGive,,,untriaged,,
qagame,nitmod_unknown.c,Do_Activate_f,,,untriaged,,
qagame,nitmod_unknown.c,SetTeam,,,untriaged,,
qagame,nitmod_unknown.c,StopFollowing,,,untriaged,,
qagame,nitmod_unknown.c,SetPlayerSpawn,,,untriaged,,
qagame,nitmod_unknown.c,SortStats,,,untriaged,,
qagame,nitmod_unknown.c,body_die,,,untriaged,,
qagame,nitmod_unknown.c,AddScore,,,untriaged,,
qagame,nitmod_unknown.c,AddKillScore,,,untriaged,,
qagame,nitmod_unknown.c,TossClientItems,,,untriaged,,
qagame,nitmod_unknown.c,GibEntity,,,untriaged,,
qagame,nitmod_unknown.c,IsHeadShotWeapon,,,untriaged,,
qagame,nitmod_unknown.c,IsLegShot,,,untriaged,,
qagame,nitmod_unknown.c,IsArmShot,,,untriaged,,
qagame,nitmod_unknown.c,CanDamage,,,untriaged,,
qagame,nitmod_unknown.c,RespawnItem,,,untriaged,,
qagame,nitmod_unknown.c,FinishSpawningItem,,,untriaged,,
qagame,nitmod_unknown.c,AddToClip,,,untriaged,,
qagame,nitmod_unknown.c,Fill_Clip,,,untriaged,,
qagame,nitmod_unknown.c,Add_Ammo,,,untriaged,,
qagame,nitmod_unknown.c,AddMagicAmmo,,,untriaged,,
qagame,nitmod_unknown.c,Pickup_Powerup,,,untriaged,,
qagame,nitmod_unknown.c,Pickup_Health,,,untriaged,,
qagame,nitmod_unknown.c,LaunchItem,,game/g_items.c; game/g_nitmod_bot_entities.c,ported_partial,original-item-records/cache-stores/typed-policy-tests,Team-item cache write after classname assignment; source-order regression only for drop path. Other Nitmod launch differences not ported. See reference/team-item-classname-cache.md.
qagame,nitmod_unknown.c,dropWeapon,,,untriaged,,
qagame,nitmod_unknown.c,Drop_Item,,game/g_items.c; game/g_nitmod_bot_entities.c,ported_partial,original-inlined-cache-reference/native-LaunchItem-delegation,Native delegation reaches team-item cache hook; original inlines launch portion. Full drop physics and callbacks remain unverified. See reference/team-item-classname-cache.md.
qagame,nitmod_unknown.c,SortRanks,,,untriaged,,
qagame,nitmod_unknown.c,strcut,,,untriaged,,
qagame,nitmod_unknown.c,bani_clearmapxp,,,untriaged,,
qagame,nitmod_unknown.c,bani_storemapxp,,,untriaged,,
qagame,nitmod_unknown.c,bani_getmapxp,,,untriaged,,
qagame,nitmod_unknown.c,SendScoreboardMessageToAllClients,,,untriaged,,
qagame,nitmod_unknown.c,MoveClientToIntermission,,,untriaged,,
qagame,nitmod_unknown.c,FindIntermissionPoint,,,untriaged,,
qagame,nitmod_unknown.c,BeginIntermission,,,untriaged,,
qagame,nitmod_unknown.c,ExitLevel,,,untriaged,,
qagame,nitmod_unknown.c,LogExit_part_6,,,untriaged,,
qagame,nitmod_unknown.c,LogExit,,,untriaged,,
qagame,nitmod_unknown.c,CheckIntermissionExit,,,untriaged,,
qagame,nitmod_unknown.c,ScoreIsTied,,,untriaged,,
qagame,nitmod_unknown.c,CheckExitRules,,,untriaged,,
qagame,nitmod_unknown.c,CalculateRanks,,,untriaged,,
qagame,nitmod_unknown.c,CheckWolfMP,,,untriaged,,
qagame,nitmod_unknown.c,CheckVote,,,untriaged,,
qagame,nitmod_unknown.c,InitCensorStructure,,,untriaged,,
qagame,nitmod_unknown.c,InitCensorNamesStructure,,,untriaged,,
qagame,nitmod_unknown.c,InitSkillLevelStructure,,,untriaged,,
qagame,nitmod_unknown.c,CheckCvars,,,untriaged,,
qagame,nitmod_unknown.c,vmMain,,,untriaged,,
qagame,nitmod_unknown.c,IsClass,,,untriaged,,
qagame,nitmod_unknown.c,EntHasAdren,,game/g_nitmod_abilities.c,ported_partial,original-i386-disassembly/typed-eligibility-tests,Typed entity/client eligibility wrappers use explicit first-aid unlock bit 0x10 and class mask. Nulls reject safely. Built but not gameplay-active; state ownership and inventory reconciliation pending. See reference/skill-abilities-disassembly.md.
qagame,nitmod_unknown.c,firetrail_use,,,untriaged,,
qagame,nitmod_unknown.c,use_corona,,,untriaged,,
qagame,nitmod_unknown.c,InitShooter_Finish,,,untriaged,,
qagame,nitmod_unknown.c,constructiblemarker_setup,,,untriaged,,
qagame,nitmod_unknown.c,locateCamera,,,untriaged,,
qagame,nitmod_unknown.c,dlight_finish_spawning,,,untriaged,,
qagame,nitmod_unknown.c,landmine_setup,,,untriaged,,
qagame,nitmod_unknown.c,shutoff_dlight,,,untriaged,,
qagame,nitmod_unknown.c,use_spotlight,,,untriaged,,
qagame,nitmod_unknown.c,locateMaster,,,untriaged,,
qagame,nitmod_unknown.c,use_dlight,,,untriaged,,
qagame,nitmod_unknown.c,TeleportPlayer,,,untriaged,,
qagame,nitmod_unknown.c,spotlight_finish_spawning,,,untriaged,,
qagame,nitmod_unknown.c,InitShooter,,,untriaged,,
qagame,nitmod_unknown.c,clamp_playerbehindgun,,,untriaged,,
qagame,nitmod_unknown.c,clamp_hweapontofirearc,,,untriaged,,
qagame,nitmod_unknown.c,Flak_Animate,,,untriaged,,
qagame,nitmod_unknown.c,AngleDifference,,,untriaged,,
qagame,nitmod_unknown.c,stristr,,,untriaged,,
qagame,nitmod_unknown.c,FindClientByName,,,untriaged,,
qagame,nitmod_unknown.c,__x86_get_pc_thunk_dx,,,untriaged,,
qagame,nitmod_unknown.c,Homing_Missile_Think,,,untriaged,,
qagame,nitmod_unknown.c,Destabilize_Missile,,,untriaged,,
qagame,nitmod_unknown.c,Guided_Missile_Think,,,untriaged,,
qagame,nitmod_unknown.c,DynaSink,,,untriaged,,
qagame,nitmod_unknown.c,DynaFree_part_3,,,untriaged,,
qagame,nitmod_unknown.c,DynaFree,,,untriaged,,
qagame,nitmod_unknown.c,CheckForSmoke_part_4,,,untriaged,,
qagame,nitmod_unknown.c,LandminePostThink,,,untriaged,,
qagame,nitmod_unknown.c,Landmine_Check_Ground,,,untriaged,,
qagame,nitmod_unknown.c,fire_flamechunk,,,untriaged,,
qagame,nitmod_unknown.c,LandMineTrigger,,game/g_missile.c,ported_partial,original-ELF-trigger-contents/full-source-transition-tests,"Native mine retains CONTENTS_BODY at link boundary; 100ms post-think, team+8, timestamp and onFireStart trigger latch verified in 36 profiles. Compiled shared layout maps 0xfc. Precise contact policy and private weapon 0x33 branch pending. See reference/landmine-trigger-transition.md."
qagame,nitmod_unknown.c,LandMinePostTrigger,,,untriaged,,
qagame,nitmod_unknown.c,CheckForSmoke,,,untriaged,,
qagame,nitmod_unknown.c,sEntWillTriggerMine,,game/g_nitmod_mine_contact.c,ported_partial,original-ELF-contact-policy/400-typed-policy-cases,Precise contact Cvar default 0/archive registered; existing mine callers use typed latch/flags policy and truncation-equivalent bounds. Null guards defensive; private caller rules and x87 extreme-coordinate parity pending. See reference/precise-landmine-contact.md.
qagame,nitmod_unknown.c,fire_grenade,,game/g_missile.c; game/g_nitmod_weapon_damage.c; game/g_nitmod_satchel_die.c,ported_partial,original-ELF-spawn-fields/typed-damage-tests,"Active damage masks 1/2/4/8 for native grenade/satchel/marker/smoke identities; dynamite initial CONTENTS_BODY corrected against ELF 0x8f246. Private balance tables, extra weapon identities and canister kicking pending. See reference/dynamite-spawn-collision.md and projectile damage references."
qagame,nitmod_unknown.c,fire_rocket,,,untriaged,,
qagame,nitmod_unknown.c,fire_flamebarrel,,,untriaged,,
qagame,nitmod_unknown.c,fire_mortar,,,untriaged,,
qagame,nitmod_unknown.c,BecomeExplosion,,,untriaged,,
qagame,nitmod_unknown.c,info_limbo_camera_setup,,,untriaged,,
qagame,nitmod_unknown.c,Static_Pain,,,untriaged,,
qagame,nitmod_unknown.c,use_invisible_user,,,untriaged,,
qagame,nitmod_unknown.c,finishSpawningKeyedMover,,,untriaged,,
qagame,nitmod_unknown.c,Blocked_DoorRotate,,,untriaged,,
qagame,nitmod_unknown.c,Reached_TrinaryMover,,,untriaged,,
qagame,nitmod_unknown.c,Reached_Train,,,untriaged,,
qagame,nitmod_unknown.c,Reached_Train_rotating,,,untriaged,,
qagame,nitmod_unknown.c,Blocked_Door,,,untriaged,,
qagame,nitmod_unknown.c,Reached_BinaryMover,,,untriaged,,
qagame,nitmod_unknown.c,func_constructible_explode,,,untriaged,,
qagame,nitmod_unknown.c,ReturnToPos1Rotate,,,untriaged,,
qagame,nitmod_unknown.c,GotoPos3,,,untriaged,,
qagame,nitmod_unknown.c,ReturnToPos1,,,untriaged,,
qagame,nitmod_unknown.c,ReturnToPos2,,,untriaged,,
qagame,nitmod_unknown.c,SetMoverState,,,untriaged,,
qagame,nitmod_unknown.c,MatchTeam,,,untriaged,,
qagame,nitmod_unknown.c,MatchTeamReverseAngleOnSlaves,,,untriaged,,
qagame,nitmod_unknown.c,IsBinaryMoverBlocked,,,untriaged,,
qagame,nitmod_unknown.c,InitMover,,,untriaged,,
qagame,nitmod_unknown.c,InitMoverRotate,,,untriaged,,
qagame,nitmod_unknown.c,findNonAIBrushTargeter,,,untriaged,,
qagame,nitmod_unknown.c,Door_reverse_sounds,,,untriaged,,
qagame,nitmod_unknown.c,DoorSetSounds,,,untriaged,,
qagame,nitmod_unknown.c,SpawnPlatTrigger,,,untriaged,,
qagame,nitmod_unknown.c,ThrowDebris,,,untriaged,,
qagame,nitmod_unknown.c,InitExplosive,,,untriaged,,
qagame,nitmod_unknown.c,InitConstructible,,,untriaged,,
qagame,nitmod_unknown.c,Psparks_think,,,untriaged,,
qagame,nitmod_unknown.c,flippy_table_animate,,,untriaged,,
qagame,nitmod_unknown.c,DropToFloorG,,,untriaged,,
qagame,nitmod_unknown.c,DropToFloor,,,untriaged,,
qagame,nitmod_unknown.c,PGUNsparks_use,,,untriaged,,
qagame,nitmod_unknown.c,OilSlick_remove_think,,,untriaged,,
qagame,nitmod_unknown.c,dust_angles_think,,,untriaged,,
qagame,nitmod_unknown.c,sparks_angles_think,,,untriaged,,
qagame,nitmod_unknown.c,smokedust_use,,,untriaged,,
qagame,nitmod_unknown.c,locker_tall_think,,,untriaged,,
qagame,nitmod_unknown.c,dust_use,,,untriaged,,
qagame,nitmod_unknown.c,crate_animate,,,untriaged,,
qagame,nitmod_unknown.c,flippy_table_use,,,untriaged,,
qagame,nitmod_unknown.c,touch_props_box_32,,,untriaged,,
qagame,nitmod_unknown.c,touch_props_box_48,,,untriaged,,
qagame,nitmod_unknown.c,touch_props_box_64,,,untriaged,,
qagame,nitmod_unknown.c,touch_crate_64,,,untriaged,,
qagame,nitmod_unknown.c,moveit,,,untriaged,,
qagame,nitmod_unknown.c,Psmoke_think,,,untriaged,,
qagame,nitmod_unknown.c,propExplosionLarge,,,untriaged,,
qagame,nitmod_unknown.c,propExplosion,,,untriaged,,
qagame,nitmod_unknown.c,InitProp,,,untriaged,,
qagame,nitmod_unknown.c,Prop_Touch,,,untriaged,,
qagame,nitmod_unknown.c,Prop_Check_Ground,,,untriaged,,
qagame,nitmod_unknown.c,Spawn_Shard,,,untriaged,,
qagame,nitmod_unknown.c,crate_die,,,untriaged,,
qagame,nitmod_unknown.c,Just_Got_Thrown,,,untriaged,,
qagame,nitmod_unknown.c,Prop_Break_Sound,,,untriaged,,
qagame,nitmod_unknown.c,barrel_smoke,,,untriaged,,
qagame,nitmod_unknown.c,smoker_think,,,untriaged,,
qagame,nitmod_unknown.c,OilParticles_think,,,untriaged,,
qagame,nitmod_unknown.c,Delayed_Leak_Think,,,untriaged,,
qagame,nitmod_unknown.c,validOilSlickSpawnPoint,,,untriaged,,
qagame,nitmod_unknown.c,OilSlick_remove,,,untriaged,,
qagame,nitmod_unknown.c,init_locker,,,untriaged,,
qagame,nitmod_unknown.c,mountedmg42_fire,,,untriaged,,
qagame,nitmod_unknown.c,GetFieldIndex,,,untriaged,,
qagame,nitmod_unknown.c,FieldExists,,,untriaged,,
qagame,nitmod_unknown.c,GetFieldType,,,untriaged,,
qagame,nitmod_unknown.c,jP_BuildEndgameStats,,,untriaged,,
qagame,nitmod_unknown.c,InitServerEntities,,,untriaged,,
qagame,nitmod_unknown.c,GetServerEntity,,,untriaged,,
qagame,nitmod_unknown.c,GetFreeServerEntity,,,untriaged,,
qagame,nitmod_unknown.c,CreateServerEntity,,,untriaged,,
qagame,nitmod_unknown.c,FindServerEntity,,,untriaged,,
qagame,nitmod_unknown.c,CreateMapServerEntities,,,untriaged,,
qagame,nitmod_unknown.c,InitialServerEntitySetup,,,untriaged,,
qagame,nitmod_unknown.c,StringToFilter,,,untriaged,,
qagame,nitmod_unknown.c,PrintMaxLivesGUID,,,untriaged,,
qagame,nitmod_unknown.c,AddIP,,,untriaged,,
qagame,nitmod_unknown.c,AddMaxLivesBan,,,untriaged,,
qagame,nitmod_unknown.c,AddMaxLivesGUID,,,untriaged,,
qagame,nitmod_unknown.c,ConsoleChat,,,untriaged,,
qagame,nitmod_unknown.c,ConsoleCommand,,,untriaged,,
qagame,nitmod_unknown.c,dllEntry,,,untriaged,,
qagame,nitmod_unknown.c,PASSFLOAT,,,untriaged,,
qagame,nitmod_unknown.c,smoke_think,,,untriaged,,
qagame,nitmod_unknown.c,smoke_toggle,,,untriaged,,
qagame,nitmod_unknown.c,smoke_init,,,untriaged,,
qagame,nitmod_unknown.c,checkpoint_use_think,,,untriaged,,
qagame,nitmod_unknown.c,checkpoint_think,,,untriaged,,
qagame,nitmod_unknown.c,Team_TouchEnemyFlag,,,untriaged,,
qagame,nitmod_unknown.c,team_wolf_objective_use,,,untriaged,,
qagame,nitmod_unknown.c,objective_Register,,,untriaged,,
qagame,nitmod_unknown.c,checkpoint_touch,,,untriaged,,
qagame,nitmod_unknown.c,checkpoint_use,,,untriaged,,
qagame,nitmod_unknown.c,checkpoint_spawntouch,,,untriaged,,
qagame,nitmod_unknown.c,Team_InitGame,,,untriaged,,
qagame,nitmod_unknown.c,OtherTeam,,,untriaged,,
qagame,nitmod_unknown.c,TeamName,,,untriaged,,
qagame,nitmod_unknown.c,PrintMsg,,,untriaged,,
qagame,nitmod_unknown.c,OnSameTeam,,,untriaged,,
qagame,nitmod_unknown.c,Team_FragBonuses,,,untriaged,,
qagame,nitmod_unknown.c,Team_ResetFlag,,,untriaged,,
qagame,nitmod_unknown.c,Team_TouchOurFlag,,,untriaged,,
qagame,nitmod_unknown.c,Team_ResetFlags,,,untriaged,,
qagame,nitmod_unknown.c,Team_ReturnFlagSound,,,untriaged,,
qagame,nitmod_unknown.c,Team_ReturnFlag,,,untriaged,,
qagame,nitmod_unknown.c,Team_DroppedFlagThink,,,untriaged,,
qagame,nitmod_unknown.c,Pickup_Team,,,untriaged,,
qagame,nitmod_unknown.c,FindFarthestObjectiveIndex,,,untriaged,,
qagame,nitmod_unknown.c,SelectRandomTeamSpawnPoint,,,untriaged,,
qagame,nitmod_unknown.c,SelectCTFSpawnPoint,,,untriaged,,
qagame,nitmod_unknown.c,TeamplayInfoMessage,,,untriaged,,
qagame,nitmod_unknown.c,CheckTeamStatus,,,untriaged,,
qagame,nitmod_unknown.c,multi_wait,,,untriaged,,
qagame,nitmod_unknown.c,hurt_use,,,untriaged,,
qagame,nitmod_unknown.c,removeprotection_use,,,untriaged,,
qagame,nitmod_unknown.c,hurt_think,,,untriaged,,
qagame,nitmod_unknown.c,removeprotection_think,,,untriaged,,
qagame,nitmod_unknown.c,AimAtTarget,,,untriaged,,
qagame,nitmod_unknown.c,heal_touch,,,untriaged,,
qagame,nitmod_unknown.c,constructible_indicator_think,,,untriaged,,
qagame,nitmod_unknown.c,removeprotection_touch,,,untriaged,,
qagame,nitmod_unknown.c,hurt_touch,,,untriaged,,
qagame,nitmod_unknown.c,explosive_indicator_think,,,untriaged,,
qagame,nitmod_unknown.c,ammo_touch,,,untriaged,,
qagame,nitmod_unknown.c,InitTrigger,,,untriaged,,
qagame,nitmod_unknown.c,multi_trigger,,,untriaged,,
qagame,nitmod_unknown.c,AddRemap,,,untriaged,,
qagame,nitmod_unknown.c,BuildShaderStateConfig,,,untriaged,,
qagame,nitmod_unknown.c,vtos,,,untriaged,,
qagame,nitmod_unknown.c,vtosf,,,untriaged,,
qagame,nitmod_unknown.c,infront,,,untriaged,,
qagame,nitmod_unknown.c,DebugLine,,,untriaged,,
qagame,nitmod_unknown.c,MagicSink,,,untriaged,,
qagame,nitmod_unknown.c,artilleryThink,,,untriaged,,
qagame,nitmod_unknown.c,artilleryGoAway,,,untriaged,,
qagame,nitmod_unknown.c,artilleryThink_real,,,untriaged,,
qagame,nitmod_unknown.c,artilleryHintThink,,,untriaged,,
qagame,nitmod_unknown.c,HandleEntsThatBlockConstructible_constprop_7,,,untriaged,,
qagame,nitmod_unknown.c,AddLean,,,untriaged,,
qagame,nitmod_unknown.c,jP_UnDoChargeCost,,,untriaged,,
qagame,nitmod_unknown.c,jP_DoChargeCost,,,untriaged,,
qagame,nitmod_unknown.c,ReviveEntity,,,untriaged,,
qagame,nitmod_unknown.c,EntsThatRadiusCanDamage,,,untriaged,,
qagame,nitmod_unknown.c,AutoBuildConstruction,,,untriaged,,
qagame,nitmod_unknown.c,Engineer_MG42,,,untriaged,,
qagame,nitmod_unknown.c,artillerySpotterThink,,,untriaged,,
qagame,nitmod_unknown.c,SnapVectorTowards,,,untriaged,,
qagame,nitmod_unknown.c,EmitterCheck,,,untriaged,,
qagame,nitmod_unknown.c,Bullet_Endpos_Pattern,,,untriaged,,
qagame,nitmod_unknown.c,Bullet_Endpos,,,untriaged,,
qagame,nitmod_unknown.c,ThrowKnife,,,untriaged,,
qagame,nitmod_unknown.c,jP_CheckDisguise,,,untriaged,,
qagame,nitmod_unknown.c,ClampChar,,,untriaged,,
qagame,nitmod_unknown.c,ClampShort,,,untriaged,,
qagame,nitmod_unknown.c,DirToByte,,,untriaged,,
qagame,nitmod_unknown.c,ByteToDir,,,untriaged,,
qagame,nitmod_unknown.c,ColorBytes3,,,untriaged,,
qagame,nitmod_unknown.c,ColorBytes4,,,untriaged,,
qagame,nitmod_unknown.c,NormalizeColor,,,untriaged,,
qagame,nitmod_unknown.c,PlaneFromPoints,,,untriaged,,
qagame,nitmod_unknown.c,RotatePointAroundVertex,,,untriaged,,
qagame,nitmod_unknown.c,vectoangles,,,untriaged,,
qagame,nitmod_unknown.c,AnglesToAxis,,,untriaged,,
qagame,nitmod_unknown.c,AxisClear,,,untriaged,,
qagame,nitmod_unknown.c,AxisCopy,,,untriaged,,
qagame,nitmod_unknown.c,ProjectPointOnPlane,,,untriaged,,
qagame,nitmod_unknown.c,MakeNormalVectors,,,untriaged,,
qagame,nitmod_unknown.c,VectorRotate,,,untriaged,,
qagame,nitmod_unknown.c,LerpAngle,,,untriaged,,
qagame,nitmod_unknown.c,LerpPosition,,,untriaged,,
qagame,nitmod_unknown.c,AngleSubtract,,,untriaged,,
qagame,nitmod_unknown.c,AnglesSubtract,,,untriaged,,
qagame,nitmod_unknown.c,AngleMod,,,untriaged,,
qagame,nitmod_unknown.c,AngleNormalize2Pi,,,untriaged,,
qagame,nitmod_unknown.c,AngleNormalize360,,,untriaged,,
qagame,nitmod_unknown.c,AngleNormalizeInt,,,untriaged,,
qagame,nitmod_unknown.c,AngleNormalize180,,,untriaged,,
qagame,nitmod_unknown.c,AngleDelta,,,untriaged,,
qagame,nitmod_unknown.c,SetPlaneSignbits,,,untriaged,,
qagame,nitmod_unknown.c,RadiusFromBounds,,,untriaged,,
qagame,nitmod_unknown.c,ClearBounds,,,untriaged,,
qagame,nitmod_unknown.c,AddPointToBounds,,,untriaged,,
qagame,nitmod_unknown.c,PointInBounds,,,untriaged,,
qagame,nitmod_unknown.c,VectorCompare,,,untriaged,,
qagame,nitmod_unknown.c,VectorNormalize,,,untriaged,,
qagame,nitmod_unknown.c,VectorNormalizeFast,,,untriaged,,
qagame,nitmod_unknown.c,VectorNormalize2,,,untriaged,,
qagame,nitmod_unknown.c,_VectorMA,,,untriaged,,
qagame,nitmod_unknown.c,_DotProduct,,,untriaged,,
qagame,nitmod_unknown.c,_VectorSubtract,,,untriaged,,
qagame,nitmod_unknown.c,_VectorAdd,,,untriaged,,
qagame,nitmod_unknown.c,_VectorCopy,,,untriaged,,
qagame,nitmod_unknown.c,_VectorScale,,,untriaged,,
qagame,nitmod_unknown.c,CrossProduct,,,untriaged,,
qagame,nitmod_unknown.c,VectorLength,,,untriaged,,
qagame,nitmod_unknown.c,VectorLengthSquared,,,untriaged,,
qagame,nitmod_unknown.c,Distance,,,untriaged,,
qagame,nitmod_unknown.c,DistanceSquared,,,untriaged,,
qagame,nitmod_unknown.c,VectorInverse,,,untriaged,,
qagame,nitmod_unknown.c,Vector4Scale,,,untriaged,,
qagame,nitmod_unknown.c,MatrixMultiply,,,untriaged,,
qagame,nitmod_unknown.c,AngleVectors,,,untriaged,,
qagame,nitmod_unknown.c,PerpendicularVector,,,untriaged,,
qagame,nitmod_unknown.c,RotatePointAroundVector,,,untriaged,,
qagame,nitmod_unknown.c,RotateAroundDirection,,,untriaged,,
qagame,nitmod_unknown.c,GetPerpendicularViewVector,,,untriaged,,
qagame,nitmod_unknown.c,ProjectPointOntoVector,,,untriaged,,
qagame,nitmod_unknown.c,ProjectPointOntoVectorBounded,,,untriaged,,
qagame,nitmod_unknown.c,DistanceFromLineSquared,,,untriaged,,
qagame,nitmod_unknown.c,DistanceFromVectorSquared,,,untriaged,,
qagame,nitmod_unknown.c,vectoyaw,,,untriaged,,
qagame,nitmod_unknown.c,AxisToAngles,,,untriaged,,
qagame,nitmod_unknown.c,VectorDistance,,,untriaged,,
qagame,nitmod_unknown.c,VectorDistanceSquared,,,untriaged,,
qagame,nitmod_unknown.c,SkipBracedSection_Depth,,,untriaged,,
qagame,nitmod_unknown.c,SkipBracedSection,,,untriaged,,
qagame,nitmod_unknown.c,SkipRestOfLine,,,untriaged,,
qagame,nitmod_unknown.c,Parse1DMatrix,,,untriaged,,
qagame,nitmod_unknown.c,Parse2DMatrix,,,untriaged,,
qagame,nitmod_unknown.c,Parse3DMatrix,,,untriaged,,
qagame,nitmod_unknown.c,va,,,untriaged,,
qagame,nitmod_unknown.c,tv,,,untriaged,,
qagame,nitmod_unknown.c,encode64,,,untriaged,,
qagame,nitmod_unknown.c,decode64,,,untriaged,,
qagame,nitmod_unknown.c,FileExists,,,untriaged,,
qagame,nitmod_unknown.c,need_escape,,,untriaged,,
qagame,nitmod_unknown.c,escape_string,,,untriaged,,
qagame,nitmod_unknown.c,unescape_string,,,untriaged,,
qagame,nitmod_unknown.c,INTHandler,,,untriaged,,
qagame,nitmod_unknown.c,installcrashhandler,,,untriaged,,
qagame,nitmod_unknown.c,restorecrashhandler,,,untriaged,,
qagame,nitmod_unknown.c,installinthandler,,,untriaged,,
qagame,nitmod_unknown.c,linux_siginfo,,,untriaged,,
qagame,nitmod_unknown.c,handler,,,untriaged,,
qagame,nitmod_unknown.c,linux_backtrace,,,untriaged,,
qagame,nitmod_unknown.c,CrashHandler,,,untriaged,,
qagame,nitmod_unknown.c,EnableStackTrace,,,untriaged,,
qagame,nitmod_unknown.c,DisableStackTrace,,,untriaged,,
qagame,nitmod_unknown.c,GeoIP_addr_to_num,,,untriaged,,
qagame,nitmod_unknown.c,GeoIP_seek_record,,,untriaged,,
qagame,nitmod_unknown.c,GeoIP_open,,,untriaged,,
qagame,nitmod_unknown.c,GeoIP_close,,,untriaged,,
qagame,nitmod_unknown.c,_et_trap_FS_Write,,,untriaged,,
qagame,nitmod_unknown.c,_et_FindSelf,,,untriaged,,
qagame,nitmod_unknown.c,_et_G_PlayerCount,,,untriaged,,
qagame,nitmod_unknown.c,_et_G_Print,,,untriaged,,
qagame,nitmod_unknown.c,_et_RegisterModname,,,untriaged,,
qagame,nitmod_unknown.c,_et_trap_FS_FOpenFile,,,untriaged,,
qagame,nitmod_unknown.c,_et_trap_FS_FCloseFile,,,untriaged,,
qagame,nitmod_unknown.c,_et_trap_FS_Read,,,untriaged,,
qagame,nitmod_unknown.c,_et_trap_Cvar_Get,,,untriaged,,
qagame,nitmod_unknown.c,_et_G_XP_Set,,,untriaged,,
qagame,nitmod_unknown.c,_et_G_AdminLevelName,,,untriaged,,
qagame,nitmod_unknown.c,_et_G_AddEvent,,,untriaged,,
qagame,nitmod_unknown.c,_et_trap_UnlinkEntity,,,untriaged,,
qagame,nitmod_unknown.c,_et_trap_LinkEntity,,,untriaged,,
qagame,nitmod_unknown.c,_et_G_EntitiesFree,,,untriaged,,
qagame,nitmod_unknown.c,_et_G_FreeEntity,,,untriaged,,
qagame,nitmod_unknown.c,_et_G_Spawn,,,untriaged,,
qagame,nitmod_unknown.c,_et_G_LoseSkillPoints,,,untriaged,,
qagame,nitmod_unknown.c,_et_G_AddSkillPoints,,,untriaged,,
qagame,nitmod_unknown.c,_et_ClientIsFlooding,,,untriaged,,
qagame,nitmod_unknown.c,_et_G_Damage,,,untriaged,,
qagame,nitmod_unknown.c,_et_trap_Milliseconds,,,untriaged,,
qagame,nitmod_unknown.c,_et_G_ClientSound,,,untriaged,,
qagame,nitmod_unknown.c,_et_G_Sound,,,untriaged,,
qagame,nitmod_unknown.c,_et_G_globalSound,,,untriaged,,
qagame,nitmod_unknown.c,_et_G_ModelIndex,,,untriaged,,
qagame,nitmod_unknown.c,_et_G_SoundIndex,,,untriaged,,
qagame,nitmod_unknown.c,_et_trap_FS_Rename,,,untriaged,,
qagame,nitmod_unknown.c,_et_Q_CleanStr,,,untriaged,,
qagame,nitmod_unknown.c,_et_Info_ValueForKey,,,untriaged,,
qagame,nitmod_unknown.c,_et_Info_SetValueForKey,,,untriaged,,
qagame,nitmod_unknown.c,_et_Info_RemoveKey,,,untriaged,,
qagame,nitmod_unknown.c,_et_trap_SetUserinfo,,,untriaged,,
qagame,nitmod_unknown.c,_et_trap_GetUserinfo,,,untriaged,,
qagame,nitmod_unknown.c,_et_ClientNumberFromString,,,untriaged,,
qagame,nitmod_unknown.c,_et_ClientUserinfoChanged,,,untriaged,,
qagame,nitmod_unknown.c,_et_G_Say,,,untriaged,,
qagame,nitmod_unknown.c,_et_trap_SendServerCommand,,,untriaged,,
qagame,nitmod_unknown.c,_et_trap_DropClient,,,untriaged,,
qagame,nitmod_unknown.c,_et_trap_SendConsoleCommand,,,untriaged,,
qagame,nitmod_unknown.c,_et_trap_SetConfigstring,,,untriaged,,
qagame,nitmod_unknown.c,_et_trap_GetConfigstring,,,untriaged,,
qagame,nitmod_unknown.c,_et_trap_Cvar_Set,,,untriaged,,
qagame,nitmod_unknown.c,_et_trap_Argv,,,untriaged,,
qagame,nitmod_unknown.c,_et_trap_Argc,,,untriaged,,
qagame,nitmod_unknown.c,_et_ConcatArgs,,,untriaged,,
qagame,nitmod_unknown.c,_et_FindMod,,,untriaged,,
qagame,nitmod_unknown.c,_et_G_GetSpawnVar,,,untriaged,,
qagame,nitmod_unknown.c,LOG,,,untriaged,,
qagame,nitmod_unknown.c,_et_G_LogPrint,,,untriaged,,
qagame,nitmod_unknown.c,_et_IPCSend,,,untriaged,,
qagame,nitmod_unknown.c,_et_gentity_getfield,,,untriaged,,
qagame,nitmod_unknown.c,_et_gentity_getvec3,,,untriaged,,
qagame,nitmod_unknown.c,_et_gentity_setvec3,,,untriaged,,
qagame,nitmod_unknown.c,_et_G_SetSpawnVar,,,untriaged,,
qagame,nitmod_unknown.c,_et_G_TempEntity,,,untriaged,,
qagame,nitmod_unknown.c,_et_gentity_gettrajectory,,,untriaged,,
qagame,nitmod_unknown.c,_et_gentity_settrajectory,,,untriaged,,
qagame,nitmod_unknown.c,_et_gentity_set,,,untriaged,,
qagame,nitmod_unknown.c,_et_gentity_getweaponstats,,,untriaged,,
qagame,nitmod_unknown.c,_et_gentity_get,,,untriaged,,
qagame,nitmod_unknown.c,SHA1Reset,,,untriaged,,
qagame,nitmod_unknown.c,SHA1ProcessMessageBlock,,,untriaged,,
qagame,nitmod_unknown.c,SHA1Input,,,untriaged,,
qagame,nitmod_unknown.c,SHA1Result,,,untriaged,,
qagame,nitmod_unknown.c,SHA1PadMessage,,,untriaged,,
qagame,nitmod_unknown.c,in_word_set,,,untriaged,,
qagame,nitmod_unknown.c,putVarint64,,,untriaged,,
qagame,nitmod_unknown.c,findElementWithHash,,,untriaged,,
qagame,nitmod_unknown.c,unixFileLock,,,untriaged,,
qagame,nitmod_unknown.c,nolockCheckReservedLock,,,untriaged,,
qagame,nitmod_unknown.c,nolockLock,,,untriaged,,
qagame,nitmod_unknown.c,nolockUnlock,,,untriaged,,
qagame,nitmod_unknown.c,dotlockCheckReservedLock,,,untriaged,,
qagame,nitmod_unknown.c,unixShmBarrier,,,untriaged,,
qagame,nitmod_unknown.c,posixIoFinderImpl,,,untriaged,,
qagame,nitmod_unknown.c,nolockIoFinderImpl,,,untriaged,,
qagame,nitmod_unknown.c,dotlockIoFinderImpl,,,untriaged,,
qagame,nitmod_unknown.c,databaseIsUnmoved,,,untriaged,,
qagame,nitmod_unknown.c,getPageError,,,untriaged,,
qagame,nitmod_unknown.c,cellSizePtr,,,untriaged,,
qagame,nitmod_unknown.c,cellSizePtrNoPayload,,,untriaged,,
qagame,nitmod_unknown.c,finalDbSize,,,untriaged,,
qagame,nitmod_unknown.c,computeCellSize,,,untriaged,,
qagame,nitmod_unknown.c,cachedCellSize,,,untriaged,,
qagame,nitmod_unknown.c,doubleToInt64,,,untriaged,,
qagame,nitmod_unknown.c,memIntValue,,,untriaged,,
qagame,nitmod_unknown.c,memjrnlSync,,,untriaged,,
qagame,nitmod_unknown.c,memjrnlFileSize,,,untriaged,,
qagame,nitmod_unknown.c,incrAggDepth,,,untriaged,,
qagame,nitmod_unknown.c,heightOfSelect,,,untriaged,,
qagame,nitmod_unknown.c,exprSetHeight,,,untriaged,,
qagame,nitmod_unknown.c,gatherSelectWindowsSelectCallback,,,untriaged,,
qagame,nitmod_unknown.c,setDoNotMergeFlagOnCopy,,,untriaged,,
qagame,nitmod_unknown.c,selectSrcCount,,,untriaged,,
qagame,nitmod_unknown.c,renameUnmapExprCb,,,untriaged,,
qagame,nitmod_unknown.c,renameTableExprCb,,,untriaged,,
qagame,nitmod_unknown.c,recomputeColumnsNotIndexed,,,untriaged,,
qagame,nitmod_unknown.c,pragmaVtabEof,,,untriaged,,
qagame,nitmod_unknown.c,pragmaVtabRowid,,,untriaged,,
qagame,nitmod_unknown.c,selectPopWith,,,untriaged,,
qagame,nitmod_unknown.c,disableTerm,,,untriaged,,
qagame,nitmod_unknown.c,exprUsesSrclistSelectCb,,,untriaged,,
qagame,nitmod_unknown.c,whereLoopCheaperProperSubset,,,untriaged,,
qagame,nitmod_unknown.c,whereLoopFindLesser,,,untriaged,,
qagame,nitmod_unknown.c,noopStepFunc,,,untriaged,,
qagame,nitmod_unknown.c,noopValueFunc,,,untriaged,,
qagame,nitmod_unknown.c,keywordCode,,,untriaged,,
qagame,nitmod_unknown.c,identPut,,,untriaged,,
qagame,nitmod_unknown.c,getToken,,,untriaged,,
qagame,nitmod_unknown.c,memjrnlRead,,,untriaged,,
qagame,nitmod_unknown.c,unixNextSystemCall,,,untriaged,,
qagame,nitmod_unknown.c,unixGetSystemCall,,,untriaged,,
qagame,nitmod_unknown.c,getDigits,,,untriaged,,
qagame,nitmod_unknown.c,unixGetpagesize,,,untriaged,,
qagame,nitmod_unknown.c,robust_ftruncate,,,untriaged,,
qagame,nitmod_unknown.c,unixGetLastError,,,untriaged,,
qagame,nitmod_unknown.c,unixCheckReservedLock,,,untriaged,,
qagame,nitmod_unknown.c,posixOpen,,,untriaged,,
qagame,nitmod_unknown.c,unixRead,,,untriaged,,
qagame,nitmod_unknown.c,unixCurrentTimeInt64,,,untriaged,,
qagame,nitmod_unknown.c,unixSleep,,,untriaged,,
qagame,nitmod_unknown.c,unixDlClose,,,untriaged,,
qagame,nitmod_unknown.c,unixDlSym,,,untriaged,,
qagame,nitmod_unknown.c,unixDlOpen,,,untriaged,,
qagame,nitmod_unknown.c,binCollFunc,,,untriaged,,
qagame,nitmod_unknown.c,rtrimCollFunc,,,untriaged,,
qagame,nitmod_unknown.c,getCellInfo,,,untriaged,,
qagame,nitmod_unknown.c,readSuperJournal,,,untriaged,,
qagame,nitmod_unknown.c,memRealValue,,,untriaged,,
qagame,nitmod_unknown.c,robustFchown,,,untriaged,,
qagame,nitmod_unknown.c,unixDeviceCharacteristics,,,untriaged,,
qagame,nitmod_unknown.c,unixUnfetch,,,untriaged,,
qagame,nitmod_unknown.c,unixAccess,,,untriaged,,
qagame,nitmod_unknown.c,setSectorSize,,,untriaged,,
qagame,nitmod_unknown.c,allocSpace_part_138,,,untriaged,,
qagame,nitmod_unknown.c,selectWindowRewriteSelectCb,,,untriaged,,
qagame,nitmod_unknown.c,impliesNotNullRow,,,untriaged,,
qagame,nitmod_unknown.c,exprSrcCount,,,untriaged,,
qagame,nitmod_unknown.c,exprIdxCover,,,untriaged,,
qagame,nitmod_unknown.c,isDupColumn_isra_180,,,untriaged,,
qagame,nitmod_unknown.c,exprColumnFlagUnion,,,untriaged,,
qagame,nitmod_unknown.c,checkConstraintExprNode,,,untriaged,,
qagame,nitmod_unknown.c,pragmaVtabBestIndex,,,untriaged,,
qagame,nitmod_unknown.c,exprUsesSrclistCb,,,untriaged,,
qagame,nitmod_unknown.c,exprNodeIsDeterministic,,,untriaged,,
qagame,nitmod_unknown.c,resolveRemoveWindowsCb,,,untriaged,,
qagame,nitmod_unknown.c,computeYMD_part_280,,,untriaged,,
qagame,nitmod_unknown.c,computeJD_part_281,,,untriaged,,
qagame,nitmod_unknown.c,unixSetSystemCall,,,untriaged,,
qagame,nitmod_unknown.c,columnTypeImpl,,,untriaged,,
qagame,nitmod_unknown.c,parseHhMmSs,,,untriaged,,
qagame,nitmod_unknown.c,dotlockUnlock,,,untriaged,,
qagame,nitmod_unknown.c,unixFileSize,,,untriaged,,
qagame,nitmod_unknown.c,unk_func_0012bb9b,,,untriaged,,
qagame,nitmod_unknown.c,findElementWithHash_constprop_705,,,untriaged,,
qagame,nitmod_unknown.c,unixSectorSize,,,untriaged,,
qagame,nitmod_unknown.c,unixCurrentTime,,,untriaged,,
qagame,nitmod_unknown.c,recomputeColumnsUsedExpr,,,untriaged,,
qagame,nitmod_unknown.c,applyNumericAffinity,,,untriaged,,
qagame,nitmod_unknown.c,invokeProfileCallback,,,untriaged,,
qagame,nitmod_unknown.c,setupLookaside,,,untriaged,,
qagame,nitmod_unknown.c,rowSetTreeToList,,,untriaged,,
qagame,nitmod_unknown.c,exprExistsToInIter,,,untriaged,,
qagame,nitmod_unknown.c,measureAllocationSize,,,untriaged,,
qagame,nitmod_unknown.c,renameWalkWith_isra_274,,,untriaged,,
qagame,nitmod_unknown.c,renameUnmapSelectCb,,,untriaged,,
qagame,nitmod_unknown.c,renameTableSelectCb,,,untriaged,,
qagame,nitmod_unknown.c,computeYMD_HMS,,,untriaged,,
qagame,nitmod_unknown.c,rowSetNDeepTree,,,untriaged,,
qagame,nitmod_unknown.c,rowSetEntrySort,,,untriaged,,
qagame,nitmod_unknown.c,updateRangeAffinityStr,,,untriaged,,
qagame,nitmod_unknown.c,exprNodeIsConstant,,,untriaged,,
qagame,nitmod_unknown.c,dotlockLock,,,untriaged,,
qagame,nitmod_unknown.c,unixWrite,,,untriaged,,
qagame,nitmod_unknown.c,getIntArg,,,untriaged,,
qagame,nitmod_unknown.c,srclistRenumberCursors_constprop_602,,,untriaged,,
qagame,nitmod_unknown.c,patternCompare,,,untriaged,,
qagame,nitmod_unknown.c,whereLoopOutputAdjust,,,untriaged,,
qagame,nitmod_unknown.c,dupedExprSize,,,untriaged,,
qagame,nitmod_unknown.c,subjournalPageIfRequired,,,untriaged,,
qagame,nitmod_unknown.c,unixShmLock,,,untriaged,,
qagame,nitmod_unknown.c,pragmaVtabDisconnect,,,untriaged,,
qagame,nitmod_unknown.c,memjrnlClose,,,untriaged,,
qagame,nitmod_unknown.c,nocaseCollatingFunc,,,untriaged,,
qagame,nitmod_unknown.c,analysisLoader,,,untriaged,,
qagame,nitmod_unknown.c,unixLock,,,untriaged,,
qagame,nitmod_unknown.c,unsetJoinExpr,,,untriaged,,
qagame,nitmod_unknown.c,readJournalHdr,,,untriaged,,
qagame,nitmod_unknown.c,statAccumDestructor,,,untriaged,,
qagame,nitmod_unknown.c,dbMallocRawFinish,,,untriaged,,
qagame,nitmod_unknown.c,whereIndexExprTransColumn,,,untriaged,,
qagame,nitmod_unknown.c,exprINAffinity_isra_322,,,untriaged,,
qagame,nitmod_unknown.c,autoIncBegin,,,untriaged,,
qagame,nitmod_unknown.c,triggerStepAllocate,,,untriaged,,
qagame,nitmod_unknown.c,memjrnlTruncate,,,untriaged,,
qagame,nitmod_unknown.c,resizeIndexObject_part_318,,,untriaged,,
qagame,nitmod_unknown.c,resolveP2Values,,,untriaged,,
qagame,nitmod_unknown.c,agginfoFree,,,untriaged,,
qagame,nitmod_unknown.c,dbReallocFinish,,,untriaged,,
qagame,nitmod_unknown.c,growOpArray_isra_291,,,untriaged,,
qagame,nitmod_unknown.c,growOp3,,,untriaged,,
qagame,nitmod_unknown.c,sqlite3VdbeAddOp3,,,untriaged,,
qagame,nitmod_unknown.c,sqlite3VdbeAddOp4Int,,,untriaged,,
qagame,nitmod_unknown.c,integrityCheckResultRow,,,untriaged,,
qagame,nitmod_unknown.c,whereLoopResize_part_319,,,untriaged,,
qagame,nitmod_unknown.c,resizeResolveLabel_isra_289,,,untriaged,,
qagame,nitmod_unknown.c,releaseMemArray_part_283,,,untriaged,,
qagame,nitmod_unknown.c,apiHandleError,,,untriaged,,
qagame,nitmod_unknown.c,last_insert_rowid,,,untriaged,,
qagame,nitmod_unknown.c,total_changes,,,untriaged,,
qagame,nitmod_unknown.c,changes,,,untriaged,,
qagame,nitmod_unknown.c,signFunc,,,untriaged,,
qagame,nitmod_unknown.c,out2PrereleaseWithClear,,,untriaged,,
qagame,nitmod_unknown.c,out2Prerelease_isra_285,,,untriaged,,
qagame,nitmod_unknown.c,callFinaliser,,,untriaged,,
qagame,nitmod_unknown.c,strAccumFinishRealloc,,,untriaged,,
qagame,nitmod_unknown.c,withDup,,,untriaged,,
qagame,nitmod_unknown.c,exprDup_constprop_678,,,untriaged,,
qagame,nitmod_unknown.c,exprDup_constprop_677,,,untriaged,,
qagame,nitmod_unknown.c,propagateConstantExprRewrite,,,untriaged,,
qagame,nitmod_unknown.c,exprDup,,,untriaged,,
qagame,nitmod_unknown.c,enlargeAndAppend,,,untriaged,,
qagame,nitmod_unknown.c,explainAppendTerm,,,untriaged,,
qagame,nitmod_unknown.c,tokenExpr,,,untriaged,,
qagame,nitmod_unknown.c,exprSelectUsage,,,untriaged,,
qagame,nitmod_unknown.c,createAggContext_isra_305,,,untriaged,,
qagame,nitmod_unknown.c,row_numberStepFunc,,,untriaged,,
qagame,nitmod_unknown.c,last_valueInvFunc,,,untriaged,,
qagame,nitmod_unknown.c,countStep,,,untriaged,,
qagame,nitmod_unknown.c,countInverse,,,untriaged,,
qagame,nitmod_unknown.c,row_numberValueFunc,,,untriaged,,
qagame,nitmod_unknown.c,sumInverse,,,untriaged,,
qagame,nitmod_unknown.c,countFinalize,,,untriaged,,
qagame,nitmod_unknown.c,sumStep,,,untriaged,,
qagame,nitmod_unknown.c,totalFinalize,,,untriaged,,
qagame,nitmod_unknown.c,dense_rankStepFunc,,,untriaged,,
qagame,nitmod_unknown.c,cume_distInvFunc,,,untriaged,,
qagame,nitmod_unknown.c,percent_rankInvFunc,,,untriaged,,
qagame,nitmod_unknown.c,ntileInvFunc,,,untriaged,,
qagame,nitmod_unknown.c,avgFinalize,,,untriaged,,
qagame,nitmod_unknown.c,cume_distStepFunc,,,untriaged,,
qagame,nitmod_unknown.c,percent_rankStepFunc,,,untriaged,,
qagame,nitmod_unknown.c,cume_distValueFunc,,,untriaged,,
qagame,nitmod_unknown.c,rankStepFunc,,,untriaged,,
qagame,nitmod_unknown.c,rankValueFunc,,,untriaged,,
qagame,nitmod_unknown.c,dense_rankValueFunc,,,untriaged,,
qagame,nitmod_unknown.c,percent_rankValueFunc,,,untriaged,,
qagame,nitmod_unknown.c,ntileValueFunc,,,untriaged,,
qagame,nitmod_unknown.c,localtimeOffset_isra_470,,,untriaged,,
qagame,nitmod_unknown.c,absFunc,,,untriaged,,
qagame,nitmod_unknown.c,sumFinalize,,,untriaged,,
qagame,nitmod_unknown.c,ntileStepFunc,,,untriaged,,
qagame,nitmod_unknown.c,zeroblobFunc,,,untriaged,,
qagame,nitmod_unknown.c,setPragmaResultColumnNames,,,untriaged,,
qagame,nitmod_unknown.c,last_valueValueFunc,,,untriaged,,
qagame,nitmod_unknown.c,nth_valueFinalizeFunc,,,untriaged,,
qagame,nitmod_unknown.c,last_valueFinalizeFunc,,,untriaged,,
qagame,nitmod_unknown.c,first_valueFinalizeFunc,,,untriaged,,
qagame,nitmod_unknown.c,minMaxValue,,,untriaged,,
qagame,nitmod_unknown.c,minMaxFinalize,,,untriaged,,
qagame,nitmod_unknown.c,sourceidFunc,,,untriaged,,
qagame,nitmod_unknown.c,versionFunc,,,untriaged,,
qagame,nitmod_unknown.c,typeofFunc,,,untriaged,,
qagame,nitmod_unknown.c,compileoptiongetFunc,,,untriaged,,
qagame,nitmod_unknown.c,computeNumericType,,,untriaged,,
qagame,nitmod_unknown.c,numericType,,,untriaged,,
qagame,nitmod_unknown.c,groupConcatValue,,,untriaged,,
qagame,nitmod_unknown.c,pragmaVtabColumn,,,untriaged,,
qagame,nitmod_unknown.c,statInit,,,untriaged,,
qagame,nitmod_unknown.c,groupConcatFinalize,,,untriaged,,
qagame,nitmod_unknown.c,freeP4FuncCtx,,,untriaged,,
qagame,nitmod_unknown.c,exprListDeleteNN_constprop_687,,,untriaged,,
qagame,nitmod_unknown.c,clearSelect_constprop_688,,,untriaged,,
qagame,nitmod_unknown.c,upsertDelete_constprop_651,,,untriaged,,
qagame,nitmod_unknown.c,deleteTable_constprop_697,,,untriaged,,
qagame,nitmod_unknown.c,clearSelect,,,untriaged,,
qagame,nitmod_unknown.c,exprListDeleteNN,,,untriaged,,
qagame,nitmod_unknown.c,upsertDelete,,,untriaged,,
qagame,nitmod_unknown.c,whereInfoFree,,,untriaged,,
qagame,nitmod_unknown.c,agginfoPersistExprCb,,,untriaged,,
qagame,nitmod_unknown.c,exprListAppendList,,,untriaged,,
qagame,nitmod_unknown.c,whereClauseInsert,,,untriaged,,
qagame,nitmod_unknown.c,deleteTable,,,untriaged,,
qagame,nitmod_unknown.c,yy_destructor,,,untriaged,,
qagame,nitmod_unknown.c,freeP4Mem,,,untriaged,,
qagame,nitmod_unknown.c,freeP4,,,untriaged,,
qagame,nitmod_unknown.c,codeReal,,,untriaged,,
qagame,nitmod_unknown.c,sqlite3VdbeAddOp4,,,untriaged,,
qagame,nitmod_unknown.c,sqlite3VdbeAddOp4_constprop_627,,,untriaged,,
qagame,nitmod_unknown.c,sqlite3VdbeAddOp4_constprop_628,,,untriaged,,
qagame,nitmod_unknown.c,sqlite3HaltConstraint,,,untriaged,,
qagame,nitmod_unknown.c,codeApplyAffinity_isra_340,,,untriaged,,
qagame,nitmod_unknown.c,generateOutputSubroutine_isra_339,,,untriaged,,
qagame,nitmod_unknown.c,renameReloadSchema,,,untriaged,,
qagame,nitmod_unknown.c,returnSingleText,,,untriaged,,
qagame,nitmod_unknown.c,whereLoopInsert,,,untriaged,,
qagame,nitmod_unknown.c,printfTempBuf,,,untriaged,,
qagame,nitmod_unknown.c,valueToText,,,untriaged,,
qagame,nitmod_unknown.c,valueBytes,,,untriaged,,
qagame,nitmod_unknown.c,groupConcatInverse,,,untriaged,,
qagame,nitmod_unknown.c,getTextArg,,,untriaged,,
qagame,nitmod_unknown.c,statPush,,,untriaged,,
qagame,nitmod_unknown.c,hexFunc,,,untriaged,,
qagame,nitmod_unknown.c,lengthFunc,,,untriaged,,
qagame,nitmod_unknown.c,printfFunc,,,untriaged,,
qagame,nitmod_unknown.c,substrFunc,,,untriaged,,
qagame,nitmod_unknown.c,upperFunc,,,untriaged,,
qagame,nitmod_unknown.c,lowerFunc,,,untriaged,,
qagame,nitmod_unknown.c,likeFunc,,,untriaged,,
qagame,nitmod_unknown.c,compileoptionusedFunc,,,untriaged,,
qagame,nitmod_unknown.c,unicodeFunc,,,untriaged,,
qagame,nitmod_unknown.c,replaceFunc,,,untriaged,,
qagame,nitmod_unknown.c,trimFunc,,,untriaged,,
qagame,nitmod_unknown.c,groupConcatStep,,,untriaged,,
qagame,nitmod_unknown.c,minmaxStep,,,untriaged,,
qagame,nitmod_unknown.c,minmaxFunc,,,untriaged,,
qagame,nitmod_unknown.c,nullifFunc,,,untriaged,,
qagame,nitmod_unknown.c,applyAffinity,,,untriaged,,
qagame,nitmod_unknown.c,unixDlError,,,untriaged,,
qagame,nitmod_unknown.c,statGet,,,untriaged,,
qagame,nitmod_unknown.c,quoteFunc,,,untriaged,,
qagame,nitmod_unknown.c,freeSpace,,,untriaged,,
qagame,nitmod_unknown.c,pageFindSlot,,,untriaged,,
qagame,nitmod_unknown.c,verifyDbFile,,,untriaged,,
qagame,nitmod_unknown.c,errlogFunc,,,untriaged,,
qagame,nitmod_unknown.c,robust_open,,,untriaged,,
qagame,nitmod_unknown.c,unixLogErrorAtLine,,,untriaged,,
qagame,nitmod_unknown.c,unixLockSharedMemory,,,untriaged,,
qagame,nitmod_unknown.c,dropCell_part_439,,,untriaged,,
qagame,nitmod_unknown.c,defragmentPage,,,untriaged,,
qagame,nitmod_unknown.c,ptrmapGet,,,untriaged,,
qagame,nitmod_unknown.c,getOverflowPage,,,untriaged,,
qagame,nitmod_unknown.c,readDbPage,,,untriaged,,
qagame,nitmod_unknown.c,accessPayload_constprop_589,,,untriaged,,
qagame,nitmod_unknown.c,saveCursorPosition_part_490,,,untriaged,,
qagame,nitmod_unknown.c,saveCursorsOnList,,,untriaged,,
qagame,nitmod_unknown.c,saveCursorsOnList_constprop_588,,,untriaged,,
qagame,nitmod_unknown.c,moveToChild,,,untriaged,,
qagame,nitmod_unknown.c,getAndInitPage_constprop_562,,,untriaged,,
qagame,nitmod_unknown.c,moveToRoot,,,untriaged,,
qagame,nitmod_unknown.c,zeroPage,,,untriaged,,
qagame,nitmod_unknown.c,sqlite3BtreeCursor,,,untriaged,,
qagame,nitmod_unknown.c,unixUnlock,,,untriaged,,
qagame,nitmod_unknown.c,nolockClose,,,untriaged,,
qagame,nitmod_unknown.c,moveToLeftmost,,,untriaged,,
qagame,nitmod_unknown.c,unixRandomness,,,untriaged,,
qagame,nitmod_unknown.c,unixClose,,,untriaged,,
qagame,nitmod_unknown.c,accessPayloadChecked,,,untriaged,,
qagame,nitmod_unknown.c,handleMovedCursor,,,untriaged,,
qagame,nitmod_unknown.c,dotlockClose,,,untriaged,,
qagame,nitmod_unknown.c,unixSync,,,untriaged,,
qagame,nitmod_unknown.c,unixShmPurge,,,untriaged,,
qagame,nitmod_unknown.c,unixShmUnmap,,,untriaged,,
qagame,nitmod_unknown.c,bindText,,,untriaged,,
qagame,nitmod_unknown.c,unixDelete,,,untriaged,,
qagame,nitmod_unknown.c,unixMapfile_part_408,,,untriaged,,
qagame,nitmod_unknown.c,unixFetch,,,untriaged,,
qagame,nitmod_unknown.c,openDirectory,,,untriaged,,
qagame,nitmod_unknown.c,pageReinit,,,untriaged,,
qagame,nitmod_unknown.c,unixTruncate,,,untriaged,,
qagame,nitmod_unknown.c,checkAppendMsg,,,untriaged,,
qagame,nitmod_unknown.c,checkPtrmap,,,untriaged,,
qagame,nitmod_unknown.c,checkTreePage,,,untriaged,,
qagame,nitmod_unknown.c,corruptSchema,,,untriaged,,
qagame,nitmod_unknown.c,vtabCallConstructor,,,untriaged,,
qagame,nitmod_unknown.c,renameEditSql,,,untriaged,,
qagame,nitmod_unknown.c,valueFromExpr_constprop_623,,,untriaged,,
qagame,nitmod_unknown.c,codeInteger_isra_380,,,untriaged,,
qagame,nitmod_unknown.c,addModuleArgument,,,untriaged,,
qagame,nitmod_unknown.c,notValidImpl_isra_388,,,untriaged,,
qagame,nitmod_unknown.c,havingToWhereExprCb,,,untriaged,,
qagame,nitmod_unknown.c,fixSelectCb,,,untriaged,,
qagame,nitmod_unknown.c,fixExprCb,,,untriaged,,
qagame,nitmod_unknown.c,whereLoopAddVirtual,,,untriaged,,
qagame,nitmod_unknown.c,parserDoubleLinkSelect,,,untriaged,,
qagame,nitmod_unknown.c,attachWithToSelect,,,untriaged,,
qagame,nitmod_unknown.c,sqlite3SrcListAppendFromTerm,,,untriaged,,
qagame,nitmod_unknown.c,parserAddExprIdListTerm,,,untriaged,,
qagame,nitmod_unknown.c,isAlterableTable_isra_401,,,untriaged,,
qagame,nitmod_unknown.c,selectAddSubqueryTypeInfo,,,untriaged,,
qagame,nitmod_unknown.c,substExpr,,,untriaged,,
qagame,nitmod_unknown.c,substExprList,,,untriaged,,
qagame,nitmod_unknown.c,pushDownWhereTerms,,,untriaged,,
qagame,nitmod_unknown.c,multiSelectCollSeq_isra_425,,,untriaged,,
qagame,nitmod_unknown.c,constInsert,,,untriaged,,
qagame,nitmod_unknown.c,findConstInWhere,,,untriaged,,
qagame,nitmod_unknown.c,multiSelectOrderByKeyInfo_constprop_603,,,untriaged,,
qagame,nitmod_unknown.c,codeCompare_part_420,,,untriaged,,
qagame,nitmod_unknown.c,whereRangeVectorLen_isra_424,,,untriaged,,
qagame,nitmod_unknown.c,convertCompoundSelectToSubquery,,,untriaged,,
qagame,nitmod_unknown.c,whereUsablePartialIndex,,,untriaged,,
qagame,nitmod_unknown.c,whereApplyPartialIndexConstraints,,,untriaged,,
qagame,nitmod_unknown.c,exprNodeIsConstantOrGroupBy,,,untriaged,,
qagame,nitmod_unknown.c,whereIndexExprTransNode,,,untriaged,,
qagame,nitmod_unknown.c,selectWindowRewriteExprCb,,,untriaged,,
qagame,nitmod_unknown.c,analyzeAggregate,,,untriaged,,
qagame,nitmod_unknown.c,resolveOrderGroupBy,,,untriaged,,
qagame,nitmod_unknown.c,whereScanNext,,,untriaged,,
qagame,nitmod_unknown.c,whereScanInitIndexExpr,,,untriaged,,
qagame,nitmod_unknown.c,whereLoopAddBtreeIndex,,,untriaged,,
qagame,nitmod_unknown.c,sqlite3WhereFindTerm,,,untriaged,,
qagame,nitmod_unknown.c,resolveSelectStep,,,untriaged,,
qagame,nitmod_unknown.c,exprMightBeIndexed2,,,untriaged,,
qagame,nitmod_unknown.c,whereLoopAddBtree,,,untriaged,,
qagame,nitmod_unknown.c,whereLoopAddOr,,,untriaged,,
qagame,nitmod_unknown.c,wherePathSatisfiesOrderBy,,,untriaged,,
qagame,nitmod_unknown.c,wherePathSolver,,,untriaged,,
qagame,nitmod_unknown.c,gatherSelectWindowsCallback,,,untriaged,,
qagame,nitmod_unknown.c,unixFullPathname,,,untriaged,,
qagame,nitmod_unknown.c,randomFunc,,,untriaged,,
qagame,nitmod_unknown.c,unixGetTempname,,,untriaged,,
qagame,nitmod_unknown.c,pragmaVtabOpen,,,untriaged,,
qagame,nitmod_unknown.c,resolveExprStep,,,untriaged,,
qagame,nitmod_unknown.c,loadExt,,,untriaged,,
qagame,nitmod_unknown.c,isDate,,,untriaged,,
qagame,nitmod_unknown.c,strftimeFunc,,,untriaged,,
qagame,nitmod_unknown.c,datetimeFunc,,,untriaged,,
qagame,nitmod_unknown.c,timeFunc,,,untriaged,,
qagame,nitmod_unknown.c,dateFunc,,,untriaged,,
qagame,nitmod_unknown.c,juliandayFunc,,,untriaged,,
qagame,nitmod_unknown.c,roundFunc,,,untriaged,,
qagame,nitmod_unknown.c,ctimestampFunc,,,untriaged,,
qagame,nitmod_unknown.c,cdateFunc,,,untriaged,,
qagame,nitmod_unknown.c,ctimeFunc,,,untriaged,,
qagame,nitmod_unknown.c,first_valueStepFunc,,,untriaged,,
qagame,nitmod_unknown.c,nth_valueStepFunc,,,untriaged,,
qagame,nitmod_unknown.c,instrFunc,,,untriaged,,
qagame,nitmod_unknown.c,randomBlob,,,untriaged,,
qagame,nitmod_unknown.c,memjrnlWrite,,,untriaged,,
qagame,nitmod_unknown.c,unixOpen,,,untriaged,,
qagame,nitmod_unknown.c,unixFileControl,,,untriaged,,
qagame,nitmod_unknown.c,unixShmMap,,,untriaged,,
qagame,nitmod_unknown.c,writeJournalHdr,,,untriaged,,
qagame,nitmod_unknown.c,syncJournal,,,untriaged,,
qagame,nitmod_unknown.c,backupOnePage_isra_479,,,untriaged,,
qagame,nitmod_unknown.c,backupUpdate,,,untriaged,,
qagame,nitmod_unknown.c,codeEqualityTerm,,,untriaged,,
qagame,nitmod_unknown.c,sqlite3WhereCodeOneLoopStart,,,untriaged,,
qagame,nitmod_unknown.c,sqlite3WhereBegin,,,untriaged,,
qagame,nitmod_unknown.c,exprCodeVector,,,untriaged,,
qagame,nitmod_unknown.c,exprCodeBetween_isra_525,,,untriaged,,
qagame,nitmod_unknown.c,computeLimitRegisters,,,untriaged,,
qagame,nitmod_unknown.c,codeExprOrVector,,,untriaged,,
qagame,nitmod_unknown.c,exprAnalyze,,,untriaged,,
qagame,nitmod_unknown.c,sqlite3GenerateIndexKey,,,untriaged,,
qagame,nitmod_unknown.c,reindexTable_part_527,,,untriaged,,
qagame,nitmod_unknown.c,reindexDatabases,,,untriaged,,
qagame,nitmod_unknown.c,codeExprOrVector_constprop_594,,,untriaged,,
qagame,nitmod_unknown.c,multiSelect,,,untriaged,,
qagame,nitmod_unknown.c,sqlite3MaterializeView_isra_528_constprop_565,,,untriaged,,
qagame,nitmod_unknown.c,findBtree,,,untriaged,,
qagame,nitmod_unknown.c,lockBtree,,,untriaged,,
qagame,nitmod_unknown.c,getPageMMap,,,untriaged,,
qagame,nitmod_unknown.c,getPageNormal,,,untriaged,,
qagame,nitmod_unknown.c,detachFunc,,,untriaged,,
qagame,nitmod_unknown.c,allocateCursor,,,untriaged,,
qagame,nitmod_unknown.c,newDatabase_part_486,,,untriaged,,
qagame,nitmod_unknown.c,allocateBtreePage,,,untriaged,,
qagame,nitmod_unknown.c,ptrmapPut,,,untriaged,,
qagame,nitmod_unknown.c,ptrmapPutOvflPtr_isra_499,,,untriaged,,
qagame,nitmod_unknown.c,setChildPtrmaps,,,untriaged,,
qagame,nitmod_unknown.c,copyNodeContent_part_500,,,untriaged,,
qagame,nitmod_unknown.c,relocatePage,,,untriaged,,
qagame,nitmod_unknown.c,autoVacuumCommit,,,untriaged,,
qagame,nitmod_unknown.c,clearCell,,,untriaged,,
qagame,nitmod_unknown.c,insertCell,,,untriaged,,
qagame,nitmod_unknown.c,freePage_part_501,,,untriaged,,
qagame,nitmod_unknown.c,balance,,,untriaged,,
qagame,nitmod_unknown.c,clearDatabasePage,,,untriaged,,
qagame,nitmod_unknown.c,charFunc,,,untriaged,,
qagame,nitmod_unknown.c,last_valueStepFunc,,,untriaged,,
qagame,nitmod_unknown.c,sqlite3_create_filename,,,untriaged,,
qagame,nitmod_unknown.c,sqlite3ParseUri,,,untriaged,,
qagame,nitmod_unknown.c,openDatabase,,,untriaged,,
qagame,nitmod_unknown.c,pragmaVtabClose,,,untriaged,,
qagame,nitmod_unknown.c,renameParseCleanup,,,untriaged,,
qagame,nitmod_unknown.c,attachFunc,,,untriaged,,
qagame,nitmod_unknown.c,sqlite3_table_column_metadata,,,untriaged,,
qagame,nitmod_unknown.c,selectExpander,,,untriaged,,
qagame,nitmod_unknown.c,renameResolveTrigger,,,untriaged,,
qagame,nitmod_unknown.c,sqlite3Update_constprop_554,,,untriaged,,
qagame,nitmod_unknown.c,destroyRootPage,,,untriaged,,
qagame,nitmod_unknown.c,openStatTable,,,untriaged,,
qagame,nitmod_unknown.c,analyzeDatabase,,,untriaged,,
qagame,nitmod_unknown.c,analyzeTable,,,untriaged,,
qagame,nitmod_unknown.c,renameTestSchema,,,untriaged,,
qagame,nitmod_unknown.c,dropColumnFunc,,,untriaged,,
qagame,nitmod_unknown.c,renameTableTest,,,untriaged,,
qagame,nitmod_unknown.c,renameTableFunc,,,untriaged,,
qagame,nitmod_unknown.c,pragmaVtabFilter,,,untriaged,,
qagame,nitmod_unknown.c,pragmaVtabNext,,,untriaged,,
qagame,nitmod_unknown.c,execSql,,,untriaged,,
qagame,nitmod_unknown.c,execSqlF,,,untriaged,,
qagame,nitmod_unknown.c,sqlite3_blob_open,,,untriaged,,
qagame,nitmod_unknown.c,MaxFragHolder,,,untriaged,,
qagame,nitmod_unknown.c,MaxSpreeHolder,,,untriaged,,
qagame,nitmod_unknown.c,MaxRSpreeHolder,,,untriaged,,
qagame,nitmod_unknown.c,AllocBan,,,untriaged,,
qagame,nitmod_unknown.c,AllocMute,,,untriaged,,
qagame,nitmod_unknown.c,AllocUser,,,untriaged,,
qagame,nitmod_unknown.c,AllocLevel,,,untriaged,,
qagame,nitmod_unknown.c,GetUserPointer,,,untriaged,,
qagame,nitmod_unknown.c,f_call,,,untriaged,,
qagame,nitmod_unknown.c,f_Ccall,,,untriaged,,
qagame,nitmod_unknown.c,str_upper,,,untriaged,,
qagame,nitmod_unknown.c,str_reverse,,,untriaged,,
qagame,nitmod_unknown.c,str_sub,,,untriaged,,
qagame,nitmod_unknown.c,str_rep,,,untriaged,,
qagame,nitmod_unknown.c,writer,,,untriaged,,
qagame,nitmod_unknown.c,str_len,,,untriaged,,
qagame,nitmod_unknown.c,gfind_nodef,,,untriaged,,
qagame,nitmod_unknown.c,match_class,,,untriaged,,
qagame,nitmod_unknown.c,str_lower,,,untriaged,,
qagame,nitmod_unknown.c,str_byte,,,untriaged,,
qagame,nitmod_unknown.c,gmatch,,,untriaged,,
qagame,nitmod_unknown.c,str_dump,,,untriaged,,
qagame,nitmod_unknown.c,str_char,,,untriaged,,
qagame,nitmod_unknown.c,push_captures,,,untriaged,,
qagame,nitmod_unknown.c,str_format,,,untriaged,,
qagame,nitmod_unknown.c,matchbracketclass,,,untriaged,,
qagame,nitmod_unknown.c,max_expand,,,untriaged,,
qagame,nitmod_unknown.c,match,,,untriaged,,
qagame,nitmod_unknown.c,str_gsub,,,untriaged,,
qagame,nitmod_unknown.c,gmatch_aux,,,untriaged,,
qagame,nitmod_unknown.c,str_find_aux_constprop_5,,,untriaged,,
qagame,nitmod_unknown.c,str_match,,,untriaged,,
qagame,nitmod_unknown.c,str_find_aux,,,untriaged,,
qagame,nitmod_unknown.c,str_find,,,untriaged,,
qagame,nitmod_unknown.c,DumpString,,,untriaged,,
qagame,nitmod_unknown.c,DumpFunction,,,untriaged,,
qagame,nitmod_unknown.c,luaU_dump,,,untriaged,,
qagame,nitmod_unknown.c,addk,,,untriaged,,
qagame,nitmod_unknown.c,patchlistaux,,,untriaged,,
qagame,nitmod_unknown.c,discharge2reg,,,untriaged,,
qagame,nitmod_unknown.c,exp2reg,,,untriaged,,
qagame,nitmod_unknown.c,jumponcond,,,untriaged,,
qagame,nitmod_unknown.c,codearith,,,untriaged,,
qagame,nitmod_unknown.c,codecomp,,,untriaged,,
qagame,nitmod_unknown.c,reallymarkobject,,,untriaged,,
qagame,nitmod_unknown.c,propagatemark,,,untriaged,,
qagame,nitmod_unknown.c,cleartable,,,untriaged,,
qagame,nitmod_unknown.c,sweeplist_constprop_3,,,untriaged,,
qagame,nitmod_unknown.c,markroot_isra_2,,,untriaged,,
qagame,nitmod_unknown.c,ll_require,,,untriaged,,
qagame,nitmod_unknown.c,ll_module,,,untriaged,,
qagame,nitmod_unknown.c,loader_preload,,,untriaged,,
qagame,nitmod_unknown.c,findfile,,,untriaged,,
qagame,nitmod_unknown.c,ll_seeall,,,untriaged,,
qagame,nitmod_unknown.c,gctm,,,untriaged,,
qagame,nitmod_unknown.c,ll_loadfunc_isra_3,,,untriaged,,
qagame,nitmod_unknown.c,loader_Croot,,,untriaged,,
qagame,nitmod_unknown.c,ll_loadlib,,,untriaged,,
qagame,nitmod_unknown.c,loader_Lua,,,untriaged,,
qagame,nitmod_unknown.c,loader_C,,,untriaged,,
qagame,nitmod_unknown.c,symbexec,,,untriaged,,
qagame,nitmod_unknown.c,getobjname,,,untriaged,,
qagame,nitmod_unknown.c,mainposition,,,untriaged,,
qagame,nitmod_unknown.c,resize,,,untriaged,,
qagame,nitmod_unknown.c,newkey,,,untriaged,,
qagame,nitmod_unknown.c,f_parser,,,untriaged,,
qagame,nitmod_unknown.c,resume,,,untriaged,,
qagame,nitmod_unknown.c,call_orderTM,,,untriaged,,
qagame,nitmod_unknown.c,Arith,,,untriaged,,
qagame,nitmod_unknown.c,ipairsaux,,,untriaged,,
qagame,nitmod_unknown.c,generic_reader,,,untriaged,,
qagame,nitmod_unknown.c,auxresume,,,untriaged,,
qagame,nitmod_unknown.c,save,,,untriaged,,
qagame,nitmod_unknown.c,inclinenumber,,,untriaged,,
qagame,nitmod_unknown.c,read_numeral,,,untriaged,,
qagame,nitmod_unknown.c,read_long_string,,,untriaged,,
qagame,nitmod_unknown.c,llex,,,untriaged,,
qagame,nitmod_unknown.c,hookf,,,untriaged,,
qagame,nitmod_unknown.c,open_func,,,untriaged,,
qagame,nitmod_unknown.c,close_func,,,untriaged,,
qagame,nitmod_unknown.c,indexupvalue_isra_6,,,untriaged,,
qagame,nitmod_unknown.c,pushclosure_isra_8,,,untriaged,,
qagame,nitmod_unknown.c,new_localvar,,,untriaged,,
qagame,nitmod_unknown.c,parlist,,,untriaged,,
qagame,nitmod_unknown.c,singlevaraux,,,untriaged,,
qagame,nitmod_unknown.c,singlevar,,,untriaged,,
qagame,nitmod_unknown.c,chunk,,,untriaged,,
qagame,nitmod_unknown.c,body,,,untriaged,,
qagame,nitmod_unknown.c,block,,,untriaged,,
qagame,nitmod_unknown.c,body_constprop_12,,,untriaged,,
qagame,nitmod_unknown.c,subexpr,,,untriaged,,
qagame,nitmod_unknown.c,recfield_isra_11,,,untriaged,,
qagame,nitmod_unknown.c,constructor,,,untriaged,,
qagame,nitmod_unknown.c,funcargs,,,untriaged,,
qagame,nitmod_unknown.c,primaryexp,,,untriaged,,
qagame,nitmod_unknown.c,assignment,,,untriaged,,
qagame,nitmod_unknown.c,setn,,,untriaged,,
qagame,nitmod_unknown.c,tremove,,,untriaged,,
qagame,nitmod_unknown.c,tinsert,,,untriaged,,
qagame,nitmod_unknown.c,foreach,,,untriaged,,
qagame,nitmod_unknown.c,maxn,,,untriaged,,
qagame,nitmod_unknown.c,getn,,,untriaged,,
qagame,nitmod_unknown.c,foreachi,,,untriaged,,
qagame,nitmod_unknown.c,tconcat,,,untriaged,,
qagame,nitmod_unknown.c,auxsort,,,untriaged,,
qagame,nitmod_unknown.c,sort,,,untriaged,,
qagame,nitmod_unknown.c,getS,,,untriaged,,
qagame,nitmod_unknown.c,panic,,,untriaged,,
qagame,nitmod_unknown.c,l_alloc,,,untriaged,,
qagame,nitmod_unknown.c,getF,,,untriaged,,
qagame,nitmod_unknown.c,math_rad,,,untriaged,,
qagame,nitmod_unknown.c,math_floor,,,untriaged,,
qagame,nitmod_unknown.c,math_deg,,,untriaged,,
qagame,nitmod_unknown.c,math_ceil,,,untriaged,,
qagame,nitmod_unknown.c,math_abs,,,untriaged,,
qagame,nitmod_unknown.c,math_tan,,,untriaged,,
qagame,nitmod_unknown.c,math_tanh,,,untriaged,,
qagame,nitmod_unknown.c,math_sqrt,,,untriaged,,
qagame,nitmod_unknown.c,math_sin,,,untriaged,,
qagame,nitmod_unknown.c,math_sinh,,,untriaged,,
qagame,nitmod_unknown.c,math_randomseed,,,untriaged,,
qagame,nitmod_unknown.c,math_min,,,untriaged,,
qagame,nitmod_unknown.c,math_max,,,untriaged,,
qagame,nitmod_unknown.c,math_random,,,untriaged,,
qagame,nitmod_unknown.c,math_pow,,,untriaged,,
qagame,nitmod_unknown.c,math_modf,,,untriaged,,
qagame,nitmod_unknown.c,math_log,,,untriaged,,
qagame,nitmod_unknown.c,math_log10,,,untriaged,,
qagame,nitmod_unknown.c,math_ldexp,,,untriaged,,
qagame,nitmod_unknown.c,math_frexp,,,untriaged,,
qagame,nitmod_unknown.c,math_fmod,,,untriaged,,
qagame,nitmod_unknown.c,math_exp,,,untriaged,,
qagame,nitmod_unknown.c,math_cos,,,untriaged,,
qagame,nitmod_unknown.c,math_cosh,,,untriaged,,
qagame,nitmod_unknown.c,math_atan,,,untriaged,,
qagame,nitmod_unknown.c,math_atan2,,,untriaged,,
qagame,nitmod_unknown.c,math_asin,,,untriaged,,
qagame,nitmod_unknown.c,math_acos,,,untriaged,,
qagame,nitmod_unknown.c,os_setlocale,,,untriaged,,
qagame,nitmod_unknown.c,os_rename,,,untriaged,,
qagame,nitmod_unknown.c,os_getenv,,,untriaged,,
qagame,nitmod_unknown.c,os_exit,,,untriaged,,
qagame,nitmod_unknown.c,os_execute,,,untriaged,,
qagame,nitmod_unknown.c,os_difftime,,,untriaged,,
qagame,nitmod_unknown.c,os_clock,,,untriaged,,
qagame,nitmod_unknown.c,os_tmpname,,,untriaged,,
qagame,nitmod_unknown.c,os_date,,,untriaged,,
qagame,nitmod_unknown.c,os_remove,,,untriaged,,
qagame,nitmod_unknown.c,os_time,,,untriaged,,
qagame,nitmod_unknown.c,PrintConstant_isra_0,,,untriaged,,
qagame,nitmod_unknown.c,f_luaopen,,,untriaged,,
qagame,nitmod_unknown.c,close_state,,,untriaged,,
qagame,nitmod_unknown.c,callallgcTM,,,untriaged,,
qagame,nitmod_unknown.c,io_noclose,,,untriaged,,
qagame,nitmod_unknown.c,read_line,,,untriaged,,
qagame,nitmod_unknown.c,io_tostring,,,untriaged,,
qagame,nitmod_unknown.c,io_type,,,untriaged,,
qagame,nitmod_unknown.c,read_chars,,,untriaged,,
qagame,nitmod_unknown.c,io_readline,,,untriaged,,
qagame,nitmod_unknown.c,g_write,,,untriaged,,
qagame,nitmod_unknown.c,io_write,,,untriaged,,
qagame,nitmod_unknown.c,io_pclose,,,untriaged,,
qagame,nitmod_unknown.c,io_gc,,,untriaged,,
qagame,nitmod_unknown.c,f_write,,,untriaged,,
qagame,nitmod_unknown.c,io_open,,,untriaged,,
qagame,nitmod_unknown.c,f_lines,,,untriaged,,
qagame,nitmod_unknown.c,io_fclose,,,untriaged,,
qagame,nitmod_unknown.c,f_flush,,,untriaged,,
qagame,nitmod_unknown.c,io_flush,,,untriaged,,
qagame,nitmod_unknown.c,f_seek,,,untriaged,,
qagame,nitmod_unknown.c,io_input,,,untriaged,,
qagame,nitmod_unknown.c,io_close,,,untriaged,,
qagame,nitmod_unknown.c,f_setvbuf,,,untriaged,,
qagame,nitmod_unknown.c,io_popen,,,untriaged,,
qagame,nitmod_unknown.c,io_tmpfile,,,untriaged,,
qagame,nitmod_unknown.c,g_read,,,untriaged,,
qagame,nitmod_unknown.c,io_read,,,untriaged,,
qagame,nitmod_unknown.c,f_read,,,untriaged,,
qagame,nitmod_unknown.c,io_lines,,,untriaged,,
qagame,nitmod_unknown.c,io_output,,,untriaged,,
qagame,nitmod_unknown.c,LoadString,,,untriaged,,
qagame,nitmod_unknown.c,LoadFunction,,,untriaged,,
qagame,nitmod_unknown.c,_weaponBotToGame,,,untriaged,,
qagame,nitmod_unknown.c,_chooseSecWeap,,,untriaged,,
qagame,nitmod_unknown.c,_choosePriWeap,,,untriaged,,
qagame,nitmod_unknown.c,UpdateGoalEntity,,,untriaged,,
qagame,nitmod_unknown.c,DeleteMapGoal,,,untriaged,,
qagame,nitmod_unknown.c,_GetEntityTeam,,,untriaged,,
qagame,nitmod_unknown.c,_GetEntityClass,,,untriaged,,
qagame,nitmod_unknown.c,InFieldOfVision,,,untriaged,,
qagame,nitmod_unknown.c,stat64,,,untriaged,,
qagame,nitmod_unknown.c,fstat64,,,untriaged,,
qagame,nitmod_unknown.c,lstat64,,,untriaged,,
qagame,nitmod_weapons.c,G_RemoveWeapons,,game/g_nitmod_weapons.c,ported_partial,original-ELF-item-identities/typed-inventory-tests,42 mapped native identities; four Nitmod-only poison/bomb variants omitted. Active war=4 frame hook with per-spawn latch and native EV_NOAMMO. Ammo and surviving bits preserved. See reference/active-war-entry.md.
qagame,nitmod_weapons.c,G_DropLimboAmmo,,,untriaged,,
qagame,nitmod_weapons.c,G_CorrectSecondaryWeapon,,,untriaged,,
qagame,nitmod_weapons.c,G_AddClassWeapons,,game/g_client.c,ported_partial,original-ELF-0x4ba20/full-qagame-spawn-tests,Active rifle attachment limits and dualSMG grants plus g_medics bit 4 primary suppression. Native skill/ammo policy retained. See reference/active-spawn-equipment.md and reference/active-medic-loadout.md.
qagame,nitmod_weapons.c,G_IsHeavyWeapon,,,untriaged,,
qagame,nitmod_weapons.c,G_TeamCountWeapons,,,untriaged,,
qagame,nitmod_weapons.c,G_IsWeaponDisabled,,game/g_nitmod_weapon_policy.c; game/g_nitmod_restrictions.c; game/nitmod_weapon_limits.c,ported_partial,original-i386-control-flow/typed-restriction-tests,Active ordinary spawn/selection restriction composition with original mapped limits and Sten policy; native fallback on unavailable inputs. See reference/active-loadout-restrictions.md.
qagame,nitmod_weapons.c,G_SetClientWeapons,,game/g_nitmod_loadout.c,ported_partial,typed-loadout/integrated-policy-tests,Active team/loadout primary denial and secondary latch transaction with capability-gated messages; changed-only clientinfo publication. See reference/active-loadout-restrictions.md.
qagame,nitmod_weapons.c,G_weaponStats_cmd,,,untriaged,,
qagame,nitmod_weapons.c,G_weaponStatsLeaders_cmd,,,untriaged,,
qagame,nitmod_weapons.c,G_weaponRankings_cmd,,,untriaged,,
qagame,nitmod_weapons.c,G_WeaponCanGib,,,untriaged,,
qagame,nitmod_weapons.c,G_Damage,,,untriaged,,
qagame,nitmod_weapons.c,G_GetPrimaryWeaponForClient,,,untriaged,,
qagame,nitmod_weapons.c,G_CanPickupWeapon,,game/g_items.c; game/g_nitmod_weapon_adapter.c,ported_partial,original-ELF-0x71e30/full-qagame-pickup-matrix,Active restriction and war/pickAny early returns with capability-gated denial. Ordinary classes retain native policy until original class masks are available. See reference/active-pickup-restrictions.md.
qagame,nitmod_weapons.c,Pickup_Ammo,,,untriaged,,
qagame,nitmod_weapons.c,G_DropWeapon,,,untriaged,,
qagame,nitmod_weapons.c,Pickup_Weapon,,,untriaged,,
qagame,nitmod_weapons.c,G_EmplacedGunIsMountable,,,untriaged,,
qagame,nitmod_weapons.c,G_EmplacedGunIsRepairable,,,untriaged,,
qagame,nitmod_weapons.c,G_weapStatIndex_MOD,,,untriaged,,
qagame,nitmod_weapons.c,Nit_WeapDie,,game/g_nitmod_weapon_damage.c,ported_partial,original-i386-disassembly/executable-tests,"ELF 0x89390: clear free, corpse contents, time+1 explosion scheduling without owner changes. Activated for smoke-bomb g_damageweapons mask 0x8 with original 40 HP and bounds. 256 masks/8 death cases; other consumers and gameplay replay pending."
qagame,nitmod_weapons.c,G_ExplodeMissile,,,untriaged,,
qagame,nitmod_weapons.c,G_FreeSatchel,,game/g_nitmod_satchel_free.c,ported_partial,original-i386-disassembly/executable-tests,"ELF 0x8a570 clears free callback, checks missile/connected/covert owner, restores satchel inventory without an event. Typed ET mapping; null/index guards are defensive differences. 600 state cases; original runtime replay pending."
qagame,nitmod_weapons.c,Nit_SatchelDie,,game/g_nitmod_satchel_die.c,ported_partial,original-i386-disassembly/executable-tests,"ELF 0x8a5f0: corpse contents, next-tick explosion, inventory restore and conditional EV_NOAMMO. Activated at satchel spawn only for g_damageweapons mask 0x2; original default 0/flags 0 verified from ELF. 32 handler cases and 256 flag masks; other bits unported; defensive null/index guards."
qagame,nitmod_weapons.c,G_TripMineThink,,,untriaged,,
qagame,nitmod_weapons.c,G_LandmineThink,,game/g_missile.c; game/g_nitmod_mine_contact.c,ported_partial,original-ELF-team-owner-filter/12288-policy-cases,Team/owner and bot team/spotted filters active before contact geometry. Original-default omnibot_flags registered; 12288 owner/team and 2048 bot cases. Bot pretrigger event/private variant pending. See reference/landmine-bot-filter.md.
qagame,nitmod_weapons.c,G_MissileDie,,,untriaged,,
qagame,nitmod_weapons.c,G_MissileImpact,,,untriaged,,
qagame,nitmod_weapons.c,G_MissileDownXPAward,,,untriaged,,
qagame,nitmod_weapons.c,G_RunMissile,,,untriaged,,
qagame,nitmod_weapons.c,G_FlameDamage,,,untriaged,,
qagame,nitmod_weapons.c,G_RunFlamechunk,,,untriaged,,
qagame,nitmod_weapons.c,nitrox_FadeLandmines,,game/g_nitmod_entities.c; game/g_missile.c,ported_partial,owner-cleanup/executable-tests,"Reverse owner-list cleanup integrated through G_FadeItems. Clears parent and ownerNum before release; mines remove both map markers. Tests cover adjacent matches, other owners, map mines, repeated cleanup and slot reuse. Native timeout gates retained; null-owner rejection deliberate; engine replay pending."
qagame,nitmod_weapons.c,nitrox_FadeSatchels,,game/g_nitmod_entities.c; game/g_missile.c,ported_partial,owner-cleanup/executable-tests,"Reverse owner-list cleanup integrated through G_FadeItems. Clears parent and ownerNum before release; mines remove both map markers. Tests cover adjacent matches, other owners, map mines, repeated cleanup and slot reuse. Native timeout gates retained; null-owner rejection deliberate; engine replay pending."
qagame,nitmod_weapons.c,nitrox_FadeAirstrikes,,,untriaged,,
qagame,nitmod_weapons.c,G_CountTeamLandmines,,game/g_nitmod_entities.c; game/g_missile.c,ported_partial,typed-lifecycle/executable-tests,"Counts armed team mines from typed registry, capped at native MAX_TEAM_LANDMINES. Throw/map placement, explosion/free and map reset hooked. Tests cover arming, team changes, duplicate/removal/reuse, independent satchels and overflow. Nitmod team_maxLandmines Cvar and engine replay pending."
qagame,nitmod_weapons.c,G_SweepForLandmines,,game/g_nitmod_mine_sweep.c,ported_partial,original-i386-disassembly/executable-tests,"Original ELF 0x0008dbe0: origin +/- radius box query with 1024 slots, then constant false. Original caller uses result only for HQ warning. Typed adapter integrated, 80 query/return cases; original runtime replay pending. See reference/mine-satchel-disassembly.md."
qagame,nitmod_weapons.c,G_FindSatchel,,game/g_nitmod_entities.c; game/g_missile.c,ported_partial,typed-lifecycle/executable-tests,"First owner match in creation-ordered satchel list; spawn, explosion, free and map reset hooked. Tests use real gentity_t and exercise order, slot reuse, reset and fatal overflow adapter. Original engine replay and multi-satchel detonation parity pending."
qagame,nitmod_weapons.c,G_ExplodeSatchels,,game/g_nitmod_entities.c; game/g_missile.c,ported_partial,detonation-selection/executable-tests,"Owner and inclusive 2000-unit range mapped to typed entities. Stable registration-order snapshot with generation and membership revalidation deliberately avoids reference list-compaction skips and reused slots. Tests exercise range, adjacent entries, ownership and callback mutations; original chain-reaction replay pending."
qagame,nitmod_weapons.c,G_TripMinePrime,,,untriaged,,
qagame,nitmod_weapons.c,G_LandminePrime,,,untriaged,,
qagame,nitmod_weapons.c,G_LandmineSnapshotCallback,,,untriaged,,
qagame,nitmod_weapons.c,G_UpdateTeamMapData_LandMine,,,untriaged,,
qagame,nitmod_weapons.c,G_IsAllowedAmmo,,,untriaged,,
qagame,nitmod_weapons.c,G_AirStrikeExplode,,,untriaged,,
qagame,nitmod_weapons.c,nitrox_artillerySpotter_Think,,,untriaged,,
qagame,nitmod_weapons.c,weapon_callSecondPlane,,,untriaged,,
qagame,nitmod_weapons.c,weapon_smokeBombExplode,,,untriaged,,
qagame,nitmod_weapons.c,G_GetWeaponSpread_part_6,,,untriaged,,
qagame,nitmod_weapons.c,weapon_checkAirStrikeThink1,,,untriaged,,
qagame,nitmod_weapons.c,weapon_checkAirStrikeThink2,,,untriaged,,
qagame,nitmod_weapons.c,weapon_callAirStrike,,,untriaged,,
qagame,nitmod_weapons.c,G_WeaponIsExplosive,,,untriaged,,
qagame,nitmod_weapons.c,G_GetWeaponClassForMOD,,,untriaged,,
qagame,nitmod_weapons.c,Weapon_Knife,,,untriaged,,
qagame,nitmod_weapons.c,Weapon_Medic_Ext,,,untriaged,,
qagame,nitmod_weapons.c,Weapon_Medic,,,untriaged,,
qagame,nitmod_weapons.c,G_PlaceTripmine,,,untriaged,,
qagame,nitmod_weapons.c,Weapon_MagicAmmo_Ext,,,untriaged,,
qagame,nitmod_weapons.c,Weapon_MagicAmmo,,,untriaged,,
qagame,nitmod_weapons.c,Weapon_Syringe,,,untriaged,,
qagame,nitmod_weapons.c,Weapon_Poison,,,untriaged,,
qagame,nitmod_weapons.c,G_LandmineTriggered,,,untriaged,,
qagame,nitmod_weapons.c,G_LandmineArmed,,,untriaged,,
qagame,nitmod_weapons.c,G_LandmineUnarmed,,,untriaged,,
qagame,nitmod_weapons.c,G_LandmineTeam,,,untriaged,,
qagame,nitmod_weapons.c,G_LandmineSpotted,,,untriaged,,
qagame,nitmod_weapons.c,trap_EngineerTrace,,,untriaged,,
qagame,nitmod_weapons.c,Weapon_Engineer,,,untriaged,,
qagame,nitmod_weapons.c,G_AvailableAirstrikes,,,untriaged,,
qagame,nitmod_weapons.c,G_AddAirstrikeToCounters,,,untriaged,,
qagame,nitmod_weapons.c,weapon_checkAirStrike,,,untriaged,,
qagame,nitmod_weapons.c,Weapon_Artillery,,,untriaged,,
qagame,nitmod_weapons.c,G_GetWeaponDamage,,,untriaged,,
qagame,nitmod_weapons.c,G_GetWeaponSpread,,,untriaged,,
qagame,nitmod_weapons.c,Bullet_Fire,,,untriaged,,
qagame,nitmod_weapons.c,weapon_gpg40_fire,,,untriaged,,
qagame,nitmod_weapons.c,weapon_mortar_fire,,,untriaged,,
qagame,nitmod_weapons.c,weapon_grenadelauncher_fire,,,untriaged,,
qagame,nitmod_weapons.c,Weapon_Panzerfaust_Fire,,,untriaged,,
qagame,nitmod_weapons.c,Weapon_FlamethrowerFire,,,untriaged,,
qagame,nitmod_weapons.c,CalcMuzzlePoint,,,untriaged,,
qagame,nitmod_weapons.c,CalcMuzzlePointForActivate,,,untriaged,,
qagame,nitmod_weapons.c,CalcMuzzlePoints,,,untriaged,,
qagame,nitmod_weapons.c,nitrox_tripmine,,,untriaged,,
qagame,nitmod_weapons.c,FireWeapon,,,untriaged,,
qagame,nitmod_weapons.c,nitmod_CountTeamTripmines,,,untriaged,,
qagame,nitmod_weapons.c,nitmod_PoisonGasThink,,,untriaged,,
qagame,nitmod_weapons.c,nitmod_AddNewWeapon,,,untriaged,,
qagame,nitmod_weapons.c,nitrox_RemoveTripmines,,,untriaged,,
qagame,nitmod_weapons.c,nitrox_GetWeaponSplashDamage,,,untriaged,,
qagame,nitmod_weapons.c,nitrox_GetWeaponSplashDamageRadius,,,untriaged,,
ui,ui_runtime.c,__do_global_dtors_aux,,,untriaged,,
ui,ui_runtime.c,_init,,,untriaged,,
ui,ui_ui_color.c,ColorBytes3,,,untriaged,,
ui,ui_ui_color.c,ColorBytes4,,,untriaged,,
ui,ui_ui_color.c,Color_Parse,,,untriaged,,
ui,ui_ui_color.c,ItemParse_addColorRange,,,untriaged,,
ui,ui_ui_color.c,ItemParse_addColorRangeRel,,,untriaged,,
ui,ui_ui_color.c,ItemParse_backcolor,,,untriaged,,
ui,ui_ui_color.c,ItemParse_bordercolor,,,untriaged,,
ui,ui_ui_color.c,ItemParse_forecolor,,,untriaged,,
ui,ui_ui_color.c,ItemParse_outlinecolor,,,untriaged,,
ui,ui_ui_color.c,LerpColor,,,untriaged,,
ui,ui_ui_color.c,MenuParse_backcolor,,,untriaged,,
ui,ui_ui_color.c,MenuParse_bordercolor,,,untriaged,,
ui,ui_ui_color.c,MenuParse_disablecolor,,,untriaged,,
ui,ui_ui_color.c,MenuParse_focuscolor,,,untriaged,,
ui,ui_ui_color.c,MenuParse_forecolor,,,untriaged,,
ui,ui_ui_color.c,MenuParse_outlinecolor,,,untriaged,,
ui,ui_ui_color.c,NormalizeColor,,,untriaged,,
ui,ui_ui_color.c,ParseColorRange,,,untriaged,,
ui,ui_ui_color.c,Script_SetColor,,,untriaged,,
ui,ui_ui_color.c,Script_SetItemColor,,,untriaged,,
ui,ui_ui_color.c,Script_SetMenuItemColor,,,untriaged,,
ui,ui_ui_color.c,Script_SetTeamColor,,,untriaged,,
ui,ui_ui_color.c,UI_SetColor,,,untriaged,,
ui,ui_ui_display.c,Display_KeyBindPending,,,untriaged,,
ui,ui_ui_display.c,Display_VisibleMenuCount,,,untriaged,,
ui,ui_ui_draw.c,GradientBar_Paint,,,untriaged,,
ui,ui_ui_draw.c,ItemParse_maxPaintChars,,,untriaged,,
ui,ui_ui_draw.c,ItemParse_ownerdraw,,,untriaged,,
ui,ui_ui_draw.c,ItemParse_ownerdrawFlag,,,untriaged,,
ui,ui_ui_draw.c,MenuParse_drawAlwaysOnTop,,,untriaged,,
ui,ui_ui_draw.c,MenuParse_ownerdraw,,,untriaged,,
ui,ui_ui_draw.c,MenuParse_ownerdrawFlag,,,untriaged,,
ui,ui_ui_draw.c,Text_PaintCenter,,,untriaged,,
ui,ui_ui_draw.c,UI_DrawCampaignDescription,,ui/ui_nitmod_description.c,ported_partial,original-decompile/full-UI-layout-fixture,Shared bounded text renderer and validated catalog selection; malformed-input differences documented in reference/ui-description-layout.md.
ui,ui_ui_draw.c,UI_DrawConnectScreen,,,untriaged,,
ui,ui_ui_draw.c,UI_DrawGametypeDescription,,ui/ui_nitmod_description.c,ported_partial,original-decompile/full-UI-layout-fixture,Original double-star paragraphs and baseline retained; browser screenshot parity pending. See reference/ui-description-layout.md.
ui,ui_ui_draw.c,UI_DrawHandlePic,,,untriaged,,
ui,ui_ui_draw.c,UI_DrawMapCinematic,,ui/ui_main.c,ported_partial,original-ELF-0x1e1e0/full-UI-lifecycle-tests,Rewritten cinematic lifecycle with shared validated catalog selection; delayed failure fallback retained. See reference/ui-map-preview.md.
ui,ui_ui_draw.c,UI_DrawMapPreview,,ui/ui_main.c,ported_partial,original-decompile/full-UI-catalog-tests,Existing mapped rendering with bounded selection and campaign references; original off-by-one deliberately fixed. See reference/ui-map-preview.md.
ui,ui_ui_draw.c,UI_DrawNamedPic,,,untriaged,,
ui,ui_ui_draw.c,UI_DrawNetMapPreview,,,untriaged,,
ui,ui_ui_draw.c,UI_DrawRect,,,untriaged,,
ui,ui_ui_draw.c,UI_DrawRotatedPic,,,untriaged,,
ui,ui_ui_draw.c,UI_DrawSides,,,untriaged,,
ui,ui_ui_draw.c,UI_DrawTextBox,,,untriaged,,
ui,ui_ui_draw.c,UI_DrawTopBottom,,,untriaged,,
ui,ui_ui_draw.c,UI_OwnerDraw,,,untriaged,,
ui,ui_ui_draw.c,Window_Paint,,,untriaged,,
ui,ui_ui_init.c,Init_Display,,,untriaged,,
ui,ui_ui_init.c,String_Init,,,untriaged,,
ui,ui_ui_init.c,Tooltip_Initialize,,,untriaged,,
ui,ui_ui_init.c,UI_InitMemory,,,untriaged,,
ui,ui_ui_init.c,UI_RegisterCvars,,,untriaged,,
ui,ui_ui_init.c,Window_Init,,,untriaged,,
ui,ui_ui_init.c,_UI_Init,,,untriaged,,
ui,ui_ui_init.c,deregister_tm_clones,,,untriaged,,
ui,ui_ui_init.c,register_tm_clones,,,untriaged,,
ui,ui_ui_item.c,Item_Action,,,untriaged,,
ui,ui_ui_item.c,Item_Bind_HandleKey,,,untriaged,,
ui,ui_ui_item.c,Item_Bind_Paint,,,untriaged,,
ui,ui_ui_item.c,Item_CheckBox_HandleKey,,ui/ui_shared.c,ported_partial,original-ui-ELF-0x34330/160-checkbox-cases,Bitflag checkboxes leave mutation to action script; ordinary checkbox retained. Other input behavior not claimed. See reference/map-load-compatibility.md.
ui,ui_ui_item.c,Item_CheckBox_Paint,,ui/ui_shared.c,ported_partial,original-ui-ELF-0x36b20/160-paint-cases,Bitflag masks integer cvar for display; no-text checked/unchecked draws verified. Full layout parity pending. See reference/map-load-compatibility.md.
ui,ui_ui_item.c,Item_CorrectedTextRect,,,untriaged,,
ui,ui_ui_item.c,Item_EnableShowViaCvar,,,untriaged,,
ui,ui_ui_item.c,Item_HandleKey,,,untriaged,,
ui,ui_ui_item.c,Item_Image_Paint,,,untriaged,,
ui,ui_ui_item.c,Item_Init,,,untriaged,,
ui,ui_ui_item.c,Item_InitControls,,,untriaged,,
ui,ui_ui_item.c,Item_ListBox_HandleKey,,,untriaged,,
ui,ui_ui_item.c,Item_ListBox_MaxScroll,,,untriaged,,
ui,ui_ui_item.c,Item_ListBox_MouseEnter,,,untriaged,,
ui,ui_ui_item.c,Item_ListBox_OverLB,,,untriaged,,
ui,ui_ui_item.c,Item_ListBox_Paint,,,untriaged,,
ui,ui_ui_item.c,Item_ListBox_ThumbDrawPosition,,,untriaged,,
ui,ui_ui_item.c,Item_ListBox_ThumbPosition,,,untriaged,,
ui,ui_ui_item.c,Item_Model_Paint,,,untriaged,,
ui,ui_ui_item.c,Item_MouseEnter,,,untriaged,,
ui,ui_ui_item.c,Item_MouseLeave,,,untriaged,,
ui,ui_ui_item.c,Item_Multi_CountSettings,,,untriaged,,
ui,ui_ui_item.c,Item_Multi_FindCvarByValue,,,untriaged,,
ui,ui_ui_item.c,Item_Multi_HandleKey,,,untriaged,,
ui,ui_ui_item.c,Item_Multi_Paint,,,untriaged,,
ui,ui_ui_item.c,Item_Multi_Setting,,,untriaged,,
ui,ui_ui_item.c,Item_OwnerDraw_HandleKey,,,untriaged,,
ui,ui_ui_item.c,Item_OwnerDraw_Paint,,,untriaged,,
ui,ui_ui_item.c,Item_Paint,,,untriaged,,
ui,ui_ui_item.c,Item_Parse,,,untriaged,,
ui,ui_ui_item.c,Item_RunScript,,,untriaged,,
ui,ui_ui_item.c,Item_RunScript_constprop_37,,,untriaged,,
ui,ui_ui_item.c,Item_SetFocus,,,untriaged,,
ui,ui_ui_item.c,Item_SetMouseOver,,,untriaged,,
ui,ui_ui_item.c,Item_SetScreenCoords,,,untriaged,,
ui,ui_ui_item.c,Item_SetTextExtents,,,untriaged,,
ui,ui_ui_item.c,Item_SettingShow,,,untriaged,,
ui,ui_ui_item.c,Item_SettingShow_constprop_35,,,untriaged,,
ui,ui_ui_item.c,Item_SettingShow_constprop_36,,,untriaged,,
ui,ui_ui_item.c,Item_SetupKeywordHash,,,untriaged,,
ui,ui_ui_item.c,Item_Slider_HandleKey,,,untriaged,,
ui,ui_ui_item.c,Item_Slider_OverSlider,,,untriaged,,
ui,ui_ui_item.c,Item_Slider_Paint,,,untriaged,,
ui,ui_ui_item.c,Item_Slider_ThumbPosition,,,untriaged,,
ui,ui_ui_item.c,Item_StartCapture,,,untriaged,,
ui,ui_ui_item.c,Item_StopCapture,,,untriaged,,
ui,ui_ui_item.c,Item_TextColor,,,untriaged,,
ui,ui_ui_item.c,Item_TextField_HandleKey,,,untriaged,,
ui,ui_ui_item.c,Item_TextField_Paint,,,untriaged,,
ui,ui_ui_item.c,Item_Text_AutoWrapped_Paint,,,untriaged,,
ui,ui_ui_item.c,Item_Text_Paint,,,untriaged,,
ui,ui_ui_item.c,Item_Text_Wrapped_Paint,,,untriaged,,
ui,ui_ui_item.c,Item_UpdatePosition,,,untriaged,,
ui,ui_ui_item.c,Item_ValidateTooltipData,,,untriaged,,
ui,ui_ui_item.c,Item_ValidateTooltipData_part_24,,,untriaged,,
ui,ui_ui_item.c,Item_ValidateTypeData,,,untriaged,,
ui,ui_ui_item.c,Item_ValidateTypeData_part_21,,,untriaged,,
ui,ui_ui_item.c,Item_YesNo_HandleKey,,,untriaged,,
ui,ui_ui_item.c,Item_YesNo_Paint,,,untriaged,,
ui,ui_ui_menu.c,Menu_ClearFocus,,,untriaged,,
ui,ui_ui_menu.c,Menu_FadeItemByName,,,untriaged,,
ui,ui_ui_menu.c,Menu_FadeMenuByName,,,untriaged,,
ui,ui_ui_menu.c,Menu_FindItemByName,,,untriaged,,
ui,ui_ui_menu.c,Menu_GetFocused,,,untriaged,,
ui,ui_ui_menu.c,Menu_GetFocusedItem,,,untriaged,,
ui,ui_ui_menu.c,Menu_GetMatchingItemByNumber,,,untriaged,,
ui,ui_ui_menu.c,Menu_HandleKey,,,untriaged,,
ui,ui_ui_menu.c,Menu_HandleMouseMove,,,untriaged,,
ui,ui_ui_menu.c,Menu_HitTest,,,untriaged,,
ui,ui_ui_menu.c,Menu_Init,,,untriaged,,
ui,ui_ui_menu.c,Menu_ItemsMatchingGroup,,,untriaged,,
ui,ui_ui_menu.c,Menu_OrbitItemByName,,,untriaged,,
ui,ui_ui_menu.c,Menu_Paint,,,untriaged,,
ui,ui_ui_menu.c,Menu_Paint_part_20,,,untriaged,,
ui,ui_ui_menu.c,Menu_Parse,,,untriaged,,
ui,ui_ui_menu.c,Menu_New,,,untriaged,,
ui,ui_ui_menu.c,Menu_Count,,,untriaged,,
ui,ui_ui_menu.c,Menu_Get,,,untriaged,,
ui,ui_ui_menu.c,Menu_PaintAll,,,untriaged,,
ui,ui_ui_menu.c,Menu_Reset,,,untriaged,,
ui,ui_ui_menu.c,Display_GetContext,,,untriaged,,
ui,ui_ui_menu.c,Display_CaptureItem,,,untriaged,,
ui,ui_ui_menu.c,Display_MouseMove,,,untriaged,,
ui,ui_ui_menu.c,Display_CursorType,,,untriaged,,
ui,ui_ui_menu.c,Display_HandleKey,,,untriaged,,
ui,ui_ui_menu.c,Display_CacheAll,,,untriaged,,
ui,ui_ui_menu.c,PC_String_Parse_Trans,,,untriaged,,
ui,ui_ui_menu.c,PC_Rect_Parse,,,untriaged,,
ui,ui_ui_menu.c,BG_RectContainsPoint,,,untriaged,,
ui,ui_ui_menu.c,BG_CursorInRect,,,untriaged,,
ui,ui_ui_menu.c,BG_PanelButton_RenderEdit,,,untriaged,,
ui,ui_ui_menu.c,BG_PanelButton_EditClick,,,untriaged,,
ui,ui_ui_menu.c,BG_PanelButtonsKeyEvent,,,untriaged,,
ui,ui_ui_menu.c,BG_PanelButtonsSetup,,,untriaged,,
ui,ui_ui_menu.c,BG_PanelButtonsGetHighlightButton,,,untriaged,,
ui,ui_ui_menu.c,BG_PanelButtonsRender,,,untriaged,,
ui,ui_ui_menu.c,BG_PanelButtonsRender_TextExt,,,untriaged,,
ui,ui_ui_menu.c,BG_PanelButtonsRender_Text,,,untriaged,,
ui,ui_ui_menu.c,BG_PanelButtonsRender_Img,,,untriaged,,
ui,ui_ui_menu.c,BG_PanelButtons_GetFocusButton,,,untriaged,,
ui,ui_ui_menu.c,BG_PanelButtons_SetFocusButton,,,untriaged,,
ui,ui_ui_menu.c,BG_FitTextToWidth_Ext,,,untriaged,,
ui,ui_ui_menu.c,C_PanelButtonsSetup,,,untriaged,,
ui,ui_ui_menu.c,dllEntry,,,untriaged,,
ui,ui_ui_menu.c,PASSFLOAT,,,untriaged,,
ui,ui_ui_menu.c,trap_Print,,,untriaged,,
ui,ui_ui_menu.c,trap_Error,,,untriaged,,
ui,ui_ui_menu.c,trap_Milliseconds,,,untriaged,,
ui,ui_ui_menu.c,trap_Cvar_Register,,,untriaged,,
ui,ui_ui_menu.c,trap_Cvar_Update,,,untriaged,,
ui,ui_ui_menu.c,trap_Cvar_Set,,,untriaged,,
ui,ui_ui_menu.c,trap_Cvar_VariableValue,,,untriaged,,
ui,ui_ui_menu.c,trap_Cvar_VariableStringBuffer,,,untriaged,,
ui,ui_ui_menu.c,trap_Cvar_LatchedVariableStringBuffer,,,untriaged,,
ui,ui_ui_menu.c,trap_Cvar_SetValue,,,untriaged,,
ui,ui_ui_menu.c,trap_Cvar_Reset,,,untriaged,,
ui,ui_ui_menu.c,trap_Cvar_Create,,,untriaged,,
ui,ui_ui_menu.c,trap_Cvar_InfoStringBuffer,,,untriaged,,
ui,ui_ui_menu.c,trap_Argc,,,untriaged,,
ui,ui_ui_menu.c,trap_Argv,,,untriaged,,
ui,ui_ui_menu.c,trap_Cmd_ExecuteText,,,untriaged,,
ui,ui_ui_menu.c,trap_AddCommand,,,untriaged,,
ui,ui_ui_menu.c,trap_FS_FOpenFile,,,untriaged,,
ui,ui_ui_menu.c,trap_FS_Read,,,untriaged,,
ui,ui_ui_menu.c,trap_FS_Write,,,untriaged,,
ui,ui_ui_menu.c,trap_FS_FCloseFile,,,untriaged,,
ui,ui_ui_menu.c,trap_FS_GetFileList,,,untriaged,,
ui,ui_ui_menu.c,trap_FS_Delete,,,untriaged,,
ui,ui_ui_menu.c,trap_R_RegisterModel,,,untriaged,,
ui,ui_ui_menu.c,trap_R_RegisterSkin,,,untriaged,,
ui,ui_ui_menu.c,trap_R_RegisterFont,,,untriaged,,
ui,ui_ui_menu.c,trap_R_RegisterShaderNoMip,,,untriaged,,
ui,ui_ui_menu.c,trap_R_ClearScene,,,untriaged,,
ui,ui_ui_menu.c,trap_R_AddRefEntityToScene,,,untriaged,,
ui,ui_ui_menu.c,trap_R_AddPolyToScene,,,untriaged,,
ui,ui_ui_menu.c,trap_R_AddLightToScene,,,untriaged,,
ui,ui_ui_menu.c,trap_R_AddCoronaToScene,,,untriaged,,
ui,ui_ui_menu.c,trap_R_RenderScene,,,untriaged,,
ui,ui_ui_menu.c,trap_R_SetColor,,,untriaged,,
ui,ui_ui_menu.c,trap_R_Add2dPolys,,,untriaged,,
ui,ui_ui_menu.c,trap_R_DrawStretchPic,,,untriaged,,
ui,ui_ui_menu.c,trap_R_DrawRotatedPic,,,untriaged,,
ui,ui_ui_menu.c,trap_R_ModelBounds,,,untriaged,,
ui,ui_ui_menu.c,trap_UpdateScreen,,,untriaged,,
ui,ui_ui_menu.c,trap_CM_LerpTag,,,untriaged,,
ui,ui_ui_menu.c,trap_S_StartLocalSound,,,untriaged,,
ui,ui_ui_menu.c,trap_S_RegisterSound,,,untriaged,,
ui,ui_ui_menu.c,trap_S_FadeBackgroundTrack,,,untriaged,,
ui,ui_ui_menu.c,trap_S_FadeAllSound,,,untriaged,,
ui,ui_ui_menu.c,trap_Key_KeynumToStringBuf,,,untriaged,,
ui,ui_ui_menu.c,trap_Key_GetBindingBuf,,,untriaged,,
ui,ui_ui_menu.c,trap_Key_KeysForBinding,,,untriaged,,
ui,ui_ui_menu.c,trap_Key_SetBinding,,,untriaged,,
ui,ui_ui_menu.c,trap_Key_IsDown,,,untriaged,,
ui,ui_ui_menu.c,trap_Key_GetOverstrikeMode,,,untriaged,,
ui,ui_ui_menu.c,trap_Key_SetOverstrikeMode,,,untriaged,,
ui,ui_ui_menu.c,trap_Key_ClearStates,,,untriaged,,
ui,ui_ui_menu.c,trap_Key_GetCatcher,,,untriaged,,
ui,ui_ui_menu.c,trap_Key_SetCatcher,,,untriaged,,
ui,ui_ui_menu.c,trap_GetClipboardData,,,untriaged,,
ui,ui_ui_menu.c,trap_GetClientState,,,untriaged,,
ui,ui_ui_menu.c,trap_GetGlconfig,,,untriaged,,
ui,ui_ui_menu.c,trap_GetConfigString,,,untriaged,,
ui,ui_ui_menu.c,trap_LAN_GetLocalServerCount,,,untriaged,,
ui,ui_ui_menu.c,trap_LAN_GetLocalServerAddressString,,,untriaged,,
ui,ui_ui_menu.c,trap_LAN_GetGlobalServerCount,,,untriaged,,
ui,ui_ui_menu.c,trap_LAN_GetGlobalServerAddressString,,,untriaged,,
ui,ui_ui_menu.c,trap_LAN_GetPingQueueCount,,,untriaged,,
ui,ui_ui_menu.c,trap_LAN_ClearPing,,,untriaged,,
ui,ui_ui_menu.c,trap_LAN_GetPing,,,untriaged,,
ui,ui_ui_menu.c,trap_LAN_GetPingInfo,,,untriaged,,
ui,ui_ui_menu.c,trap_LAN_UpdateVisiblePings,,,untriaged,,
ui,ui_ui_menu.c,trap_LAN_GetServerCount,,,untriaged,,
ui,ui_ui_menu.c,trap_LAN_CompareServers,,,untriaged,,
ui,ui_ui_menu.c,trap_LAN_GetServerAddressString,,,untriaged,,
ui,ui_ui_menu.c,trap_LAN_GetServerInfo,,,untriaged,,
ui,ui_ui_menu.c,trap_LAN_AddServer,,,untriaged,,
ui,ui_ui_menu.c,trap_LAN_RemoveServer,,,untriaged,,
ui,ui_ui_menu.c,trap_LAN_GetServerPing,,,untriaged,,
ui,ui_ui_menu.c,trap_LAN_ServerIsVisible,,,untriaged,,
ui,ui_ui_menu.c,trap_LAN_ServerStatus,,,untriaged,,
ui,ui_ui_menu.c,trap_LAN_ServerIsInFavoriteList,,,untriaged,,
ui,ui_ui_menu.c,trap_LAN_SaveCachedServers,,,untriaged,,
ui,ui_ui_menu.c,trap_LAN_LoadCachedServers,,,untriaged,,
ui,ui_ui_menu.c,trap_LAN_MarkServerVisible,,,untriaged,,
ui,ui_ui_menu.c,trap_SetPbClStatus,,,untriaged,,
ui,ui_ui_menu.c,trap_SetPbSvStatus,,,untriaged,,
ui,ui_ui_menu.c,trap_LAN_ResetPings,,,untriaged,,
ui,ui_ui_menu.c,trap_MemoryRemaining,,,untriaged,,
ui,ui_ui_menu.c,trap_GetCDKey,,,untriaged,,
ui,ui_ui_menu.c,trap_SetCDKey,,,untriaged,,
ui,ui_ui_menu.c,trap_PC_AddGlobalDefine,,,untriaged,,
ui,ui_ui_menu.c,trap_PC_RemoveAllGlobalDefines,,,untriaged,,
ui,ui_ui_menu.c,trap_PC_LoadSource,,,untriaged,,
ui,ui_ui_menu.c,trap_PC_FreeSource,,,untriaged,,
ui,ui_ui_menu.c,trap_PC_ReadToken,,,untriaged,,
ui,ui_ui_menu.c,trap_PC_SourceFileAndLine,,,untriaged,,
ui,ui_ui_menu.c,trap_PC_UnReadToken,,,untriaged,,
ui,ui_ui_menu.c,trap_S_StopBackgroundTrack,,,untriaged,,
ui,ui_ui_menu.c,trap_S_StartBackgroundTrack,,,untriaged,,
ui,ui_ui_menu.c,trap_RealTime,,,untriaged,,
ui,ui_ui_menu.c,trap_CIN_PlayCinematic,,,untriaged,,
ui,ui_ui_menu.c,trap_CIN_StopCinematic,,,untriaged,,
ui,ui_ui_menu.c,trap_CIN_RunCinematic,,,untriaged,,
ui,ui_ui_menu.c,trap_CIN_DrawCinematic,,,untriaged,,
ui,ui_ui_menu.c,trap_CIN_SetExtents,,,untriaged,,
ui,ui_ui_menu.c,trap_R_RemapShader,,,untriaged,,
ui,ui_ui_menu.c,trap_VerifyCDKey,,,untriaged,,
ui,ui_ui_menu.c,trap_GetLimboString,,,untriaged,,
ui,ui_ui_menu.c,trap_CheckAutoUpdate,,,untriaged,,
ui,ui_ui_menu.c,trap_GetAutoUpdate,,,untriaged,,
ui,ui_ui_menu.c,trap_openURL,,,untriaged,,
ui,ui_ui_menu.c,trap_GetHunkData,,,untriaged,,
ui,ui_ui_menu.c,_fini,,,untriaged,,
ui,ui_ui_menu.c,Menu_PostParse,,,untriaged,,
ui,ui_ui_menu.c,Menu_RunCloseScript_part_10,,,untriaged,,
ui,ui_ui_menu.c,Menu_ScrollFeeder,,,untriaged,,
ui,ui_ui_menu.c,Menu_SetFeederSelection,,,untriaged,,
ui,ui_ui_menu.c,Menu_SetNextCursorItem,,,untriaged,,
ui,ui_ui_menu.c,Menu_SetPrevCursorItem,,,untriaged,,
ui,ui_ui_menu.c,Menu_SetupKeywordHash,,,untriaged,,
ui,ui_ui_menu.c,Menu_ShowItemByName,,,untriaged,,
ui,ui_ui_menu.c,Menu_TransitionItemByName,,,untriaged,,
ui,ui_ui_menu.c,Menu_UpdatePosition,,ui/ui_shared.c,ported_partial,original-ELF-0x2ee10/full-UI-widescreen-fixture,"Centered menus, clouds and legacy full-background rules; idempotent source rectangles are a documented correction. See reference/ui-widescreen-layout.md."
ui,ui_ui_misc.c,AddPointToBounds,,,untriaged,,
ui,ui_ui_misc.c,AdjustFrom640,,ui/ui_shared.c,ported_partial,original-ELF-0x38670/full-UI-widescreen-fixture,UI model viewport scaling; cgame shared path unchanged. See reference/ui-widescreen-layout.md.
ui,ui_ui_misc.c,AngleDelta,,,untriaged,,
ui,ui_ui_misc.c,AngleMod,,,untriaged,,
ui,ui_ui_misc.c,AngleNormalize180,,,untriaged,,
ui,ui_ui_misc.c,AngleNormalize2Pi,,,untriaged,,
ui,ui_ui_misc.c,AngleNormalize360,,,untriaged,,
ui,ui_ui_misc.c,AngleNormalizeInt,,,untriaged,,
ui,ui_ui_misc.c,AngleSubtract,,,untriaged,,
ui,ui_ui_misc.c,AngleVectors,,,untriaged,,
ui,ui_ui_misc.c,AnglesSubtract,,,untriaged,,
ui,ui_ui_misc.c,AnglesToAxis,,,untriaged,,
ui,ui_ui_misc.c,AxisClear,,,untriaged,,
ui,ui_ui_misc.c,AxisCopy,,,untriaged,,
ui,ui_ui_misc.c,AxisToAngles,,,untriaged,,
ui,ui_ui_misc.c,BindingFromName,,,untriaged,,
ui,ui_ui_misc.c,BindingIDFromName,,,untriaged,,
ui,ui_ui_misc.c,ByteToDir,,,untriaged,,
ui,ui_ui_misc.c,COM_BitCheck,,,untriaged,,
ui,ui_ui_misc.c,COM_BitClear,,,untriaged,,
ui,ui_ui_misc.c,COM_BitSet,,,untriaged,,
ui,ui_ui_misc.c,COM_Compress,,,untriaged,,
ui,ui_ui_misc.c,COM_FixPath,,,untriaged,,
ui,ui_ui_misc.c,COM_MatchToken,,,untriaged,,
ui,ui_ui_misc.c,COM_SkipPath,,,untriaged,,
ui,ui_ui_misc.c,COM_StripExtension,,,untriaged,,
ui,ui_ui_misc.c,COM_StripFilename,,,untriaged,,
ui,ui_ui_misc.c,ClampChar,,,untriaged,,
ui,ui_ui_misc.c,ClampShort,,,untriaged,,
ui,ui_ui_misc.c,ClearBounds,,,untriaged,,
ui,ui_ui_misc.c,Com_Clamp,,,untriaged,,
ui,ui_ui_misc.c,Com_DPrintf,,,untriaged,,
ui,ui_ui_misc.c,Com_Error,,,untriaged,,
ui,ui_ui_misc.c,Com_Printf,,,untriaged,,
ui,ui_ui_misc.c,Com_sprintf,,,untriaged,,
ui,ui_ui_misc.c,ConcatArgs,,,untriaged,,
ui,ui_ui_misc.c,Controls_GetConfig,,,untriaged,,
ui,ui_ui_misc.c,Controls_SetConfig,,,untriaged,,
ui,ui_ui_misc.c,Controls_SetDefaults,,,untriaged,,
ui,ui_ui_misc.c,CrossProduct,,,untriaged,,
ui,ui_ui_misc.c,Cui_WideRect,,,untriaged,,
ui,ui_ui_misc.c,Cui_WideX,,,untriaged,,
ui,ui_ui_misc.c,Cui_WideXoffset,,,untriaged,,
ui,ui_ui_misc.c,DirToByte,,,untriaged,,
ui,ui_ui_misc.c,Distance,,,untriaged,,
ui,ui_ui_misc.c,DistanceFromLineSquared,,,untriaged,,
ui,ui_ui_misc.c,DistanceFromVectorSquared,,,untriaged,,
ui,ui_ui_misc.c,DistanceSquared,,,untriaged,,
ui,ui_ui_misc.c,Fade,,,untriaged,,
ui,ui_ui_misc.c,FileExists,,,untriaged,,
ui,ui_ui_misc.c,GetPerpendicularViewVector,,,untriaged,,
ui,ui_ui_misc.c,Info_NextPair,,,untriaged,,
ui,ui_ui_misc.c,Info_RemoveKey,,,untriaged,,
ui,ui_ui_misc.c,Info_RemoveKey_Big,,,untriaged,,
ui,ui_ui_misc.c,Info_RemoveKey_Big_part_1,,,untriaged,,
ui,ui_ui_misc.c,Info_RemoveKey_part_0,,,untriaged,,
ui,ui_ui_misc.c,Info_SetValueForKey,,,untriaged,,
ui,ui_ui_misc.c,Info_SetValueForKey_Big,,,untriaged,,
ui,ui_ui_misc.c,Info_Validate,,,untriaged,,
ui,ui_ui_misc.c,Info_ValueForKey,,,untriaged,,
ui,ui_ui_misc.c,IsVisible,,,untriaged,,
ui,ui_ui_misc.c,KeywordHash_Add,,,untriaged,,
ui,ui_ui_misc.c,KeywordHash_Find,,,untriaged,,
ui,ui_ui_misc.c,KeywordHash_Key,,,untriaged,,
ui,ui_ui_misc.c,LerpAngle,,,untriaged,,
ui,ui_ui_misc.c,LerpPosition,,,untriaged,,
ui,ui_ui_misc.c,MakeNormalVectors,,,untriaged,,
ui,ui_ui_misc.c,MatrixMultiply,,,untriaged,,
ui,ui_ui_misc.c,Menus_Activate,,,untriaged,,
ui,ui_ui_misc.c,Menus_ActivateByName,,,untriaged,,
ui,ui_ui_misc.c,Menus_AnyFullScreenVisible,,,untriaged,,
ui,ui_ui_misc.c,Menus_CaptureFuncActive,,,untriaged,,
ui,ui_ui_misc.c,Menus_CloseAll,,,untriaged,,
ui,ui_ui_misc.c,Menus_CloseByName,,,untriaged,,
ui,ui_ui_misc.c,Menus_FindByName,,,untriaged,,
ui,ui_ui_misc.c,Menus_HandleOOBClick,,,untriaged,,
ui,ui_ui_misc.c,Menus_OpenByName,,,untriaged,,
ui,ui_ui_misc.c,Menus_ShowByName,,,untriaged,,
ui,ui_ui_misc.c,Nit_RemoveWordInString,,,untriaged,,
ui,ui_ui_misc.c,PerpendicularVector,,,untriaged,,
ui,ui_ui_misc.c,PlaneFromPoints,,,untriaged,,
ui,ui_ui_misc.c,PointInBounds,,,untriaged,,
ui,ui_ui_misc.c,ProjectPointOnPlane,,,untriaged,,
ui,ui_ui_misc.c,ProjectPointOntoVector,,,untriaged,,
ui,ui_ui_misc.c,ProjectPointOntoVectorBounded,,,untriaged,,
ui,ui_ui_misc.c,Q_CleanDirName,,,untriaged,,
ui,ui_ui_misc.c,Q_CleanStr,,,untriaged,,
ui,ui_ui_misc.c,Q_PrintStrlen,,,untriaged,,
ui,ui_ui_misc.c,Q_StrReplace,,,untriaged,,
ui,ui_ui_misc.c,Q_crandom,,,untriaged,,
ui,ui_ui_misc.c,Q_fabs,,,untriaged,,
ui,ui_ui_misc.c,Q_isBadDirChar,,,untriaged,,
ui,ui_ui_misc.c,Q_isalpha,,,untriaged,,
ui,ui_ui_misc.c,Q_isalphanumeric,,,untriaged,,
ui,ui_ui_misc.c,Q_isforfilename,,,untriaged,,
ui,ui_ui_misc.c,Q_islower,,,untriaged,,
ui,ui_ui_misc.c,Q_isnumeric,,,untriaged,,
ui,ui_ui_misc.c,Q_isprint,,,untriaged,,
ui,ui_ui_misc.c,Q_isupper,,,untriaged,,
ui,ui_ui_misc.c,Q_log2,,,untriaged,,
ui,ui_ui_misc.c,Q_rand,,,untriaged,,
ui,ui_ui_misc.c,Q_random,,,untriaged,,
ui,ui_ui_misc.c,Q_rsqrt,,,untriaged,,
ui,ui_ui_misc.c,Q_strcat,,,untriaged,,
ui,ui_ui_misc.c,Q_stricmp,,,untriaged,,
ui,ui_ui_misc.c,Q_stricmpn,,,untriaged,,
ui,ui_ui_misc.c,Q_strlwr,,,untriaged,,
ui,ui_ui_misc.c,Q_strncmp,,,untriaged,,
ui,ui_ui_misc.c,Q_strncpyz,,,untriaged,,
ui,ui_ui_misc.c,Q_strrchr,,,untriaged,,
ui,ui_ui_misc.c,Q_strupr,,,untriaged,,
ui,ui_ui_misc.c,RadiusFromBounds,,,untriaged,,
ui,ui_ui_misc.c,Rect_ContainsPoint,,,untriaged,,
ui,ui_ui_misc.c,Rect_ToWindowCoords,,,untriaged,,
ui,ui_ui_misc.c,RotateAroundDirection,,,untriaged,,
ui,ui_ui_misc.c,RotatePointAroundVector,,,untriaged,,
ui,ui_ui_misc.c,RotatePointAroundVertex,,,untriaged,,
ui,ui_ui_misc.c,Script_Abort,,,untriaged,,
ui,ui_ui_misc.c,Script_CheckAutoUpdate,,,untriaged,,
ui,ui_ui_misc.c,Script_CheckProfile,,,untriaged,,
ui,ui_ui_misc.c,Script_ClearCvar,,,untriaged,,
ui,ui_ui_misc.c,Script_ClearFocus,,,untriaged,,
ui,ui_ui_misc.c,Script_Close,,,untriaged,,
ui,ui_ui_misc.c,Script_CloseAll,,,untriaged,,
ui,ui_ui_misc.c,Script_CloseAllOtherMenus,,,untriaged,,
ui,ui_ui_misc.c,Script_ConditionalHideShow,,,untriaged,,
ui,ui_ui_misc.c,Script_ConditionalOpen,,,untriaged,,
ui,ui_ui_misc.c,Script_ConditionalScript,,,untriaged,,
ui,ui_ui_misc.c,Script_CopyCvar,,,untriaged,,
ui,ui_ui_misc.c,Script_Exec,,,untriaged,,
ui,ui_ui_misc.c,Script_ExecNOW,,,untriaged,,
ui,ui_ui_misc.c,Script_ExecWolfConfig,,,untriaged,,
ui,ui_ui_misc.c,Script_FadeIn,,,untriaged,,
ui,ui_ui_misc.c,Script_FadeInMenu,,,untriaged,,
ui,ui_ui_misc.c,Script_FadeOut,,,untriaged,,
ui,ui_ui_misc.c,Script_FadeOutMenu,,,untriaged,,
ui,ui_ui_misc.c,Script_GetAutoUpdate,,,untriaged,,
ui,ui_ui_misc.c,Script_Hide,,,untriaged,,
ui,ui_ui_misc.c,Script_Open,,,untriaged,,
ui,ui_ui_misc.c,Script_Orbit,,,untriaged,,
ui,ui_ui_misc.c,Script_Play,,,untriaged,,
ui,ui_ui_misc.c,Script_SetAsset,,,untriaged,,
ui,ui_ui_misc.c,Script_SetBackground,,,untriaged,,
ui,ui_ui_misc.c,Script_SetCvar,,,untriaged,,
ui,ui_ui_misc.c,Script_SetEditFocus,,,untriaged,,
ui,ui_ui_misc.c,Script_SetFocus,,,untriaged,,
ui,ui_ui_misc.c,Script_SetMenuFocus,,,untriaged,,
ui,ui_ui_misc.c,Script_SetPlayerHead,,,untriaged,,
ui,ui_ui_misc.c,Script_SetPlayerModel,,,untriaged,,
ui,ui_ui_misc.c,Script_Show,,,untriaged,,
ui,ui_ui_misc.c,Script_ToggleCvarBit,,ui/ui_shared.c,ported_partial,original-ui-ELF-0x2cc20/160-cvar-cases,Decimal string cvar XOR mask action; shared UI/cgame implementation. See reference/map-load-compatibility.md.
ui,ui_ui_misc.c,Script_Transition,,,untriaged,,
ui,ui_ui_misc.c,Script_WriteProfile,,,untriaged,,
ui,ui_ui_misc.c,Script_playLooped,,,untriaged,,
ui,ui_ui_misc.c,Scroll_ListBox_AutoFunc,,,untriaged,,
ui,ui_ui_misc.c,Scroll_ListBox_ThumbFunc,,,untriaged,,
ui,ui_ui_misc.c,Scroll_Slider_ThumbFunc,,,untriaged,,
ui,ui_ui_misc.c,SetPlaneSignbits,,,untriaged,,
ui,ui_ui_misc.c,SkillForClass,,,untriaged,,
ui,ui_ui_misc.c,SkipBracedSection,,,untriaged,,
ui,ui_ui_misc.c,SkipBracedSection_Depth,,,untriaged,,
ui,ui_ui_misc.c,SkipRestOfLine,,,untriaged,,
ui,ui_ui_misc.c,String_Alloc,,,untriaged,,
ui,ui_ui_misc.c,String_Report,,,untriaged,,
ui,ui_ui_misc.c,ToWindowCoords,,,untriaged,,
ui,ui_ui_misc.c,Tooltip_ComputePosition,,,untriaged,,
ui,ui_ui_misc.c,UI_AdjustFrom640,,ui/ui_atoms.c; ui/ui_shared.c,ported_partial,original-ELF-0x10900/full-UI-widescreen-fixture,"Original aspect correction for pictures and text, seven viewport profiles. See reference/ui-widescreen-layout.md."
ui,ui_ui_misc.c,UI_Alloc,,,untriaged,,
ui,ui_ui_misc.c,UI_Argv,,,untriaged,,
ui,ui_ui_misc.c,UI_Campaign_f,,,untriaged,,
ui,ui_ui_misc.c,UI_CheckExecKey,,,untriaged,,
ui,ui_ui_misc.c,UI_ClampCvar,,,untriaged,,
ui,ui_ui_misc.c,UI_ConsoleCommand,,,untriaged,,
ui,ui_ui_misc.c,UI_CursorInRect,,,untriaged,,
ui,ui_ui_misc.c,UI_Cvar_VariableString,,,untriaged,,
ui,ui_ui_misc.c,UI_FillRect,,,untriaged,,
ui,ui_ui_misc.c,UI_ListCampaigns_f,,,untriaged,,
ui,ui_ui_misc.c,UI_Load,,,untriaged,,
ui,ui_ui_misc.c,UI_LoadArenas,,,untriaged,,
ui,ui_ui_misc.c,UI_FindMapInfoByMapname,,,untriaged,,
ui,ui_ui_misc.c,UI_DescriptionForCampaign,,,untriaged,,
ui,ui_ui_misc.c,UI_NameForCampaign,,,untriaged,,
ui,ui_ui_misc.c,UI_FindCampaignInCampaignList,,,untriaged,,
ui,ui_ui_misc.c,UI_LoadCampaigns,,,untriaged,,
ui,ui_ui_misc.c,UI_LoadPanel_RenderHeaderText,,,untriaged,,
ui,ui_ui_misc.c,UI_LoadPanel_RenderDownloadingBar_part_0,,,untriaged,,
ui,ui_ui_misc.c,AdjustFrom640FullScreen,,,untriaged,,
ui,ui_ui_misc.c,FillRectFullScreen,,,untriaged,,
ui,ui_ui_misc.c,UI_DrawLoadPanel,,,untriaged,,
ui,ui_ui_misc.c,Downloading,,,untriaged,,
ui,ui_ui_misc.c,CG_FilledBar,,,untriaged,,
ui,ui_ui_misc.c,UI_LoadPanel_RenderDownloadingBar,,,untriaged,,
ui,ui_ui_misc.c,UI_DownloadInfo,,,untriaged,,
ui,ui_ui_misc.c,UI_LoadPanel_RenderLoadingText,,,untriaged,,
ui,ui_ui_misc.c,Text_SetActiveFont,,,untriaged,,
ui,ui_ui_misc.c,UI_GetValue,,,untriaged,,
ui,ui_ui_misc.c,UI_ServersQsortCompare_bis,,ui/ui_nitmod_browser.c,ported_partial,original-decompile/8-server-human-sort-fixture,Human population sort shared by insertion and qsort. See reference/ui-human-player-sort.md.
ui,ui_ui_misc.c,UI_GetTeamColor,,,untriaged,,
ui,ui_ui_misc.c,UI_FeederAddItem,,,untriaged,,
ui,ui_ui_misc.c,_UI_DrawSides,,,untriaged,,
ui,ui_ui_misc.c,_UI_DrawTopBottom,,,untriaged,,
ui,ui_ui_misc.c,Text_Width_Ext,,,untriaged,,
ui,ui_ui_misc.c,Multiline_Text_Width,,,untriaged,,
ui,ui_ui_misc.c,Text_Height_Ext,,,untriaged,,
ui,ui_ui_misc.c,Multiline_Text_Height,,,untriaged,,
ui,ui_ui_misc.c,UI_BuildServerDisplayList,,ui/ui_nitmod_browser.c,ported_partial,filter/refresh-runtime-matrix,Nitmod and sv_NxAC browser filters are reconstructed; runtime transcript pending.
ui,ui_ui_misc.c,UI_ServersQsortCompare,,,untriaged,,
ui,ui_ui_misc.c,UI_GetServerStatusInfo,,ui/ui_nitmod_status.c,ported_partial,original-ELF-0x151c0/decoder-and-live-menu-fixtures,Bounded status rows and player storage; request/cancel and URL menu lifecycle tested. Browser transcript pending. See reference/ui-server-status.md.
ui,ui_ui_misc.c,UI_PlayCinematic,,,untriaged,,
ui,ui_ui_misc.c,UI_FileText,,,untriaged,,
ui,ui_ui_misc.c,UI_OwnerDrawVisible,,,untriaged,,
ui,ui_ui_misc.c,UI_SortMods,,,untriaged,,
ui,ui_ui_misc.c,UI_BuildPlayerList,,,untriaged,,
ui,ui_ui_misc.c,UI_RunCinematicFrame,,,untriaged,,
ui,ui_ui_misc.c,UI_DrawCinematic,,,untriaged,,
ui,ui_ui_misc.c,UI_StopServerRefresh_part_19,,,untriaged,,
ui,ui_ui_misc.c,UI_Pause,,,untriaged,,
ui,ui_ui_misc.c,UI_FeederItemText_part_33,,,untriaged,,
ui,ui_ui_misc.c,Text_AutoWrap_Paint_Chunk_constprop_56,,,untriaged,,
ui,ui_ui_misc.c,_UI_SetActiveMenu_constprop_61,,,untriaged,,
ui,ui_ui_misc.c,Text_Paint_Ext,,,untriaged,,
ui,ui_ui_misc.c,Text_Paint,,,untriaged,,
ui,ui_ui_misc.c,UI_FeederItemText,,,untriaged,,
ui,ui_ui_misc.c,_UI_DrawRect,,,untriaged,,
ui,ui_ui_misc.c,UI_FeederItemImage,,,untriaged,,
ui,ui_ui_misc.c,Text_Height,,,untriaged,,
ui,ui_ui_misc.c,UI_ParseGameInfo_constprop_57,,,untriaged,,
ui,ui_ui_misc.c,Text_Width,,,untriaged,,
ui,ui_ui_misc.c,Text_Paint_Limit_constprop_55,,,untriaged,,
ui,ui_ui_misc.c,UI_DrawCampaignMapDescription_constprop_54,,,untriaged,,
ui,ui_ui_misc.c,UI_DrawMissionBriefingObjectives,,,untriaged,,
ui,ui_ui_misc.c,UI_FeederCount,,,untriaged,,
ui,ui_ui_misc.c,UI_BuildServerStatus,,,untriaged,,
ui,ui_ui_misc.c,UI_FeederSelection_part_24,,,untriaged,,
ui,ui_ui_misc.c,UI_FeederSelection,,,untriaged,,
ui,ui_ui_misc.c,UI_FeederSelectionClick,,,untriaged,,
ui,ui_ui_misc.c,UI_BuildFindPlayerList,,ui/ui_nitmod_search.c,ported_partial,original-ELF-0x19d60/36-search-timelines,Typed request lifecycle; deduplicated player-only matches and isolated status UI updates. Deliberate corrections documented in reference/ui-player-search.md.
ui,ui_ui_misc.c,UI_StopCinematic,,,untriaged,,
ui,ui_ui_misc.c,UI_OwnerDrawWidth,,,untriaged,,
ui,ui_ui_misc.c,UI_OwnerDrawHandleKey,,,untriaged,,
ui,ui_ui_misc.c,AssetCache,,,untriaged,,
ui,ui_ui_misc.c,Text_PaintCharExt,,,untriaged,,
ui,ui_ui_misc.c,Text_PaintChar,,,untriaged,,
ui,ui_ui_misc.c,Text_PaintWithCursor,,,untriaged,,
ui,ui_ui_misc.c,Text_AutoWrap_Paint_Chunk,,,untriaged,,
ui,ui_ui_misc.c,Count_Text_AutoWrap_Paint,,,untriaged,,
ui,ui_ui_misc.c,Text_AutoWrap_Paint,,,untriaged,,
ui,ui_ui_misc.c,UI_ShowPostGame,,,untriaged,,
ui,ui_ui_misc.c,UI_DrawCenteredPic,,,untriaged,,
ui,ui_ui_misc.c,_UI_Refresh,,,untriaged,,
ui,ui_ui_misc.c,_UI_Shutdown,,,untriaged,,
ui,ui_ui_misc.c,GetMenuBuffer,,,untriaged,,
ui,ui_ui_misc.c,Asset_Parse,,,untriaged,,
ui,ui_ui_misc.c,UI_Report,,,untriaged,,
ui,ui_ui_misc.c,UI_ParseMenu,,,untriaged,,
ui,ui_ui_misc.c,Load_Menu,,,untriaged,,
ui,ui_ui_misc.c,UI_LoadMenus,,,untriaged,,
ui,ui_ui_misc.c,UI_LoadNonIngame,,,untriaged,,
ui,ui_ui_misc.c,UI_OutOfMemory,,,untriaged,,
ui,ui_ui_misc.c,UI_PrintTime,,,untriaged,,
ui,ui_ui_misc.c,UI_RunMenuScript,,,untriaged,,
ui,ui_ui_misc.c,UI_ServersSort,,ui/ui_main.c; ui/ui_nitmod_browser.c,ported_partial,original-decompile/full-UI-status-fixture,Column 2 selects status-derived human population; bounded async fallback differs from original retry policy. See reference/ui-human-player-sort.md.
ui,ui_ui_misc.c,UI_SortArenas,,,untriaged,,
ui,ui_ui_misc.c,UI_SortCampaigns,,,untriaged,,
ui,ui_ui_misc.c,UI_StartServerRefresh,,,untriaged,,
ui,ui_ui_misc.c,UI_Update,,,untriaged,,
ui,ui_ui_misc.c,UI_UpdateCvars,,,untriaged,,
ui,ui_ui_misc.c,UI_UpdateScreen,,,untriaged,,
ui,ui_ui_misc.c,Vector4Scale,,,untriaged,,
ui,ui_ui_misc.c,VectorCompare,,,untriaged,,
ui,ui_ui_misc.c,VectorDistance,,,untriaged,,
ui,ui_ui_misc.c,VectorDistanceSquared,,,untriaged,,
ui,ui_ui_misc.c,VectorInverse,,,untriaged,,
ui,ui_ui_misc.c,VectorLength,,,untriaged,,
ui,ui_ui_misc.c,VectorLengthSquared,,,untriaged,,
ui,ui_ui_misc.c,VectorNormalize,,,untriaged,,
ui,ui_ui_misc.c,VectorNormalize2,,,untriaged,,
ui,ui_ui_misc.c,VectorNormalizeFast,,,untriaged,,
ui,ui_ui_misc.c,VectorRotate,,,untriaged,,
ui,ui_ui_misc.c,WM_setItemPic,,,untriaged,,
ui,ui_ui_misc.c,WM_setVisibility,,,untriaged,,
ui,ui_ui_misc.c,_DotProduct,,,untriaged,,
ui,ui_ui_misc.c,_UI_GetActiveMenu,,,untriaged,,
ui,ui_ui_misc.c,_UI_IsFullscreen,,,untriaged,,
ui,ui_ui_misc.c,_UI_KeyEvent,,,untriaged,,
ui,ui_ui_misc.c,_UI_MouseEvent,,ui/ui_main.c,ported_partial,original-ELF-0x27780/full-UI-widescreen-fixture,Original widened virtual cursor range with overflow-safe deltas. See reference/ui-widescreen-layout.md.
ui,ui_ui_misc.c,_UI_SetActiveMenu,,,untriaged,,
ui,ui_ui_misc.c,_VectorAdd,,,untriaged,,
ui,ui_ui_misc.c,_VectorCopy,,,untriaged,,
ui,ui_ui_misc.c,_VectorMA,,,untriaged,,
ui,ui_ui_misc.c,_VectorScale,,,untriaged,,
ui,ui_ui_misc.c,_VectorSubtract,,,untriaged,,
ui,ui_ui_misc.c,__ctype_tolower_loc,,,untriaged,,
ui,ui_ui_misc.c,__ctype_toupper_loc,,,untriaged,,
ui,ui_ui_misc.c,__cxa_finalize,,,untriaged,,
ui,ui_ui_misc.c,__gmon_start__,,,untriaged,,
ui,ui_ui_misc.c,__x86_get_pc_thunk_bx,,,untriaged,,
ui,ui_ui_misc.c,__x86_get_pc_thunk_cx,,,untriaged,,
ui,ui_ui_misc.c,atan2,,,untriaged,,
ui,ui_ui_misc.c,decode64,,,untriaged,,
ui,ui_ui_misc.c,encode64,,,untriaged,,
ui,ui_ui_misc.c,escape_string,,,untriaged,,
ui,ui_ui_misc.c,floorf,,,untriaged,,
ui,ui_ui_misc.c,frame_dummy,,,untriaged,,
ui,ui_ui_misc.c,memmove,,,untriaged,,
ui,ui_ui_misc.c,need_escape,,,untriaged,,
ui,ui_ui_misc.c,nitrox_AddPredictableDamage,,,untriaged,,
ui,ui_ui_misc.c,nitrox_ClampFloat,,,untriaged,,
ui,ui_ui_misc.c,nitrox_ClampInt,,,untriaged,,
ui,ui_ui_misc.c,nitrox_stripLeadingSpaces,,,untriaged,,
ui,ui_ui_misc.c,rand,,,untriaged,,
ui,ui_ui_misc.c,sincos,,,untriaged,,
ui,ui_ui_misc.c,sqrtf,,,untriaged,,
ui,ui_ui_misc.c,stpcpy,,,untriaged,,
ui,ui_ui_misc.c,strchr,,,untriaged,,
ui,ui_ui_misc.c,strstr,,,untriaged,,
ui,ui_ui_misc.c,strtok,,,untriaged,,
ui,ui_ui_misc.c,tv,,,untriaged,,
ui,ui_ui_misc.c,unescape_string,,,untriaged,,
ui,ui_ui_misc.c,va,,,untriaged,,
ui,ui_ui_misc.c,vectoangles,,,untriaged,,
ui,ui_ui_misc.c,vectoyaw,,,untriaged,,
ui,ui_ui_misc.c,vmMain,,,untriaged,,
ui,ui_ui_misc.c,vsnprintf,,,untriaged,,
ui,ui_ui_parse.c,COM_BackupParseSession,,,untriaged,,
ui,ui_ui_parse.c,COM_BeginParseSession,,,untriaged,,
ui,ui_ui_parse.c,COM_GetCurrentParseLine,,,untriaged,,
ui,ui_ui_parse.c,COM_Parse,,,untriaged,,
ui,ui_ui_parse.c,COM_ParseError,,,untriaged,,
ui,ui_ui_parse.c,COM_ParseExt,,,untriaged,,
ui,ui_ui_parse.c,COM_ParseExt_constprop_2,,,untriaged,,
ui,ui_ui_parse.c,COM_ParseExt_nico,,,untriaged,,
ui,ui_ui_parse.c,COM_RestoreParseSession,,,untriaged,,
ui,ui_ui_parse.c,Float_Parse,,,untriaged,,
ui,ui_ui_parse.c,Int_Parse,,,untriaged,,
ui,ui_ui_parse.c,ItemParse_accept,,,untriaged,,
ui,ui_ui_parse.c,ItemParse_action,,,untriaged,,
ui,ui_ui_parse.c,ItemParse_align,,,untriaged,,
ui,ui_ui_parse.c,ItemParse_asset_model,,,untriaged,,
ui,ui_ui_parse.c,ItemParse_asset_shader,,,untriaged,,
ui,ui_ui_parse.c,ItemParse_autowrapped,,,untriaged,,
ui,ui_ui_parse.c,ItemParse_background,,,untriaged,,
ui,ui_ui_parse.c,ItemParse_bitflag,,ui/ui_shared.c; ui/ui_shared.h,ported_partial,original-ui-ELF-0x29a00/real-keyword-parser,Typed trailing bitflag integer at wasm32 offset 0x274; actual Item_Parse tested. See reference/map-load-compatibility.md.
ui,ui_ui_parse.c,ItemParse_border,,,untriaged,,
ui,ui_ui_parse.c,ItemParse_bordersize,,,untriaged,,
ui,ui_ui_parse.c,ItemParse_cinematic,,,untriaged,,
ui,ui_ui_parse.c,ItemParse_columns,,,untriaged,,
ui,ui_ui_parse.c,ItemParse_contextMenu,,,untriaged,,
ui,ui_ui_parse.c,ItemParse_cvar,,,untriaged,,
ui,ui_ui_parse.c,ItemParse_cvarFloat,,,untriaged,,
ui,ui_ui_parse.c,ItemParse_cvarFloatList,,,untriaged,,
ui,ui_ui_parse.c,ItemParse_cvarListUndefined,,,untriaged,,
ui,ui_ui_parse.c,ItemParse_cvarStrList,,,untriaged,,
ui,ui_ui_parse.c,ItemParse_cvarTest,,,untriaged,,
ui,ui_ui_parse.c,ItemParse_decoration,,,untriaged,,
ui,ui_ui_parse.c,ItemParse_disableCvar,,,untriaged,,
ui,ui_ui_parse.c,ItemParse_doubleClick,,,untriaged,,
ui,ui_ui_parse.c,ItemParse_elementheight,,,untriaged,,
ui,ui_ui_parse.c,ItemParse_elementtype,,,untriaged,,
ui,ui_ui_parse.c,ItemParse_elementwidth,,,untriaged,,
ui,ui_ui_parse.c,ItemParse_enableCvar,,,untriaged,,
ui,ui_ui_parse.c,ItemParse_execKey,,,untriaged,,
ui,ui_ui_parse.c,ItemParse_feeder,,,untriaged,,
ui,ui_ui_parse.c,ItemParse_focusSound,,,untriaged,,
ui,ui_ui_parse.c,ItemParse_group,,,untriaged,,
ui,ui_ui_parse.c,ItemParse_hideCvar,,,untriaged,,
ui,ui_ui_parse.c,ItemParse_horizontalscroll,,,untriaged,,
ui,ui_ui_parse.c,ItemParse_leaveFocus,,,untriaged,,
ui,ui_ui_parse.c,ItemParse_maxChars,,,untriaged,,
ui,ui_ui_parse.c,ItemParse_model_angle,,,untriaged,,
ui,ui_ui_parse.c,ItemParse_model_animplay,,,untriaged,,
ui,ui_ui_parse.c,ItemParse_model_fovx,,,untriaged,,
ui,ui_ui_parse.c,ItemParse_model_fovy,,,untriaged,,
ui,ui_ui_parse.c,ItemParse_model_origin,,,untriaged,,
ui,ui_ui_parse.c,ItemParse_model_rotation,,,untriaged,,
ui,ui_ui_parse.c,ItemParse_mouseEnter,,,untriaged,,
ui,ui_ui_parse.c,ItemParse_mouseEnterText,,,untriaged,,
ui,ui_ui_parse.c,ItemParse_mouseExit,,,untriaged,,
ui,ui_ui_parse.c,ItemParse_mouseExitText,,,untriaged,,
ui,ui_ui_parse.c,ItemParse_name,,,untriaged,,
ui,ui_ui_parse.c,ItemParse_noToggle,,,untriaged,,
ui,ui_ui_parse.c,ItemParse_notselectable,,,untriaged,,
ui,ui_ui_parse.c,ItemParse_onEnter,,,untriaged,,
ui,ui_ui_parse.c,ItemParse_onEsc,,,untriaged,,
ui,ui_ui_parse.c,ItemParse_onFocus,,,untriaged,,
ui,ui_ui_parse.c,ItemParse_origin,,,untriaged,,
ui,ui_ui_parse.c,ItemParse_rect,,,untriaged,,
ui,ui_ui_parse.c,ItemParse_settingDisabled,,,untriaged,,
ui,ui_ui_parse.c,ItemParse_settingEnabled,,,untriaged,,
ui,ui_ui_parse.c,ItemParse_showCvar,,,untriaged,,
ui,ui_ui_parse.c,ItemParse_special,,,untriaged,,
ui,ui_ui_parse.c,ItemParse_style,,,untriaged,,
ui,ui_ui_parse.c,ItemParse_text,,,untriaged,,
ui,ui_ui_parse.c,ItemParse_textalign,,,untriaged,,
ui,ui_ui_parse.c,ItemParse_textalignx,,,untriaged,,
ui,ui_ui_parse.c,ItemParse_textaligny,,,untriaged,,
ui,ui_ui_parse.c,ItemParse_textasfloat,,,untriaged,,
ui,ui_ui_parse.c,ItemParse_textasint,,,untriaged,,
ui,ui_ui_parse.c,ItemParse_textfile,,,untriaged,,
ui,ui_ui_parse.c,ItemParse_textfont,,,untriaged,,
ui,ui_ui_parse.c,ItemParse_textscale,,,untriaged,,
ui,ui_ui_parse.c,ItemParse_textstyle,,,untriaged,,
ui,ui_ui_parse.c,ItemParse_tooltip,,,untriaged,,
ui,ui_ui_parse.c,ItemParse_tooltipalignx,,,untriaged,,
ui,ui_ui_parse.c,ItemParse_tooltipaligny,,,untriaged,,
ui,ui_ui_parse.c,ItemParse_type,,,untriaged,,
ui,ui_ui_parse.c,ItemParse_visible,,,untriaged,,
ui,ui_ui_parse.c,ItemParse_voteFlag,,,untriaged,,
ui,ui_ui_parse.c,ItemParse_wrapped,,,untriaged,,
ui,ui_ui_parse.c,MenuParse_background,,,untriaged,,
ui,ui_ui_parse.c,MenuParse_border,,,untriaged,,
ui,ui_ui_parse.c,MenuParse_borderSize,,,untriaged,,
ui,ui_ui_parse.c,MenuParse_cinematic,,,untriaged,,
ui,ui_ui_parse.c,MenuParse_execKey,,,untriaged,,
ui,ui_ui_parse.c,MenuParse_execKeyInt,,,untriaged,,
ui,ui_ui_parse.c,MenuParse_fadeAmount,,,untriaged,,
ui,ui_ui_parse.c,MenuParse_fadeClamp,,,untriaged,,
ui,ui_ui_parse.c,MenuParse_fadeCycle,,,untriaged,,
ui,ui_ui_parse.c,MenuParse_fullscreen,,,untriaged,,
ui,ui_ui_parse.c,MenuParse_itemDef,,,untriaged,,
ui,ui_ui_parse.c,MenuParse_itemHotkeyMode,,,untriaged,,
ui,ui_ui_parse.c,MenuParse_modal,,,untriaged,,
ui,ui_ui_parse.c,MenuParse_name,,,untriaged,,
ui,ui_ui_parse.c,MenuParse_onClose,,,untriaged,,
ui,ui_ui_parse.c,MenuParse_onESC,,,untriaged,,
ui,ui_ui_parse.c,MenuParse_onEnter,,,untriaged,,
ui,ui_ui_parse.c,MenuParse_onOpen,,,untriaged,,
ui,ui_ui_parse.c,MenuParse_onTimeout,,,untriaged,,
ui,ui_ui_parse.c,MenuParse_outOfBounds,,,untriaged,,
ui,ui_ui_parse.c,MenuParse_popup,,,untriaged,,
ui,ui_ui_parse.c,MenuParse_rect,,,untriaged,,
ui,ui_ui_parse.c,MenuParse_soundLoop,,,untriaged,,
ui,ui_ui_parse.c,MenuParse_style,,,untriaged,,
ui,ui_ui_parse.c,MenuParse_visible,,,untriaged,,
ui,ui_ui_parse.c,PC_Char_Parse,,,untriaged,,
ui,ui_ui_parse.c,PC_Color_Parse,,,untriaged,,
ui,ui_ui_parse.c,PC_Float_Parse,,,untriaged,,
ui,ui_ui_parse.c,PC_Int_Parse,,,untriaged,,
ui,ui_ui_parse.c,PC_Script_Parse,,,untriaged,,
ui,ui_ui_parse.c,PC_SourceError,,,untriaged,,
ui,ui_ui_parse.c,PC_SourceWarning,,,untriaged,,
ui,ui_ui_parse.c,PC_String_Parse,,,untriaged,,
ui,ui_ui_parse.c,PC_String_ParseNoAlloc,,,untriaged,,
ui,ui_ui_parse.c,PC_String_tolower,,,untriaged,,
ui,ui_ui_parse.c,PC_Vec_Parse,,,untriaged,,
ui,ui_ui_parse.c,Parse1DMatrix,,,untriaged,,
ui,ui_ui_parse.c,Parse2DMatrix,,,untriaged,,
ui,ui_ui_parse.c,Parse3DMatrix,,,untriaged,,
ui,ui_ui_parse.c,Rect_Parse,,,untriaged,,
ui,ui_ui_parse.c,String_Parse,,,untriaged,,
ui,ui_ui_parse.c,UI_ReadableSize,,,untriaged,,
ui,ui_ui_shared.c,BG_AddMagicAmmo,,,untriaged,,
ui,ui_ui_shared.c,BG_AddPathCorner,,,untriaged,,
ui,ui_ui_shared.c,BG_AddPredictableEventToPlayerstate,,,untriaged,,
ui,ui_ui_shared.c,BG_AddSplineControl,,,untriaged,,
ui,ui_ui_shared.c,BG_AddSplinePath,,,untriaged,,
ui,ui_ui_shared.c,BG_AkimboFireSequence,,,untriaged,,
ui,ui_ui_shared.c,BG_AkimboSidearm,,,untriaged,,
ui,ui_ui_shared.c,BG_BBoxCollision,,,untriaged,,
ui,ui_ui_shared.c,BG_BuildSplinePaths,,,untriaged,,
ui,ui_ui_shared.c,BG_CalculateSpline_r,,,untriaged,,
ui,ui_ui_shared.c,BG_CanItemBeGrabbed,,,untriaged,,
ui,ui_ui_shared.c,BG_CheckCharge,,,untriaged,,
ui,ui_ui_shared.c,BG_ClipVelocity,,,untriaged,,
ui,ui_ui_shared.c,BG_ComputeSegments,,,untriaged,,
ui,ui_ui_shared.c,BG_CreateRotationMatrix,,,untriaged,,
ui,ui_ui_shared.c,BG_DuplicateWeapon,,,untriaged,,
ui,ui_ui_shared.c,BG_EvaluateTrajectory,,,untriaged,,
ui,ui_ui_shared.c,BG_EvaluateTrajectoryDelta,,,untriaged,,
ui,ui_ui_shared.c,BG_FindAmmoForWeapon,,,untriaged,,
ui,ui_ui_shared.c,BG_FindClipForWeapon,,,untriaged,,
ui,ui_ui_shared.c,BG_FindItem,,,untriaged,,
ui,ui_ui_shared.c,BG_FindItemForClassName,,,untriaged,,
ui,ui_ui_shared.c,BG_FindItemForWeapon,,,untriaged,,
ui,ui_ui_shared.c,BG_Find_PathCorner,,,untriaged,,
ui,ui_ui_shared.c,BG_Find_Spline,,,untriaged,,
ui,ui_ui_shared.c,BG_FootstepForSurface,,,untriaged,,
ui,ui_ui_shared.c,BG_GetFromTable,,,untriaged,,
ui,ui_ui_shared.c,BG_GetLocationString,,,untriaged,,
ui,ui_ui_shared.c,BG_GetMarkDir,,,untriaged,,
ui,ui_ui_shared.c,BG_GetPrimaryWeaponForPlayerState,,,untriaged,,
ui,ui_ui_shared.c,BG_GetSplineData,,,untriaged,,
ui,ui_ui_shared.c,BG_GrenadeTypeForTeam,,,untriaged,,
ui,ui_ui_shared.c,BG_GrenadesForClass,,,untriaged,,
ui,ui_ui_shared.c,BG_InitLocations,,,untriaged,,
ui,ui_ui_shared.c,BG_IsAkimboSideArm,,,untriaged,,
ui,ui_ui_shared.c,BG_IsAkimboWeapon,,,untriaged,,
ui,ui_ui_shared.c,BG_IsScopedWeapon,,,untriaged,,
ui,ui_ui_shared.c,BG_LinearPathOrigin2,,,untriaged,,
ui,ui_ui_shared.c,BG_LoadCampaignSave,,,untriaged,,
ui,ui_ui_shared.c,BG_MaxAmmoForWeapon,,,untriaged,,
ui,ui_ui_shared.c,BG_PlayerStateToEntityState,,,untriaged,,
ui,ui_ui_shared.c,BG_PlayerTouchesItem,,,untriaged,,
ui,ui_ui_shared.c,BG_RaySphereIntersection,,,untriaged,,
ui,ui_ui_shared.c,BG_RotatePoint,,,untriaged,,
ui,ui_ui_shared.c,BG_SplineLength,,,untriaged,,
ui,ui_ui_shared.c,BG_StoreCampaignSave,,,untriaged,,
ui,ui_ui_shared.c,BG_TransposeMatrix,,,untriaged,,
ui,ui_ui_shared.c,BG_TraverseSpline,,,untriaged,,
ui,ui_ui_shared.c,BG_ValidStatWeapon,,,untriaged,,
ui,ui_ui_shared.c,BG_WeaponForMOD,,,untriaged,,
ui,ui_ui_shared.c,BG_WeaponInWolfMP,,,untriaged,,
ui,ui_ui_shared.c,BG_cleanName,,,untriaged,,
ui,ui_ui_shared.c,BG_isLightWeaponSupportingFastReload,,,untriaged,,
ui,ui_ui_shared.c,BG_setCrosshair,,,untriaged,,
ui,ui_ui_shared.c,BG_simpleWeaponState,,,untriaged,,
ui,ui_unknown.c,unk_func_00013cc0,,,untriaged,,
